תתעודדו ! לפחות תקבלו לגליזציה !	0.0
אם הייתה כבר לגליזציה ה סגר ה זה היה עובד ל אתם הרבה יותר טוב .	0.0
ה מרכז ל בקרת תחלואה בארה ב CDC מזהיר חולים מוחלשי חיסון מפני ה סכנות ש ב צריכת קנאביס עם עובש . נתונים חדשים ש הוא מפרסם מראים מדוע חשוב ש חולים אלו יצרכו רק קנאביס רפואי מפוקח , ש ריכוזי ה עובשים ב הוא נבדקו ב ה מעבדה ו עומדים ב רף מחמיר . פרטים	0.0
לבנון עשתה לגליזציה של גידול קנאביס לפני אנחנו . אני חוזר , לבנון השיגו את אנחנו .	0.0
אוגרים קנאביס לקראת הסגר עלייה ב מכירות ב טלגרם	0.0
קנאביס ב ה מרשם רופא , שיווק ישיר מ ה מפעל ל ה מטופל , סבסוד קנאביס ל ה מטופלים , ייצוא לחו ל , גידולי חוץ , סיבידי ו קנבינואידים נוספים חוקיים , העברת תחום ה טיפול ב קנאביס מ ה יק ר ל הסתדרות ה רופאים ו עוד נחשפה ה תכנית ל תיקון ה רפורמה . כל ה פרטים	0.0
אני ה יחיד ש נשאר ל הוא את ה דברים ה שחורים ה אלה ב סוף ה עישון ? ה קססה ה זו ש מצד אחד לא לגמרי שרופה אבל מ צד שני לא ממש חדשה ? ב ואו תשמעו רגע מה עושים עם זה AVB ו ייפ קנאביס ו ויד ירוק ו ויד	0.0
לגליזציה ב ישראל ב ה שנתיים ה קרובות	0.0
קנאביס חזק יותר לא בהכרח גם טוב יותר , אבל כן מדובר ב מדד מעניין ש הופך ב כל ה עולם ל ה תחרות מי ייצר זן חזק יותר . ל חנויות בישראל הגיע היום ה זן ה חזק ביותר ב ישראל , ו ב ה רשימה כאן זנים חזקים נוספים . תמונות ו פרטים	0.0
N חוקרים מ רמב ם קנאביס עשוי לסייע ל חולים קשים ב ה קורונה	0.0
רק גראס מחכה ל היות חוקי , הוא פותר כל בעיה רפואית , חברות ה תרופות יכולות לסגור את ה מפעלים של הם , זאת מתנה ש קיבלנו מ אלוהים , היא ש לנו , גם על ה צמח ה נדיב ה זה , מנסים להשתלט , תנו ל הוא לצמוח ב ה שקט	0.0
ל ה יצמן ה יקר . נראה ל אני ש זה בדיוק ה זמן להנפיק רשיונות קנאביס רפואי ל ה כולם .	0.0
זה אבסורד ש ביבי מואשם ב סיקור אוהד .. הוא ה אדם הכי מושמץ ב תקשורת ב ישראל אי פעם . זה כמו ש יאשימו את אני ש אני לא אוהב קנאביס טמטום נוסח ישראל	0.0
ב רגעים קשים אלו אני שמח ש קיים קבינט פיוס ש יוריד את ה להבות ו ימנע מלחמת אזרחים . אני גם שמח על כך ש ביבי ה בטיח לגליזציה של קנאביס מה ש יאפשר ל ה כולם ל היות טיפה יותר רגועים .	0.0
... סיום ה סכם ל ה מכ קנאביס בין תקונ ו פנאק , יאפשר ל ה תקונ לייעד שטחי גידול נוספים ל זני תיקון עולם TKUN...	0.0
הכי אהבתי את ה פוטושופ של בנין ה עיריה מואר כ דגל לבנון כש ה עץ מוחלף ב הוא ב עלה קנאביס כאילו זה אמור להעליב את אנחנו קנאביס	0.0
אגב אורלי לוי קיבלה עכשיו את ה רשות ל מלחמה ב ה סמים , כ חלק מ ה סמכויות של היא ב ה משרד ל חיזוק קהילתי , אולי היא תעשה לגליזציה חחחחחחחחחחחחחחחחחחחחחח	0.0
ה מחאה גוברת , לכן אין ספק ש בקרוב שוב נשמע על לגליזציה . עמי , ה אזרח ה קטן אני	0.0
אין אפילו סיבה אחת הגיונית לא לאשר עכשיו קנאביס רפואי ל ה כולם	0.0
היום ב ה שוק ה כרמל . נותנים כבוד . מזהים את אני ו מדברים .... הצטרפו חברים ש הכרתי ב מחאת ה עצמאים ו נפגעי קנאביס . קצת שינוי מ מה ש הרגשתי אמש ב כנסת עם ה מחנה ש לנו ... אני ב הלם . הרבה יותר אנשים עוצרים מ רצונם ו מזדהים . ה דגליםהשחוריםיחידיםחוזהחדש	0.0
אי הפללת צרכני קנביס . כבר יש תוצאות ב ה שטח	0.0
לגליזציה תחילה . ו אז ש יעשו ריבונות ו יקימו את ה מסעדה ל כל ה כל יכול מלבד להכין ל עצמו לאכול מצד אני .	0.0
ה חיפאים לא יודעים מה טוב , בתור חולת סרטן רק ל אני יש זכויות מינימליות ב ה מדינה , זה ה פתרון . תעשו כולם סרטן ו ילד לבד , ב יחד זה כמעט שכר מינימום מ בטל . כולם צריכים . ו כמובן קנאביס עד ה בית . בואו נשווה זכויות סרטן ל כל !	0.0
פייסבוק הזכיר ל אני ש אתמול לפני שנים הייתי ב אולימפיקו ב גמר גביע מילאן יובנטוס יושבת בקורבה בין אוהדי מילאן בתוך עננת גראס . איזה ערב נפלא . pic.twitter.com v RYxYimrq	0.0
לפחות תהיה לגליזציה של קנאביס . ביבי ה בטיח	0.0
משהו ש אי אפשר לחכות עם זה עד ה בוקר . מה עם שר ל ענייני לגליזציה ?	0.0
איזה עולם נפלא ש יותר קל להשיג קנאביס מביצים	0.0
שמן זרעי ענבים נוגדי חמצון , נוגדי דלקתיות , מעכבים הצטברות עודפת של טסיות דם , אנטי מיקרוביאלים ו מעכבי תהליכי הזדקנות זרעי ענבים דרך שמן קנאביס	0.0
אם כבר מדברים על לעשות לגליזציה ב אילת , למה לא גם ב קריית שממה ? ככה גם נוריד את כמות ה אבטלה ה סמויה של בלשים ב ה איזור ש יתעסקו ב גניבות חקלאיות של טובאנים ו לא ב להציק ל ה סטודנטים של תל חי ש ירדו לעשות שכטה ב ה נחל .	0.0
זכורה ל אני איזו הבטחת בחירות לגבי לגליזציה של קנאביס או ש אני מחוקה מ ה סמים ו הזיתי ?	0.0
גלעד ארדן עוזב את ה כנסת ו לא יהיה שר ב ה ממשלה ה באה . ב ה רוך ש פטרנו . ה צד ה בא לגליזציה של סמים קלים	0.0
שנים ש אנחנו מנסים להגיע אל הוא ו ה סאחי ה זה מארגן את הוא שיחה ב דקות . עולם אכזר Herzog תארגן משהו ב ה חייך	0.0
ה לוואי ש יגלו ש מה ש מונע מרפא קורונה זה גראס	0.0
פתאום נתקפתי כעס ו חוסר סבלנות נוראים ללא טריגר . מזל ש יש קנביס ש יווסת את אני כמו כן אני מעשן	0.0
שרים ו אפילו לא אחד ל ענייני לגליזציה . שתפו שכולם יראו את ה צביעות !	0.0
אמא של אני מה ה בעיה ב ה נענע ? זה עלים ירוקים זה טוב . אני ב תגובה גם גראס זה עלים ירוקים ו טוב מצפה מ אמא של אני לצעוק על אני או משהו אמא של אני פאקינג צוחקת	0.0
סובלים מ כאבים ? מה ה בעיה ?! מריחואנה , ל ה חיים ללא כאבים . פרסומת ב ה עולם מתוקן	0.0
נתניהו הודיע ל יו ר הכנסת ב כוונתי למנות את פייגלין ל שר כלכלי , את ברקת ל שר ה אוצר , את גדי יברקן ל שר ה קליטה , להחיל ריבונות ביו ש ו בקעת ה ירדן , לעשות לגליזציה ו למוטט את שלטון ה חמאס .	0.0
הנחתי את משרד ה בריאות לחלק מריחואנה חינם ל כולם .	0.0
ה לוואי ש באמת היה אפשא לייצר גראס מ דשא	0.0
טוגדר חברת ה קנאביס ה רפואי מזנקת היום בכ . לאחר דיווח על שת פ ל שיווק קנאביס ב ברזיל . ה שוק ה ברזילאי עצום ו גדול פי מ ה שוק ב ה ישראל ו יש ב היא מיליון משתמשים ב קנאביס רפואי , אומר נסים ברכה המנכ לשלא לדבר , על רבים מ שאר מיליון ה ברזילאים מעשנים קנאביס לא רפואי pic.twitter.com cuiY UBXb	0.0
יצא אח ! לכבוד יום ה קנאביס ה בינלאומי ש חל היום . מציע ח כ עידן רול ל חברי הכנסת ו ה ממשלה לתמוך ב הצעת חוק ל ה לגליזציה של קנאביס , זאת בין ה שאר כ פתרון ל ה משבר ה כלכלי ש נגרם עקב מגפת ה קורונה . ל ה סרטון ה מלא	0.0
ה משטרה פשטה על ה חוף כדי ללכוד גולשים ש הפרו את ה סגר ו ש היו עלולים לגרום ל הדבקה המונית של ה דגים ב ה ים . לא חבל על כל כוח ה אדם ה זה ? ב ה זמן ה זה הם יכלו לפשוט על בתים של משתמשי קנאביס תמימים pic.twitter.com ncOWEeHWFn	0.0
שאלה רצינית האם לפחות דבר אחד טוב יצא מ ה ממשלת שמאל ה זאת ? שאמיר אוחנה יהיה שר ה משטרה האם תיפסק סוף סוף ה רדיפה ה מוגזמת אחרי צרכני קנביס ו ניצול משאבי ה משטרה ל ה משימה ה מיותרת ו לא מועילה ה זאת ?	0.0
לא נשכח ו לא נסלח לגליזציה pic.twitter.com iC Afkj Ky	0.0
ב ה דיונים מ אתמול על אילת שאלו את אני על ה אפשרות להקים קזינו ב ה עיר , אבל עצם ה דיון ה זה שגוי . אם אנחנו מעוניינים ב בתי קזינו ב ישראל , צריכה להיות ה אפשרות להקים את הם ב כל מקום ש ב הוא ה יזמים ירצו , לאו דווקא ב עיר כ ה זו או אחרת . כך גם לגבי לגליזציה . הגבלת ה קזינו ל אילת איננה שונה מ סובסידיות .	0.0
מ ה יתרונות של לגליזציה ירידה ב מחירי ה וויד , הריסת ה שוק ה שחור של ה מריחואנה ב ה ארץ ו חיזוק ה כלכלה . מ ה חסרונות של לגליזציה אין	0.0
גם ה ליכוד ו גם כחול לבן פיזרו הבטחות ב ה חירות בנוגע ל קנביס ו מ כל ה שרים ש הם יכלו להמציא אין שר לגילזציה או אפילו ועדת קנביס ו לא בדקתי אבל מוכנה להתערב ש זה לא ב קווי ה יסוד	0.0
ל ה יצמן , עכשיו זה ה זמן להקציב ל כל ישראלי מריחואנה . כ נס מ סיבת עיתונאים pic.twitter.com ijGYjNlmoi	0.0
ח כ מירב כהן , תומכת לגליזציה , תהיה ה שרה ל שוויון חברתי . מ משלהירוקה	0.0
רק לגליזציה תפסיק את ה טירוף ה זה ראש ה ממשלה ה שר אמיר אוחנה תראו את ה שירשור ה זה twitter.com akibigman status	0.0
אפריה , ענקית קנאביס קנדית נוספת , תחל לשווק בקרוב את מוצריה ב ישראל , זאת לאחר ש חתמה על הסכם שיתוף פעולה בלעדי עם חברת ה קנאביס ה ישראלית קנדוק ב ראשות רה מ לשעבר אהוד ב רק . עוד פרטים	0.0
לפי ה תכניות ש הוצגו עד ה יום קנאביס ל ה מטופלים היה צריך ל היות מאושר , ש יקום עובדות זנות כבר היו הופך את הן קצינות ב צהל , זקנים מתים ב ה שנה היו ניצלים מ זיהומים ב ה מסדרונות , חאן אל אחמר היה מפונה ו נאום בר אילן היה קרה את היא , כסף לא היה עובר ל חמאס וגולדין ו שאול היו חוזרים , ה ספורט היה נקי	0.0
ה יתרונות ב עישון קנאביס זה ש אתה מסטול ו במאנצ ו בא ל אתה ה כל אבל אתה מסטול מדי בשביל לקום ו לאכול את כל ה מקרר	0.0
מ משלה נהדרת . נקווה ש תקום . ו הכי חשוב לגליזציה עכשיו .	0.0
זה ה איש ש קיבל כל במה אפשרית ב ה תקשורת , ב צורה חסרת פרופורציות ו תוך התעלמות מ ה עובדה ש הוא ארכי פשיסט גזען , רק בגלל ש אמר את מילת ה קסם קנאביס . אוהב את אתה מ לא אבל מתכוון גם אל אתה	0.0
לגליזציה זו לא דקרמינילזציה .	0.0
מ חקר ענק גילה קנביס זה כיף	0.0
ה הסכם ל הקמת ממשלת אחדות נחתם ו מביא עם הוא ב שורה גדולה ל תומכי ה לגליזציה ש מעולם לא היו קרובים יותר להגשים את חלומם . שני ה צדדים , נתניהו וגנץ , התחייבו כי יקדמו הסדרת שוק קנאביס חוקי ו למרות התנגדות מ פלגות קיצוניות סביר ש תמיכת ח כ ה ים ב ה אופוזיציה תספיק . פרטים	0.0
ב ה שקט מרחיבה חברת ה קנאביס ה ישראלית ה ותיקה IMC את פעילותה ב ה ארץ ו ב ה עולם . ב ה שבועות ה אחרונים קיבלה ה יתר יוצא דופן ל ייבוא טון קנאביס ל ה גרמניה , ו חתמה על ה סכם הפצת . טון קנאביס דרך סופר פארם ב ה ישראל . פרטים נוספים	0.0
תביאו את שלום חנוך ו את מ ירי אלוני ק ג מריחואנה מפעל בירה ו נפתח ו ודסטוק ב בלפור . ה בייבי ב ה ום ש הולך ל ה היות ב ה פלורנטין ב ה ינואר	0.0
משרד ה ביטחון דואג ל אני ל פרחים אורגניים משובחים , ו אני ה אחרון ש יכול להתלונן ! אבל עדיין , נכון יהיה לתת ל צרכני קנביס לגדל צמחים בגין היא חוקית ! עלי ה צמח , לא רק ה פרחים הם ל ה מאכל . גם ל ה חתולים ו כ ה לבים . מ ניסיון .	0.0
לגליזציה הופכת את כל ה סיפור ה זה ל מיותר ו תמזער את הוא עד כדי תעלים את הוא לחלוטין	0.0
קנאביס זה מוצר יסוד	0.0
תדעו ש סופר פארם משתפת מלאי קנאביס ב בתי מרקחת של היא ב ה טלגרם . twitter.com IRNq PmY	0.0
עוד ב שורה טובה יועז ה נדל , תומך לגליזציה , יכהן ב ועדת ה שרים ל ענייני חקיקה . ועדה זו היא כמובן ה שער ה בלעדי ל אישור הצעות חוק ב ישראל .	0.0
הצעת מדיניות סגר ל שנה , לגליזציה של כל ה סמים , כולם ב עצם ב ריטריט כפוי עם סמים , אחרי שנה הארה המונית , אבולוציה חברתית ו שלום עולמי !	0.0
התחתנתי ב ה גיל , נהייתי אבא ב ה גיל , התברגנתי ל ה מקסימום ו מ אז ש התחלתי לגדל עציץ קנביס אני יושב ליד הוא לפחות שעה ב יום ומסתכל איך ה רוח מ שתובבת בין עליו ה בריאים ו מרגיש בשל ל ה פנסיה	0.0
הגיע ה זמן ל ה לגליזציה של קנאביס ל אנשים בוגרים פרופ קרסו	0.0
שמח לראות ש ה ממשלה מקדמת לגליזציה pic.twitter.com kySzhsQjG	0.0
ל מי ש חלם שתהיה לגליזציה כל עוד ה חרדיםדתיים שונות יהיו חלק מ ה קואליציה ה עתידית זה לא יקרה . הם ב ה חיים לא יתנו ל זה קצה של ידית , ו אם כן זה יהיה ב ה מחיר זה ש הכל יהיה ב שליטת ה מדינה ו ב ה מחיר מופקע הרי חייבים להכניס את ה רבנות ב דלת ה אחורית כי יש שם כסף . , ש תהיה סגורה ב ה שבת . עפ י חוק .	0.0
ח כ שלמה קרעי לשאלה האם הוא בעד או נגד לגליזציה זה לא נושא ש רלוונטי אל אני . אז בדקנו karhi ו מסתבר ש לגליזציה ב גימטריה זה לפי ה הלכה ו גם ייטב ב עיניו . שקול שוב !	0.0
חוקרים מ רמב ם קנאביס עשוי לסייע ל חולים קשים ב ה קורונה pic.twitter.com erga uv cu	0.0
קחו תכנית בישול הכי ב ייסיק , הוסיפו קנביס ו זכיתם ב תשומת לבי ה בלתי מעורערת ! מריירת קשות ו מתה מקנאה על זמינות חמרי ה גלם , על ה דרך ה קלה , ה נוחה ו ה טעימה לצרוך טיהייצ סי בלי להציק ל ריאות , מתבאסת ש ה שפע ה זה כה רחוק ו בלתי ניתן ל השגה , ה פומו הכי פראי אי פעם CookedwithCannabis בנקהורדות	0.0
זהות לגליזציה זה רעיון טוב , יאללה לשחרר את ה צמח לגליזציה	0.0
קנאביס טוב בשביל כל דבר כמעט פטריות מדהימות נגד דיכאון , פוסט טראומה ו עוד בעיות נפשיות קשות , גם MDMA ו עוד לא מעט סמים .... תקראו , תלמדו ו תתמסטלו ב ה אחריות	0.0
מ אז ש אני מחלק ל אני את ה צריכת קנביס ל קצת במשך על ה יום במקום להתמסטל ממש ב ה ערב לפני ה שינה אני ב מצב הרבה יותר טוב . אני ממש שוקל להפסיק תקופה עם ה כדורים כדי להעזר רק ב ה קנביס . מישהו ניסה ?	0.0
אתם מבינים למה צריך לגליזציה ? אנשים ימשיכו ל עשן חומר מרוסס ו יגמרו כמו פייגלין	0.0
ה ממשלה ה חיה ב ה סרט ש ל אנחנו תאשר ל ה אנשים ל פגוש חברים . לא פלא ש אין ו לא תהיה לגליזציה . בטח הם מפחדים ש אם יעשו את ה וויד חוקי אז אנשים יעשנו .	0.0
FDA הודיע כי יאפשר ל ה רופאים לרשום את ה תרופה אפידיולקס של חברת ה תרופות ה בריטית GW ה מכילה את מולקולת ה קנאביס CBD גם עבור חולים ש סובלים מ ה תסמונת ה גנטית טוברוס סקלרוזיס . פרטים נוספים	0.0
ב ה מקום להקים קבינט פיוס לאומי הרבה יותר פשוט לעשות לגליזציה ....	0.0
ה רעיון של מוסף ימים של ידיעות היה נחמד . לקיים משאל בין ה חכים על ל יגליזציה של מריחואנה . כמה מנתשובות היו מעניינות , אבל ה כישלון היה ב כך ש חכים לא השיבו כלל ו לכן ה ממצאים אינם משקפים דבר ו ל מסקנות אין ערך . היו צריכים לעכב ה פרסום עד ל ה איסוף תשובות מ עוד ח כ ים ל ה פחות .	0.0
אני יזמת קנאביס ו ב ה ידיים של אני יושב ה מפתח לגליזציה ...... ה בעיה היא ש אני סטלנית בצורה הכי מזוקקת ש יש , ככה ש לוקח ל אני טונה זמן לארגן ל אתם לגליזציה ..... את אתם ה סליחה לגליזציה	0.0
שמעו אנחנו צריכים לצאת ל ה רחובות , עד ש תהיה לגליזציה . תדמיינו ש עכשיו יכלתם ללחוץ על כפתורים ב ה טלפון , היה יורד ל אתם שקל מ ה אשראי , ו חצי שעה אחרי זה היה מגיע אל אתם שליח עם גרם . בלי להתעסק עם מזומן ו ב מחירים נורמלים . אין שום סיבה ש זה לא יקרה , חוץ מ אטימות של מקבלי ה החלטות .	0.0
ח כ מיכאל ביטון , שר ל ה עתיד ב משרד ה ביטחון כ חול לבן , מסר ל מגזין קנאביס כי יתמוך ב הצעת חוק ל ה לגליזציה ב ישראל ב הסדרה מדודה ו זהירה ל דבריו	0.0
אחרי ש כל ה עסק ה זה ייגמר , ה דבר ה ראשון שיקרה ב ה עולם זה לגליזציה גלובאלית . כל מקום צריך תעשייה ש צומחת ב ה מהירות , ש תמיד יש ל היא ביקוש ב ה כדי להניע שווקים מתים . רעיון לא כ ה זה רע , לא ?	0.0
פייגלין כבר שר ? שואל בשביל חבר ש כולם הבטיחו ל הוא לגליזציה .	0.0
ה הצעה ש לנו לגליזציה ב אילת פיילוט ש ייכנס ל תוקף מיידית ו יהפוך את אילת ל יעד תיירותי בינלאומי . זורם ? pic.twitter.com L csAMMYEp	0.0
מדובר ב צעד משמעותי ל ה יצואנים ו ל ה תעשייה ה ישראלית , ש תאפשר גם הרחבת אפשרויות ה ייצוא ב ה ענף ו גם הגדלת ה תעסוקה ו העסקת עובדים חדשים ב ה תחום , במיוחד לאור ה ביקוש ה רב ב ה עולם ל מוצרי קנאביס רפואי מ ישראל	0.0
גם באילינוי אפשר לעשן כבר גראס כמו בני אדם , מדכא לחשוב כמה אנחנו תקועים פה .	0.0
אם ימינה לא תהיה ב ה ממשלה ו ה ממשלה תעשה לגליזציה זו תהיה ה ממשלה ה טובה ב ה תולדות	0.0
זה יקרה מיד אחרי ש פייגלין ימונה ל ה שר ל ענייני קנאביס רפואי . ממש יום לאחר מ כן	0.0
מכירים את זה ש ב ה חי בילה של גראס , יש איזה גבעול ב ה עובי של גזע עץ באובב , ש עוקר את ה שיניים של ה גריינדר ו אחר כך מעשנים קצת פלסטיק ? מכירים ??? אהה ???	0.0
קאנומד הסכם נוסף ל ייצוא קנאביס ל ה גרמניה ב היקף של כ מיליון אירו	0.0
ב יומו ה אחרון ב ה תפקיד מפרסם שר ה כלכלה את ה צו ה סופי ל ייצוא קנאביס מישראל , אך ה היתר ב ה פועל עדיין נמצא בידי משרד ה בריאות ש מתעכב בגלל סיבות מרכזיות . אם זה לא יקרה במהרה ה ענף יקרוס , אין סיבה לעכב מנוע כלכלי עצום כ ה זה , טוענים ב ה תעשייה . ל ה פרטים	0.0
פעם נלחמו על ה שיח ה ציבורי תלשו פרח פה ו שם רמסו קצת ו עקרו כמה ה יום נלחמים על עץ ה חיים על קן ה נחשים על כף ה מאזניים על כד ה רגשות על כף נקיה ב ה ספטאלסקראב אם רק היו משאירים את ה שיח ו נותנים ל הוא לגליזציה הרבה היה אחרת	0.0
שמעתי ש עושים לגליזציה ל ה מריחואנה .. ב ה אמת הגיע ה זמן ! זה יקל גם כאבים נפשיים , גופניים , ו יוזיל את ה חומר .. אגב יוזיל מה עם ל גליציה ל ה טבק ?	0.0
ה עם רוצה מריחואנה !	0.0
אמיר אוחנה ה שר ל בטחון פנים ? אפשר לשתול עציצי קנאביס	0.0
וירוס COVID אילץ מיליוני אנשים להיכנס ל מצב ה סגר ב ביתם בידוד . זהו אירוע מלחיץ , ו איננו יכולים להתפשר על בריאותינו ה נפשית . אנו , ה אנשים , דורשים ש תינתן ל אנחנו ה זכות לגדל קנאביס ב ה ביתינו ו ה זכות להשתמש ב הוא ל הורדת ה לחץ ה נלווה ל ה מצבינו ה נוכחי . אנא חתמו על ה עצומה	0.0
לא צחוק , ה מדינה צריכה לחלק ל כ ו ל ם גראס רפואי . אחרת נמצא את עצמנו קוברים מתאבדים כ תוצאה מ ה משבר ה כלכלי	0.0
לגליזציה תעזור גם פה .	0.0
סקר חדש של מכון ה מחקר מראה כי רוב מוחלט מ תושבי מדינות ארה ב ש התירו שימוש חוקי ב ה קנאביס לגליזציה מרוצים מ תוצאות ה מהלך ו מגדירים את הוא כ הצלחה ל טיפולכם pic.twitter.com cOnq RsCn	0.0
התקלחתי ו פשוט נשארתי ערום מול ה מאוורר חם ל אני !!! אני לא יכול לחשוב על משהו אחר חוץ מ זה ש חםםםםםם ו אני לא ארגע עד .... אוווווו קנביס	0.0
ב סוף ממשלת ה אחדות היא לא כל כך גרועה , אנחנו כבר עם לגליזציה חלקית ו תיקון ל חוק ה פונדקאות ב ה דרך אבל הכי קל לצעוק מ ה יציע .	0.0
דרך אגב , לא ברור ל אני איך טראמפ עוד לא עשה לגליזציה ל ה קנאביס בארה ב . כל מה ש דרוש זה ל הורות ל FDA להוציא את ה קנאביס מ רשימת ה סמים ה מסוכנים . הוא לא צריך את ה קונגרס ב שביל זה . זה ה צעד הכי קל ו פופוליסטי ש הוא יכול לעשות , ש ייתן ל הוא המון תמיכה לקראת ה בחירות ב ה נובמבר .	0.0
קנאביס רפואי ל ה טיפול ב אנדומטריוזיס ... דר את אתה	0.0
הורים יקרים , לפני ש אתם נכנסים ל היסטריה אחרי ש גיליתם ש ה ילד ש ל אתם מעשן קנאביס , זיכרו שאתם דוחפים ל הוא קוק ואמפטמינים ב המלצת רופא ה משפחה .	0.0
חוקרים מ רמב ם קנאביס עשוי לסייע ל חולים קשים ב ה קורונה .	0.0
ענף ה מסעדנות ב ה קריסה . ב ה אמת קריסה הפעם . מציע לאפשר ל ה הם ל מכור קנאביס .	0.0
קנאביס ו CBD ל בריאות ה גוף ו ה נפש מדריך חיוני ל שימוש ב ה תרופה ש קיבלנו מ ה טבע כדי להקל על מתח נפשי , חרדה , כ אב כ רוני ו עוד	0.0
תקשיבו , יש פה הזדמנות נדירה להשתמש ל ה טובה ב מסורות ה יהודיסטיות לדרוש לגליזציה ב שם חופש ה דת	0.0
לגליזציה של מריחואנה	0.0
יולי אדלשטיין , תפרסמו את מספר ה מבריאים מקורונה כי כמעט כולם מבריאים , מלבד ה חולים מ מחלות אחרות . גל שני של ה סטריה מ יותרת . ב ישראל אין קורונה . לא מכירה אפילו אחד שחלה או חולה . אם אפשר אירועים עם איש . אפשר גם תפילות בתי כנסת . השתגעתם ?! קחו קנאביס ו תרגיעו . בורא עולם שולט כאן לא אתם !	0.0
חדשות טובות ! , מטופלי קנאביס יוכלו לקבל כעת מרשמים מ רופאים מומחים במקום רישיונות מ משרד ה בריאות . ב ה שנים ה אחרונות מחירי ה קנאביס ה רפואי זינקו מ ש ח ב ה חודש , ללא הגבלת כמות , ל , ש ח ב חודש לפי ה כמות . ב מסגרת ה רפורמה , מטופלי ה קנאביס יקבלו סבסוד .	0.0
ח כ יואב קיש , תומך לגליזציה מובהק , יהיה סגן שר ה בריאות ה בא . מ משלהירוקה	0.0
ה ממשל ש יקר כדי להפחיד . אז ה ציבור גילה את ה שקר ו לא מאמין ל מילה נוספת . ה קורונה ו הפללת צרכני קנאביס את היא שיטה , את הוא כישלון	0.0
ב היעדר מנועי צמיחה ב ה תוכנית ה כלכלית מודל . האם דווקא עכשיו זה ה זמן לקדם לגליזציה ? מחשבות . יתרון יחסי ב פריון חקלאי , שימוש נרחב ב ה חממות ב ה חקלאות ה מקומית , זמן גידול מהיר יחסית ו ידע מקומי קיים יכולים להפוך את תהליך ה הסבה ל קצר ו זול יחסית .	0.0
ה בעיות ה קשות ב ה ישראל ש אפשר לעשות משהו כדי לקדם ל הן פיתרון , לפי סדר חשיבות . . משפט של ראש ממשלה מ כהן על חשד ב שוחד מרמה ו הפרת אמונים . . ש אין לגליזציה של קנאביס ו מוצריו . . קריסה כלכלית של אנשים בגלל ה קורונה . שאר ה דברים אין ממש הרבה מה לעשות	0.0
כש ניסחו את ה חוק ה זה ב מאי קבעו ב ה תחילה ש ה קנס יהיה ש ח ב ה פעם ה ראשונה ו ש ח ב ה פעם ה שנייה ש זה פחות מ ה קנסות ש נקבעו ב ה חוק קנסות ה קנאביס של ארדן . פנינו אז אל שרת ה משפטים דאז שקד ב שאלה האם זה אומר ש היא חושבת ש צריכת זנות חמורה פחות מ צריכת קנאביס . אז הכפילו .	0.0
ה תיקונים ב רפורמת ה קנאביס ה רפואי עליהם עמל סגן שר ה בריאות יואב קיש מ אז נכנס ל תפקידו , יוצגו ב יום רביעי ב ב וועדת ה עבודה , ה רווחה ו ה בריאות של ה כנסת .	0.0
ה בעיה עם זה ש כל ה ילדים ב בית זה ש אי אפשר לעשן קנביס רפואי בלי ש איזה ילד ישאל אמא , מה זה ה ריח ה זה ? . מ שמועות אני יודעת	0.0
Standing in line to see the show tonight כל כך מתגעגע להיות ב הופעת רוק , ענן עדין של גראס סביב אני , לאבד את זה ב חברת זרים .	0.0
אתם חושבים ש ה קורונה נרגעה מספיק כדי ש נדבר שוב על קנביס רפואי ? אז נזכיר ש יש אנשים חולים מאוד ש ממשיכים ל ה שלם ו גם ש ח מדי חודש ל קנביס כדי להרגיש קצת יותר טוב . חולי סרטן . ילדים עם אוטיזם . מ חלות מעי דלקתיות ... ש ח הפכו ל ש ח ב ה רפורמה , ו הבטחות ל ה תיקון נזרקו ל ה פח	0.0
די אירוני ש מחלקים סמים ב מחאות ב בלפור כש ה דבר ה טוב ה יחיד ש יצא מ ה ממשלה ה זאת זה לגליזציה	0.0
מסעדנים ... x BgFqGr מציע לבקש ש יאשרו ל אתם למכור קנאביס , ב סגנון אמסטרדם . תרוויחו הרבה יותר ו אז אולי גם ה אוכל יעלה פחות .	0.0
לגליזציה עכשיו ו ב תמיכת ה מפלגות ה חרדיות ! pic.twitter.com DLhrCNpCOJ	0.0
ה פסיכאטרית של אני לא ממליצה על קנביס , זה יכול להפוך את אתה אדיש ו לא חברתי גם ה פסיכיאטרית של אני קח כדורים ש הופכים את אתה ל אדיש ו לא חברתי	0.0
מתי מגיע ה שלב ש משרד ה בריאות מאשר ל כל ה הורים קנאביס רפואי ?? מקווה מאוד ש ב ה שעה ה קרובה	0.0
ב ה מהדורה של News מדווחים על עליה ב צריכת קנאביס בעקבות ה קורונה . ה קנאביס כאן ו הוא לא הולך להיעלם . ה צריכה רק תגדל . הגיע ה זמן ל ה לגליזציה ש תאפשר ה סדרה ו פיקוח על ה תחום ל טובת ה צרכנים ו ה מדינה .	0.0
מחשבות של לילה , מה קורה עם חולים צורכי קנאביס ? מה מונע מ ה ליכוד ו כ חול לבן ימינה ו כו לבצע עכשיו ל ה יגלזיציה ל ה חולים , ש על היא כולם הצהירו ש הם מסכימים ? איך זה ש אף אחד בכלל לא דיבר מדבר על זה ? הרי מעבר ל ה עזרה ה מטורפת ל חולים , צעד כ ה זה יגרור ב וודאות תמיכה מ כל סוגי ה אוכלוסייה .	0.0
ראש חודש שמח ל ה כולם . א בסיון , יום ראשון . הרגשה נעימה מציפה את אני ב ה חזה , ה שמש אט אט שוקעת , עננת עשן של גראס עטה על אני , ה חיים טובים .	0.0
אתם מטופלים ב ה קנאביס יש ל אתם חברת קנאביס או בית מרקחת ש מוכר קנאביס ה כתבה ה זו עשויה לעניין את אתם	0.0
ב ענף ה קנאביס ה ישראלי קיבלו בשמחה את ה בשורה על ה תיקונים ה צפויים ב רפורמת ה קנאביס ה רפואי , כפי ש נחשפו אתמול ב מגזין קנאביס , אך יש גם מי ש חושב ש שכחו להתייחס ל סוגיות מהותיות נוספות ש גרמו מלכתחילה ל ה בעיות ב ה תעשייה , ו יש כאלה לפחות כאן	0.0
אם הייתי שרת ה בריאות הייתי מחלקת ל כל ה אזרחים מריחואנה רפואית ו ציפרלקס בחינם ע כ ש י ו	0.0
רוב ב ה ציבור בעד ש חבר כנסת נאשם לא יקבל מנדט הרכבה ב ה עד תחב צ ב ה שבת בעד נישואין אזרחיים בעד לגליזציה של קנאביס בעד שיוויון ללהט ב בעד חוק יסוד ה שיווין בעד פתרון שתי מדינות או נגד מדינה אחת בני גנץ , ממש את רצון ה רוב ש בחר ב אתה . ה עבר חוקים אלו , במקום לנסות ו להקים ממשלת אחדות עם ה נאשם .	0.0
ה כלב קיבל תוסף עם מיצוי שמן קנביס . אחלה .	0.0
מתי ה אנשים שם ב ה ממשלה יבינו ש גם אם הם רוצים ו גם אם לא אנשים ימשיכו לצרוך וויד ב ה כמויות . עדיף לפחות ש זה יהיה מפוקח ו לא פרוץ כמו ש זה כרגע ב טלגראס . לגליזציה עכשיו !	0.0
פשוט מ טורף . זאת ה סיבה ש כל עוד לא משנים את ה חוק ב ספר ה חוקים , כל רפורמות ה אי הפללה ב רמת ה ממשלה או ה משטרה לא שוות כ ה לום . ב סופו של דבר , אם קנאביס נחשב סם מסוכן כל ה שרשרת ב ה סיכון . מ ה מגדלים ו ה סוחרים ו עד אחרון ה סטודנטים ש עישן פעם שאכטה .	0.0
במקום מעצמת ייצוא קנאביס רפואי , נהיינו מעצמת ייבוא . כמה פוטנציאל יש כאן ! איך אנחנו תמיד מצליחים להרוס כל דבר טוב ??? חבל חבל חבל .	0.0
תתעוררו ! ב רק מתחת ל אפינו שולט ב שוק ה קנאביס ב ה ארץ ו עושה מ יליירדים ! ב ה רשות ב רק חוות קנאביס מ יתוך קיימות עלות חווה מ ליון גודלה דונם חולים היו משלמים שח ל גר היום הם משלמים ל ברק ממוצע ל גר בודדים ! ה רווח של ברק פי ! ה מימון הגיע מ אפשטיין סרסרות ב ה קטינות צדק ?! pic.twitter.com gMxFcQbok	0.0
משפט ש שמעתי היום ו קשה ל אני לשמור את הוא רק ל עצמי קבלתי קנאביס , אבל ה רופא לא ידע להסביר ל אני איך משתמשים ב ה זה	0.0
ה רב אשר זנזורי קובע כי עישון קנאביס מותר ב ה שבת כאשר מדובר ב עישון ל ה צורך ה קלה על כאבים ו כאשר צורות מתן אחרות כגון שמן או עוגיה אינן חזקות מספיק . זה פיקוח נפש , הוא מסביר , גם כאב מסכן חיי אדם . ל ה פרטים	0.0
עשנו קנאביס , זו ערובה ל הצלחה pic.twitter.com ooTvJbK	0.0
ל ה יצמן ב תגובה תנו ל אני קנאביס	0.0
סיבה ל ה אופטימיות ? אם חוק ה פיקדון אינו חוקתי , הפללת צרכני קנאביס בודאי אינה חוקתית . בעוד חודש ו חצי דיון ראשון ב ה בג ץ ה לגליזציה .	0.0
לאור ה דיון ה יום ב בג צ שמענו את נציגי ה ממשלה ה עתידית מ דברים המון על רצון ה בוחר . יש נושא אחד ש הוא בבירור רצון ה בוחר לגליזציה ל קנאביס . שתי ה מפלגות ש נציגיהם יעמדו ב ראשות ה ממשלה הבטיחו ל קדם זאת , רוב ה מפלגות ב ה כנסת הביעו ב כך תמיכה האם הם יממשו את רצון ה בוחר ? לצערי אני פסימי בקשר ל כך	0.0
אין ל אני יכולת אפילו להסביר כמה אני צוחק כש אני מקבל הודעות דוברות של ה משטרה ש חוגגת תפיסה של כמה שתילי קנאביס ב בית פרטי כאילו היא מיגרה את ה פשע ה מאורגן . ארגון ש חזק על חלשים ו חלש על חזקים	0.0
כמה אני נואש ל סמים ? פייק בטוויטר ש מעולם לא פגשתי הציע לתת ל אני בחינם עט ל אידוי שמן ו השאיר את הוא מתחת ל ה רכב בפ ת . הלכתי לקחת את הוא . חיכיתי שבוע עד ש השתמשתי ב הוא ו שרדתי כדי לספר ל אתם ש היה מדהים ו ש עכשיו אני מכור ל שמן קנאביס .	0.0
לכבוד יום ה קנאביס ה בינלאומי ש חל היום . מציע ח כ עידן רול ל חברי הכנסת ו ה ממשלה לתמוך ב הצעת חוק ל ה לגליזציה של קנאביס , זאת בין ה שאר כ פתרון ל ה משבר ה כלכלי ש נגרם עקב מגפת ה קורונה . ל ה סרטון ה מלא	0.0
קיבלתי את ה רשיון ה חדש של אני העלאת מינון . ב רוך ה שד קנביס לא יחסר ל אני ב ה זמן ה זה . דאגה אחת פחות .	0.0
אמן ביבי עומד ב ה מילה של הוא ו מאשר לגליזציה	0.0
מתי לגליזציה ?	0.0
רגע אז עכשיו תהיה לגליזציה נכון ?	0.0
תתעדו את עצמכם כ כל האפשר , כי ה שאלה ה עיקרית ש תעסיק את ה היסטוריונים עוד שנה זה ל מה הם התעסקו ב החלפת יו ר הכנסת כשמה ש הם באמת היו צריכים זה לגליזציה ל קנאביס .	0.0
לדעתי ה טיעון ש קנאביס זה סם מעבר הוא טיעון בעד קנאביס ו לא נגד	0.0
לקראת ה משבר ה כלכלי נזכיר לגליזציה שווה כ מיליארד ש ח ב שנה ל קופת ה מדינה אלפי מקומות עבודה חדשים	0.0
אגב ה סיפור עם טחינת אל ארז לפני כמה שנים ? , ראיתי תמונה של איימן עוד היא עורך סיור VIP ל חברה ה טובה ביותר של פרחאן פה ב ה ארץ את הוא פרחאן שטוען ש טרנסג נדריזם זאת מזימה יהודית כנגד שחורים ו נובעת מ זיהום של מריחואנה כדי ל נייש גברים שחורים . ספרו ל אני שוב כמה ה שמאל בעד אני .	0.0
ל ה יצמן ב תגובה רק קנאביס עוזר	0.0
ח כ יזהר שי , שר ה מדע ו ה טכנולוגיה ה חדש כ חול לבן , מסר ל מגזין קנאביס כי יתמוך ב הצעת חוק ל ה לגליזציה ב ה ישראל	0.0
מסקרן ב איזה תחנה מספקים מ ה חומר ה זה . לגליזציה עכשיו !	0.0
אם כבר גל שני אז למה לא לגליזציה ?	0.0
ב ה דיוק נזכרתי ב ה חוק ה קנאביס ש כללל ה מפלגות הבטיחו להעביר . ו ב ה שר ש הבטיח ל בטל רישום פלילי ב עבירות קנאביס .	0.0
אני נגד לגליזציה כי זה לא חוקי	1.0
מפגיני בלפור רובם נרקומנים ו עבריינים ה הוכחה ל כך לפני אתם ה אגודה ל זכויות ה אזרח , את הוא צירפה ה קרן ה חדשה ל ה פוסט , נכתב בין ה יתר אז איך להתכונן ל ה הפגנה ? חשוב ל אנחנו ש תכיר י כמה כללי אצבע . בין ה יתר המליצו ב ה פוסט ש לא להביא ל הפגנה קנאביס , אולר ו סכינים	1.0
לגליזציה ו סמים יביאו ל הרס ה חברה של אנחנו ! תפסיקו ל דלקם ססמאות ו תחשבו קצת עם ה ראש ! ה סכנה הכי גדולה ל ה חברה ש לנו היא אשרור מ כירת מריחואנה ו גראס .	1.0
יש ל אני ראדר ל ה אנשים חלקקים ו ערמומיים בני זונות מ לחכי פניכה שרמוטות פרחות ערסים מ עשני גראס מ עשני נרגילות ו סתם מ נאייק יושבי מדרגות .	1.0
אני מתערב את אתם ש אם ו כאשר תאושר ה לגליזציה , תהיה עלייה דראסטית ב רמת ה פשיעה ב ה ארץ .	1.0
סוחרי ה זרעי קנאביס ב טלגרם מטומטמים ב ה דיוק כמו סוחרי ה ירוק אם לא יותר pic.twitter.com jjg FkmKJt	1.0
הם לא ה רוב הם לא ה ריבון מדובר ב סך ה כל ב ה חבורה של מעשני קנאביס ממורמרים ש נגמר ל הם ה חומר ב ה תוספת של אנשי שמאל רדיקאלים שונאי ביבי ה הפגנה ה זאת נראת כמו ב ורדל אחד גדול ו כנראה לא תגיע רחוק	1.0
דורון ידיד . תיפלוש ל ה וילה של נוני עם צו שופט . יש ל הוא כמות מסחרית של גראס ב ה כספת	1.0
הי אזרחי ישראל חבורה של חייזרים מובטלים חובבי גראס ו מימון זר אתם מצחיקים את ביבי ו את ה בן של הוא ! יושבים ב ה בית מריצים על אתם דאחקות ! אתם יודעים למה נכון ?!?	1.0
נחשפה חממה ל גידול קנאביס ב ה שטח מיוער סמוך ל יישוב זרעית קטין ו ב ה גיר תושבי ה כפר עראמשה נעצרו	1.0
ה נאשם הצליח לממש את ה תוכניות של הוא עד עכשיו ב אופן חלקי , כן הצליח לקבל מ ביה מ ה כשר ל כהן כר מ , ו הצליח לדחות את ה משפט ב חצי שנה . לא הצליח לדחות את ה דיון ה שני , להשיג ל ה התגברות . עכשיו ה נאשם ב ה בעיה נשאר ל הוא עד סוף אוגוסט לצאת ל בחירות בזק , ו ביחד עם ה שולמנים לגליזציה יפעת ביטון	1.0
ניצן הורוביץ את יישום ה חוק ל הפללת צרכני קנאביס	1.0
מעניין , מתי תבא ה דרישה , לפתוח ב אסטות של מריחואנה ב מוקדי ה הפגנות ? גם דמוקרטי . גם חופש ה עיסוק . גם ב יזנס טוב חשוב מאוד ב ימי ה קורונה . pic.twitter.com f geRHBMsI	1.0
וואלק יא אבו אבנר ה יקר מ רוב ש ה מצב של ה עם קשה , ו ה עבודה מדאיגה ו אין איך להכניס פרנסה , רק אם נמכור קנאביס , חס ו חלילה ש לא תחשוב ש אני מעודד אנשים ל מכור או להשתמש ב ה קנאביס , כל אחד ש יעשה מה ש טוב ל הוא לראש , הרי אם נעשן ככה ה בעיות יעלמו ל כמה רגעים ... ו אחד תלאתי	1.0
כאן תינוק בן שנה פונה ל בית ה חולים הדסה הר ה צופים ב ירושלים כש הוא סובל מ אפטיות . ב גופו התגלו שאריות סם מ סוג מריחואנה	1.0
מריחואנה חוקית אבל להסתפר לא תוכלו . אחרי שנה ה היפים ניצחו .	1.0
לא מבין למה דחוף ל ה נכים קנאביס רפואי , תחכו שנה שנתיים ו תהפכו ל ה צמח	1.0
לגליזציה מלאה , תעלה את ה מחירים ב ה טירוף . מסתפקים ב ה אי ה פללה	1.0
ה סדר מקל ביותר ל חייל סדיר ש נתפס סוחר ב ה סם מ סוג קנאביס חייל ה משרת שירות סדיר בצה ל , נתפס ב רכבו עם גרם של קנאביס מחולק ל שקיות ו נעצר ב ה חשד ל ה סחר ב סמים . ב עקבות י ... pic.twitter.com LCM RMViVO	1.0
הייתי צריך לעשות unfollow ל חבר הודי ב ה פייסבוק כי הוא כל ה יום מעלה פוסטים כועסים של לגליזציה ו אני התפתה את היא לשתף בגלל יצר ה הרס ה עצמי של ה פיד	1.0
ו גם השבוע ה זוכה ב פינת שר ב ה ממשלה ממליץ לצרוך סמים ו מתנגד במקביל ל לגליזציה של קנאביס . twitter.com R PU k Y	1.0
קרן ו קסנר העבירו לאהוד ברח . מליון אהוד ברח אומר ה כסף ה ל אתה ל מחקר יש ל מישהו איזה רעיון או מחשבה על איזה מחקר הוא שרף . מ ליון ? מחקרים טובים עושים היום אולי אפסטיין ? אולי שם יד על איזה מישלוח של קילו של קנאביס ? אולי ...	1.0
קנאביס רפואי ינתן ב מרשם רפואי ו לא ב ה רישיון משה ב . נחמד . אבל שם לא ה כשל ה עיקרי . ה כשל נותר ה מחיר ה בלתי סביר ש חולים קשים צריכים לשלם מדי חודש . אל תתעסקו ב ה תפל . טפלו מיידית כך ש חולה סרטן גרורתי לא יצטרך לשלם שח מ כיסו מדי חודש.כפי ש הובטח לפני שנה ..!	1.0
ראם של לפני ו שנה היה ממש מתבאס על ראם ש הקליט את ה פרק ה זה של גיקונומי נראה ל אני . פעם הייתי מגן ב כל הזדמנות על קנאביס ו ה שימוש ב הוא . ב ה פרק ה זה עם פרופ ש אולי לב רן , הגעתי ב ה גישה ה רבה יותר מפוכחת ו עם ה הבנה ש יש המון מכורים מ שלל סוגים בין אנחנו .	1.0
ב ה שבוע ה בא צריכת נשים תוגדר ב ה ישראל כ ה חמורה מעט פחות מ צריכת קנאביס	1.0
מתי אז ה ביביסטים עושים קמפיין נגד לגליזציה של קנאביס כ חלק מ ה קטע של ה מפגינים מסוממים זה מה ש לגליזציה תעשההה	1.0
ב ה פשטות , ארגון אחריות לאומית מארגן הפגנות שמאל . לא ב ה מקרה ב ראשות ה רקוב ש יש ל הוא חלק ב גידול שיווק ו הפצה של גראס רפואי . ה הוצאות רבות ו חייבים לכסות עלות של פעילים ו דגלים שחורים . מה גם ש חשוב להגדיל את נפח ה פעילים ו בלי שימוש ב ה חומר מטשטש , קשה מאד עד בלתי אפשרי להפיץ את האג נדה ה פאתטית של הוא .	1.0
ממליץ לא להשתמש ב ה קנביס ל מעט חולים . בארה ב נאסר פרסום על קנביס ו קנבידיול ל טיפול ב קורונה . ב כל מקרה כללי זהירות ב ה אתר	1.0
טוב אחי בחרת לא ל ה היות שר ב ה ממשלה מישהו מפקח על כמה קנביס בוא צורך ?	1.0
קצת על קנאביס , מחקרים ו לגליזציה . למרות ש לא מעט מומחי ב עייני עצמם ו פופוליסטיים ל מיניהם עם אינטרסים שונים מציגים את ה קנאביס כ צמח בריא ו משמח , יש ל הוא צד אפל . ב אנשים בריאים מחקרים רפואיים מראים ש קנאביס הוא סם ש גורם ל ה התמכרות , פסיכוזה , פגיעה התפתחותית ב ה נוער ו ירידה ב הישגי חיים . pic.twitter.com wNm lj y s	1.0
אתם עדיין בעד להצביע ל איש סרוח ה כיפה ה זה ?! קנאביס ו זה ....	1.0
אני יודע ש זו לא דעה פופולרית , אך אגיד את היא ב כל זאת אני נגד ה לגליזציה ! לא מבין למה צריך לאשר צריכה של מוצרים כל כך לא בריאים ו מסוכנים .	1.0
ה עפולאים יעשו מהם חמוצים לשבת , חבורת ליצנים מ גלגלי גראס ו אוהבי קטינות	1.0
מסתדרים פה יופי בלי לגליזציה .	1.0
יש דברים ש אי אפשר למנוע . ב ה מגזר ה דתי קוראים ל זה גזירה ש ה ציבור לא יכול לעמוד ב היא כך היה עם ה אלכוהול ב תקופת ה יובש , סמים ב רחבי ה עולם ו כמובן ה מקצוע ה עתיק מ כולם זנות . ל ה קבוע ש אלכוהול מריחואנה זנות לא חוקיים לא מקטין את ה שימוש ב ה הם רק הופך נורמטיבים ל ה פושעים .	1.0
מ אז ש אהוד ברק החל לעשן קנאביס מ צבו החל ל ה הידרדר ו ה מוח החל ל ה היות כמו ספוג ו דימנציה מדרדרת את חייומתבכייןעל חייו ש עברו ב ל אני שוב ו דעתו לא משפיעה על אזרחי ישראל ו יותר מ כך הוא הגיע ל ה שפל ש ב שפלגורם ל ה צעירים ל היות גם מסוממים ו מדרדר את ה נוער לצרוך סמים ו הרס ה חברה מוחלטת pic.twitter.com SsPMcN u	1.0
לך תצטרף לפדופיף , אין אדם יותר מושחת מן אתה , ראש ה ממשלה ה גרוע מקום ה מדינה , ב ה מקום למכור קנביס חבור ל קדישא , בתור קברן מוסמך של מפלגות	1.0
דורון ידיד . תעצור את נוני . הוא מעשן גראס	1.0
נחשפה מעבדת סמים עם ל ה מעלה מ ש תילי קנאביס ו נתפסו מנות קוקאין ו ה ירואין חמישה חשודים נעצרו	1.0
כש אתה בעד קנאביס אבל מסטול רצח pic.twitter.com APIWWNVK z	1.0
צריך להגיד את ה אמת ! ל ה ההפגנות ה ממומנות יש הזרמה מטורפת של סמים אחרת אין ל ה צעירים מה לחפש שם . ה חלק ה קל מקבל גראס . ה חלק ה הזוי מקבל LSD , MD , כדורי טריפים ו נוזל ש נמצא על גבי קרטון . ה כל בחינם אין כסף רק תבואו !!! כל מי ש נכח בין הם יודע , רואה ו מריח את ה ריחות . כל כתבי ה שטח יודעים !!	1.0
בגלל זה אסור לגליזציה	1.0
איזה נחמד זה לראות את כולכם מזועזעים מפייגלין עכשיו , זה לא נגיד ש ידענו ש ה מטורלל ה זה בעד להשמיד את הר ה בית כדי לבנות את בית ה מקדש . אבל היי לגליזציה	1.0
ה הפגנה ב כיכר רבין היו גם כמה ש באו לדרוש לגליזציה . פתחו שם ישיבה , הפרענו ל הם בדיוק ב אמצע ה באנג . תכלס , הם היו הכי רגועים שם pic.twitter.com DxFfRmsExL	1.0
אהוד ברק ייבא עכשיו ק ג קנאביס כי יש ל הוא לחלק ב הפגנות ה ממונות המון .	1.0
אם ה רשימה ה משותפת הייתה בעד לגליזציה מרצ הייתה מתה סופית , ו אני ו תמי ה יינו יושבים על פייסל מ חוץ ל ה סופר יודה ו תוהים מה אם	1.0
בני אדם נעצרו ב חשד ל הפעלת מעבדת סמים ו ב היא כ חצי טון קנאביס pic.twitter.com LWb lkUNNO	1.0
רכש נכסים ו הפך את הם ל בתי גידול סוכן נדל ן ב קליפורניה חשוד ב הפצת מריחואנה pic.twitter.com h DBt SY	1.0
קנאשור רשות ה חדשנות תשתתף ב מימון תכשיר קנאביס רפואי ל טיפול ב ה פסוריאזיס	1.0
קטטה המונית בין צעירים שיכורים ב בריכת ה שחיה ב ה מרחבים ? , הפגנות ברוטאליות ו מוצגים לא מוסריים מול ביתו של ראש ה ממשלה , ה מות ב ה כבישים ב עליה קשה , ו ה ממשלה מחלקת קנאביס ל כל דורש ? , ה אלכוהול נימצא ב ה פיצוחיות ב ה תווח יד ל כל דורש , ה וירוס מביט על כל ה המולה ה זו ו נהנה לחשוב ש ה אזרחים ב ה מדינה מקלים על הוא .	1.0
זה למה אני נגד לגליזציה .	1.0
אהוד ברק מחפש עובדים לחוות מריחואנה ב ה נגב , חיים ש דמי מנהל עבודה , יאללה שמאל , זה ש ב ה כאילו בנה את ישראל לכו לקצור ב דמעה במקום לשבת ב בלפור על בולבול מ בלון קחו את אתם את ברק כהן , ש ישיר ו יצלם ל מזכרת .....	1.0
ראיתי שמחה לאיד על ה אירוע אתמול ב ה פיד . ראיתי פוליטיקאי מטונף ש רבים רצו להצביע ל הוא כי הוא הציע לגליזציה ל ה קנאביס . איזה עולם מסריח .	1.0
בני אדם נעצרו ב חשד ל הפעלת מעבדת סמים ו ב היא כ חצי טון קנאביס	1.0
שאריות מריחואנה התגלו ב גופו של תינוק בן שנה ש פונה ל ה ביה ח הדסה הר ה צופים . ה אירוע דווח ל ה משטרה Marciano	1.0
צעיר תושב משמרות נעצר השבוע עם ק ג קנאביס ו ק ג שמן קנאביס , זאת בזמן ש הוא מנהל תיק ב בימ ש על החזקת כ גרם קנאביס את הם נתפס לפני כ שנתיים . פרטים נוספים	1.0
ק ג חשיש בירכא , ק ג קנאביס ב ה אשקלון . שלל משתלת ישראל היום בינתיים . pic.twitter.com Qubn EF S	1.0
לגליזציה צריכה להיות מותרת כש מדובר ב משהו רפואי אבל לא יותר מ זה . למדתי ב יולוגיה ו על ה השפעה של סמים על מערכת ה עצבים ו ה גוף . זה סכנת נפשות גם אם זה נראה ל אנחנו סם קל . כל עוד ו זה רפואי אני בעד . ה דרך ה טובה ביותר להוריד את ה פשיעה ב תחום ה סמים היא מדיניות נוקשה כלפי הם , לא אישור של הם .	1.0
לא ייאמן ש ה איש ה זה היה פסע מ הכנסת מפלגתו ל כנסת , ב אדיבות חובבי קנאביס קלי דעת	1.0
ביבי .. תכניס מגב ל ה בית של נוני . יש ל הוא כמות גראס ב ה כספת . אל תפחד מן אנחנו	1.0
בימ ש ה שלום חדרה ה אריך ב ימים , עד יום רביעי , את מעצרו של מתן אגם , בן מקיבוץ משמרות , ש נעצר אתמול ב ה פשיטה ש ערכו שוטרי חדרה על מעבדה ל הפקת שמן קנאביס שע פ ה חשד ה פעיל ב ה קיבוץ . נתפסו כ קג גראס ו ליטר שמן . הש יניב הלר ישקול מ עצר בית אצל הוריו ב ה פרדס חנה מחרתיים . . twitter.com HJPhkZEbve	1.0
אתם לא מבינים ש וויד מנוון ל אתם את ה מוח ?! לא מבין אנשים ש תומכים ב ה לגליזציה ה זאת	1.0
ה פסיכיאטר ה מחוזי סביון . תציץ על נוני מוזס . כל ה מישפחה שם מופרעת לגמרי . תיזהר עם תרופות . נוני לוקח גראס	1.0
אתם לא מבינים ש לגליזציה עלולה לגרום ל פריצות ו ל הרבה יותר מסוממים ב רחובות ! זו סכנה ל ה חברה ש לנו !	1.0
ל ה דיירים ש לום , כבר ערב שני ב רציפות יש ל אנחנו ריח חזק מאד של גראס ש מגיע מ ה שכנים , זה מאד מסריח , מאד מפריע ל אנחנו ו אנחנו עם ילדים קטנים ב ה בית . ב ה בקשה הפסיקו לעשן לתוך חלונות ה דירה של אני . שחר מ דירה . קומה . צד חזית פונה ל ה גינה . תודה .	1.0
כתבה על מריחואנה ב חדשות ו יונית דופקת מבט של עידו , ש ים לב !	1.0
שמעתי ש ה בדואים מגדלים קנאביס ו ה משטרה אינה עושה דבר שמעתי ש ה בדואים פורצים ל ה בסיס צאלים ו עושים ב שטחי ה אימונים כ בשל הם שמעתי ש ערבים משתלטים על אדמות ב ה גליל ו ה מדינה לא עושה דבר שמעתי ש ה בדואים מביאים נשים עם ידלים מאיו ש ו מעזה ו ב תרגילי נישואין גרושין סוחטים את בטוח לאומי של כולנו	1.0
מפכ ל ה משטרה לשעבר חושב ש צריך לבטל את הפללת צרכני ה קנאביס לחלוטין , אבל הוא לא בטוח ש צריך לגליזציה . בעד פיקוח מחירים על ענף ה קנאביס ה רפואי ו מאמין ש בקרוב יגדל מספר צרכני ה קנאביס ב ישראל . ל ה דברים ה מלאים	1.0
אתם שותים גראס eli twitter.com c shlomit status	1.0
ביבי . יש לנוני כמות מ יסחרית של גראס . תכניס מ ישטרה ל ה וילה של הוא ב ה סביון . אל תפחד מ ימנו . עם צו שופט	1.0
צריך להגיד את ה אמת ! ה צעירים ה משולהבים משתמשים ב סמים מ סוג מריחואנה , ש מכניס את הם ל התקף מ סוג טראנס ו מעורר אצל הם הזיות על משטר מ סוג דמוקרטיה !	1.0
נוני מ עשן גראס . מסטול	1.0
עכשיו ב ה מרפאה . מטופל של אני חולה מ לנומה ש נעזר ב קנביס רפואי ב מינון גבוה של ג ב ה חודש . מ שלם ש ח כל חודש מתקיים מ הכנסה של ש ח פנסיה קצבה . ב איזה עולם חולה צריך לשלם שליש משכורת על קנביס ש מאוד עוזר ל הוא ? איך אפשר לתרץ את ה שינוי מ ש ח ש שילם לפני ה רפורמה ל ה מחיר ה נוכחי ??	1.0
מחר ב , ב בית ה משפט ב ה רחובות , מדינת ישראל תדרוש להכניס את ניר יופטרו ל כלא . ה אשמה הוא הכין שמן קנאביס ל חולי סרטן , ב התנדבות מלאה , מ ה קנאביס ה רפואי של הם ש הם קיבלו ב מירשם . pic.twitter.com QQK M Xc W	1.0
בעקבות ה כתבה ה מרתקת של melman ב מוסף ה ארץ כל ה מוסף היה מעולה השבוע עד כמה חשוב ל שירותי ה ביטחון ש לא תהיה ב ה ישראל לגליזציה מלאה אם זו , קרי סחר לא חוקי ב ה סמים , ה דרך של הם ב מקרים רבים ליצור קשר עם סוכנים פוטנציאלים ב לבנון , סוריה ו אולי מקומות אחרים ?	1.0
הגיע ה זמן ל ה עדות ל ה זה סוף אב ל ה שבעה גורש מ ביתו בגלל שתילי קנאביס	1.0
N ה שוטרים הופתעו חממה ל ה גידול ש תילי מריחואנה על גלגלים pic.twitter.com x QYpcof Y	2.0
שלומית , את יודעת ש אהוד ב רק הוא שותף ב חברת קנביס ?	2.0
גרעפס מ בירה עם עשן של קנאביס	2.0
גם זה קרה הלילה תינוק בן שנה ו חצי מ אזור כפר קאסם אושפז ב ב אני ח שניידר ב פתח תקווה לאחר ש הובא כש הוא לא ב מיטבו , לאחר סדרת בדיקות נרחבת התגלה כי ב גופו נמצאו שרידים של מריחואנה . News	2.0
אין ספק בכלל , כש מגיע מגיע . הוא בינתיים מתנה גדולה גם ל ה מטופלים ו גם ל ה עוסקים ב ענף ה קנאביס ה ישראלי . הוא ו צוותו קודם כל קשובים ו ב גובה ה עיניים , ש זה משהו ש לא היה קיים ב משרד ה בריאות אולי אף פעם ב ה עבר , בטח לא ב ימי ליצמן . ו שנית , הם באמת פועלים ל מציאת פתרונות ו גם מיישמים . מרענן .	2.0
ה תפיסה של פייגלין ש טילי חיזבאללה יאוכסנו ב לב ביירות , למרות ש ידוע ש הם מועברים מ מזרח ה מדינה , מראה ב דיוק מה דעתו על לגליזציה , גם של סמים קשים	2.0
ה מרכז ה חדש יוקם ב הובלת חברת ה אחזקות ו ה השקעות אריאלי קפיטל Arieli Capital ו ב השתתפות מועצת רמת ה נגב ו משקיעים נוספים , ו יתמקד ב תחומי ה התמחות של ה אזור חקלאות , חקלאות מדברית , חקלאות ימית , קנאביס ו עוד .	2.0
קאנומד הסכם ל מכירת תוצרת גידול קנאביס רפואי ב היקף של כ מ שח לטבע אדיר CNMD	2.0
היי ! מי מכיר מי יודע על אנימטור ש ירצה להנפיש סרטון של דק על לגליזציה של כל ה סמים ?	2.0
יום ה מסחר ננעל ב ה עליות ש ערים דוחות ש פורסמו היום פרשמרקט זינקה . על בד ב תוצאות שיא ה מניה סיימה טיסה של . . שיח קנאביס עלתה . וואן טכנולוגיות ירידות של ה שוק לא אוהב ש לא מחלקים דיבידנד מביע חוסר אמון . דנאל עלתה ב . מניית ספאנטק עלתה ב . pic.twitter.com spYqrlYSmS	2.0
אחד ה מתנגדים ה קולניים ל ה ליגליזציה של קנאביס , מעודד ו אף ממליץ ב פומבי על סם מסוכן פי כמה ו כמה . כפיים .	2.0
מיקרומדיק עדכון ל עסקת ה מיזוג ב ה דרך של החלפת מניות עם חב נקסטייג קנאביס , מועד אחרון ל ה השלמה עד . . MCTC	2.0
ה שכנים של אני מעשנים גראס ב ה מרפסת ו זה מסריח ל אני את כל ה בית , אבל אני רגועה ב קשר ל ה זה .	2.0
אלפי שתילי קנאביס הושמדו השבוע ב רחבי ה ארץ מחריש ב ה צפון ו עד קיבוץ רביבים ב ה דרום . מגפת ה קורונה לא עוצרת את ייצור ה קנאביס ה לא חוקי ו גם לא את פעילות ה משטרה ב ה נסיון לאכוף זאת . תמונות ו פרטים נוספים	2.0
קנביס לא , זה מזיק אחושבלוע קנאביס כ עע זה טיל pic.twitter.com kPDufYVs X	2.0
אני רואה ב טוויטר את חיים ש דמי ו עוד חולה לא מזוהה צועקים ו מאיימים על יאיר נתניהו תוך ש הם מעבירים את ה מקרופון מ אחד ל ה שני כאילו זה היה גראס כנראה זה מרעיל ל הם את ה מוח	2.0
בלשי ה משטרה איתרו מ עבדת הידרו ל ה גידול סמים מ סוג קנאביס ב ביתר עלית . נתפסו כ שתילים מ סוג קנאביס ו זרעים ו חומר ה חשוד כ ה סם מ סוג קנביס ה מוכן ל מכירה . בנוסף נתפס ציוד ל הפעלת ה מעבדה , מוצרי דישון , מאווררים , ו עוד .	2.0
סרטון ש הכנו עם מחלקת ה דיגיטל של news על התחדשות ה מחאה ב לבנון נגד ה ממשלה בשל צניחת ה לירה ה מקומית . על ה ניסיון של חיזבאללה להסיט את ה מחאה ל ה בנקים ו גם על ה ניסיון של ה מדינה להכניס קצת כסף ל ה קופה ה מרוקנת באמצעות קנאביס . כל מה ש קורה ב ארץ ה ארזים ב סרטון אחד	2.0
כ , ש תילי קנאביס נתפסו ב מוקדים שונים ב שטחי אש ב ה צאלים pic.twitter.com eH bKeH OQ	2.0
יומני ה יקר , ה עיריה עיקלה ל אני את חשבון ה בנק בגלל חוב ארנונה ו ב ה לילה אני חולם על חברים של אני מ רוב ש אני מתגעגע אל הם . או ש אפשר לסכם את זה ב זה ש מזל ש נשאר ל אני קצת גראס חבל ש הוא קצת מעופש .	2.0
איך ה אב געהערט פון אונזער רב כ ק גאב ד אודווארי שליט א אין קאנטרי גיטי גארדענס נעכטן ב זה ל איך ה אב מקבל געווען פון מ יין פעטער ה חסיד רבי ישעי גראס זצ ל מבערבעשט קערעסטיר ו ב לשונו ו ואס איז געווען א עכטער סאטמארער חסיד ער האט קיינמאל נישט פארפעלט קיין סליחות אדער תפילה ביים	2.0
נראה ש הוא לוקח קנביס לא הכי רפואי ....	2.0
תפקיד אחד בלבד נותר פנוי ל מינוי יו ר הועדה ל ה מאבק ב נגעי ה סמים ו ה אלכוהול ו עדת ה סמים . במשך שנים מילאו את ה תפקיד נציגי ה מפלגות ה ערביות וש ס עד ש לאחר בחירות נבחרה לראשונה ל תפקיד תומכת לגליזציה מובהקת ח כ תמר זנדברג . מי ימלא את ה תפקיד כעת ? לא ברור .	2.0
ה אם לימור לבנת נגד סמים ש היא לא משתמשת ב ה הם בגלל ש ... . היא חקרה ו מצאה ש נכון להמשיך להפליל צרכני קנאביס . היא נגד כל מה ש ביבי עושה , לא משנה מה זה . אדלסון הרימה טלפון . twitter.com ifLegGPazi	2.0
סקר ב שיתוף אוניברסיטת חיפה בדק איך השפיעה מ גפת ה קורונה ו ה סגר ש בא את היא על צריכת ה קנאביס ב ישראל . כמעט התחילו לעשן קנאביס מוקדם יותר , לפני ב ה צהריים , ו מעל אגרו קנאביס ל ימי ה סגר . כל ה ממצאים להלן	2.0
בעלי חברת ה קנאביס ה ישראלית מדיוי מבוקש ב ה מקדוניה ב ה עבירות של ייצור סם ו פשע מאורגן , זאת ב ה חשד כי גידל קנאביס רגיל ב ה מסווה של קנאביס המפ . מניות ה חברה ב ה בורסה צונחות . ל ה סיפור	2.0
מ חקר חדש ב איכילוב האם קנאביס משפיע על חולי קורונה ? pic.twitter.com CmV Wa O	2.0
שתילי קנאביס נתפסו ב ה דירה ב קרית ים . בן נעצר . pic.twitter.com RlXcHqe JK	2.0
פארמוקן השלמת גידול ראשוני של תפרחת קנאביס רפואי ב תנאי מעבדה , פרטים , המשך PMCN	2.0
נתניהו ממש פרייר ש הוא מתעקש לעשות למען מדינת ישראל . אהוד ברק ב ה מקום ה רביעי ב צמרת מקבלי ה שכר ב ה בורסה , כ יו ר חברת קנאביס עמד ה תגמול ה כולל ש קיבל ב על . מיליון שקל .	2.0
שתילי קנאביס נתפסו היום ב ה דירה בביתר עילית pic.twitter.com RsuG bDiO	2.0
אני נגד לגליזציה של קנביס , קודם כל , כי זה לא חוקי מי ה גאון ש חיבר את ה משפט ה זה	2.0
קאנומד נשתלו ב מתקן ה גידול כ , שתילי קנאביס רפואי , צפי ל מכירת ה תוצרת ב יולי , כ . מ שח , ה משך CNMD	2.0
היי ה ערב שישי , שר ה בריאות אדלשטיין ב ה ראיון . YuliEdelstein ליל ה מסיכות עם שוטרים ב גוש דן . כתבות מגזין ראיון עם ה שודד ש הואשם ב רצח דורון שוסטר , חברת קנאביס , תומר ו שונית חמד . ו גם סיכום מנדלבליט רוזן . AyalaHasson channel il מוזמנים .	2.0
לראשונה רשת Be של שופרסל תמכור קנאביס רפואי ב ה מרשם	2.0
איכשהוא בשם ה היסטוריה ה יהודית זה תמיד ב ואו נספח פלסטינים ו אף פעם לא ב ה ואו נאשר לגליזציה	2.0
עכשיו רק נשאר ש שר ה ביטחון ה מיועד יפסיק לשלם ל ה חמאס , , ב חודש . אתה תעצור את הזרמת ה כסף ? אגב זה ש הצטרפת ל ה ממשלה ש מתנגדת ל ליגליזציה של קנאביס ו בעקיפין גורמת ל ה ישראלים נורמטיביים לממן ארגוני טרור בין הם חיזבאללה עם כספים ש הולכים אליהם דרך סוחרי סמים מה עם זה ?	2.0
ב ה מדינות ארה ב שהתירו קנאביס רפואי הייתה ירידה שנתית ממוצעת של כ ב שיעור ה מרשמים ל משככי כאבים אופיואידים , לעומת מדינות ב הן קנאביס רפואי אסור , שם לא נרשמה ירידה דומה . פרטים	2.0
שוטר סמוי תפס מאות מנות של סם ה דוסה , עשרות כדורי אקסטזי , גרם קנאביס ו שני ב קבוקי חומרי אבקת סמים ה חשוד נעצר	2.0
קנאשור חתמה על ה סכם ל רכישת תפרחות קנאביס מ חוות בר לב	2.0
לא נותרה ל אני ברירה , אדפוק את ה ראש עם קנאביס ו ויסקי עד ש אפול ל ה מיטה ש יצאתי מן היא לפני שעות . בידוד	2.0
זני קנאביס נוספים הגיעו ב ה שבועות ה אחרונים ל ישראל מחוות ב ה קנדה , ספרד ו אורוגוואי . בעקבות משלוחים אלו הפכה ישראל ל יבואנית ה קנאביס ה גדולה ב ה עולם . תמונות ו פרטים	2.0
אורן לייבוביץ מ מגזין קנאביס מספר ל ו אפי בן אברהם אנשים אוגרים קנאביס לקראת ה סגר , יש עלייה ב ה רכישות . חלק מ ה סוחרים מספרים ל אנחנו ש הם יתחפשו ל ה שליחים של וולט , כי זה הוגדר כ שירות חיוני צילום רויטרס pic.twitter.com TYoBSxYizk	2.0
מנסה להחליף זן קנאביס ש ה חברה דחפה ל אני , ו זה תהליך די מייאש .	2.0
יש ב ה עיראק נשק ל השמדה המונית קנאביס יגרום ל אתם להזריק ה ירואין אין חשד ל פדופיליה ב ה מלוכה ו ב אליטות ה בנקים ה מרכזיים דואגים ל רווחת ה כלל לא היה כלום כי אין כ ה לום אתם סתם לחוצים	2.0
הכנתי נס ו נפל לתוך הוא קצת קנאביס . יש ל אני נס רפואי	2.0
אביב גפן וילה מכונית פורשה נוצצת מיליוני שקלים מ הופעות של שנים ב ה ארץ ו ב ה עולם תגמולים מ יוטיוב ב כל רגע נתון אלף על השתתפות ב The Voice ייעוץ ל חברת קנאביס תמורת מאות אלפי שקלים ו אחוזים ב ה מניות אל תטיף על אסון תרבותי ! פשוט תכניס את ה יד ל ה כיס ו תעזור ל כל חבריך ...	2.0
להעביר ביקורת על משרד ה בריאות בגלל קנאביס	2.0
קנדוק חתמה על הסכם הפצה ל מוצרי קנאביס ב ה אנגליה , סקוטלנד ו אירלנד	2.0
תפקיד ה אזרח להשאיר את פיו פתוח גינטר גראס סופר גרמני פרס נובל נפטר התביישתי . הייתי נאצי צעיר ו טיפש ... עד ה יום אני מתבייש . ה דבר ה עיקרי ש ניסיתי להבין ו עד היום אני שואל את עצמי כיצד קרה ש לא שאלתי שאלות . twitter.com OWwZ JWyb	2.0
לא יכול פשוט להחזיק מעמד ל רגע זה ה שנה ש טעמתי מריחואנה ב ה פעם ה ראשונה pic.twitter.com uq xP SmN	2.0
גראס ב מדינת ישראל אינו חוקי ו מי ש רוכש או משתמש נתון ל סנקציות כספיות ו כמובן תיק פלילי ו כו . לכן אחרי כל זה מאוד מעניין למצוא את חבר ה כנסת ו שר ה משפטים אמיר אוחנה נמצא ב ה קבוצה ש דרך היא מתארגנים . ו כן , זה ה מספר טלפון של הוא . תגובתך ? pic.twitter.com TSOjFtZgjG	2.0
ב ה הצלחה ל ה נפתלי יכולתי לעשות מיליונים ב ה הייטק ב ה נט ו איילת יו ר דירקטוריון חברת קנאביס ב ה פוטנציה שקד ב אופוזיציה . ה לוואי ש יהיו נחושים ו מקצועיים כמו ב ה שנים ה אחרונות גם שם .	2.0
קנאביס זה ה ירוק ה יחיד ש כש יש ל אתה את הוא אתה לא חושב ש של ה שני ירוק יותר	2.0
טיול לילה עם בלה , ראיתי את תקופת ה התבגרות , גשם אבקנים , עץ ב ה סיכון גבוה , פיצול אישיות , ניסוי ב בית ספר , סקין של תן , דבק אנושי , מאגר ליוויתן , את ה פטשופ ב ה ויז על גראס .	2.0
דברים שקרו ל אני ב ב ה יולי עברתי טסט התנחלתי אצל דודה של אני ב תל אביב כי ב ה חיפה היו אזעקות של לבנון סיימתי קורס קצינים התחלתי לעבוד משרה מלאה ב תל אביב ו ב דרך מירושלים היו אזעקות של צוק איתן נפרדתי מ עציץ הלמון גראס ש ה חתולה הרסה ל אני ב פחות מ שלוש שעות	2.0
גקי דרס את אני מ תחיל את אני . יש ל הוא מישתלת גראס ב בית	2.0
אתגר מעולם לא . אכלתי ש ווארמה . עישנתי גראס . לבשתי סגול עכשיו אתם ...	2.0
כמו כן , ו דברו עם נציגי ה מפלגה של אתם על הקמת ממשלה עם ה משותפת , אם תצליחו , לכו ל ה נשיא . אם לא , קחו קנביס או איזה משהו להירגע . גם לא מסוגלים להשתלט על ה מפלגה של אתם ו גם מבלבלים ב מוח . ה סיבה ש אין ממשלה היא אתם	2.0
ב קיצור כל ה נהלים נגד צרכני קנאביס תקפים מ עכשיו על כולם ? pic.twitter.com WUqGjyGWhD	2.0
איך ה קורונה משפיעה על צריכת סמים ש אינם קנאביס ?	2.0
אמש דיברנו לייב עם ערן צור על מוזיקה , קנאביס , ספונג ה ו עוד דברים ש עוזרים לשמור את אנחנו שפויים ב תקופה ה זאת . פספסתם ? אפשר לצפות פה	2.0
נודה על ה אמת זו לא עזיבה כי ה אדמו ר ביקש ו זו לא ה קורונה . ליצמן הולך כי נכשל ב ה תפקיד ש הוא ב עיני קודש ה קודשים של ה חברה . ה אמת , כ מיטה ב ה מסדרון , כ מטופל קנאביס ש נשדד , כ תור של חודשים ל ה אמ.אר.איי סופה ל ה צוף . ה אמת היא קו ה גבול של ה ציניות ו ה אטימות . ה קו ה זה נמתח מאוחר מדי , אבל טוב ש נמתח	2.0
ברק אף אחד לא שאל את אתה שב ב ה בית ב שקט ו תשתוק . ראינו מה עשית כאשר היית ראש ממשלה ו את כל ה דיבור ה מלוכלך של אתה נגד ביבי ו ה ימין כך גראס ו ל אתה לישון .	2.0
מהי עמדתך לגבי לגליזציה של קנאביס ?	2.0
הערב , בניוזלטר ה עין ה שביעית כל חדשות ה תקשורת מ ישראל ו ה עולם , כולל ה בעלים של מגזין היי טיימס יחל למכור מריחואנה . ל ה הרשמה pic.twitter.com BnWQZZDqK	2.0
לא הבנתי איך עם כל ה סטרס ה זה מריחואנה ו נטל את היא לא הפכו ל ה מוצר צריכה בסיסי	2.0
עמית אולמן פדרו גראס שיר לאהובה חירשת via	2.0
כדי לאשפז רבנים חולים ב מחלקות נבחרות ו לשכן את בני משפחתם ב מיטות של חולים , כדי לתעדף סיגריות על טבק ל ה גלגול , כדי להקשות על רכישת קנאביס רפואי . ו אידך זיל גמור . קל , נכון ?	2.0
שוקולד ה שחר עם בננה ב תנור בטמפורת אבקות מריחואנה ו חוסר שינה . וואלה יצא ב ה סט pic.twitter.com zkE jLXyT	2.0
לפני כ שבועיים מר segal סירב לפרסם טור ש עוסק ב צדדים חיוביים אפשריים של לגליזציה של קנאביס אצלו ב ה עיתון ה מוערך . הוא סירב אפילו לעיין ב טור , ו סירב גם להסביר מדוע הוא תיעל את הם מ פניה לגיטימית ב ה נושא . ו אז הרגע נזכרנו ש ... pic.twitter.com z ra Nlofu	2.0
כש נהיה קר צץ חם צוואר לוליטות אין שנאה קנאה IN כ שלון מוכח , מהדהד ש רק שמח לאיד איש קטן , חרמן , יצור נלעג , טרחן קנביס ה פתרון ל בעל ה שיגעון מ ה עיניים לנו עוף מוכשר אבל חצוף .	2.0
אני עדיין ערה אחרי אני ה משמרת לילה ו אני מתכתבת עם אנשים מ ה תחנה ו אני ב טוויטר ו אני רואה ש ה דברים ש אני מקלידה לא הגיוניים אני מפספסת מלא מילים אז ככה זה ש מעשנים מריחואנה כאילו ?	2.0
אני לא צריך קנאביס ו אלכוהול כדי להנות , זה הם צריכים את אני	2.0
רק אם יחליפו ל אנחנו את עלי ה כרפס ב עלי קנאביס ב ליל ה סדר נצליח להבין מה קרה ל אנחנו השנה . מה נשתנה מ כל ה שנים .	2.0
ב הפגנות ה ימין מניפים דגלי כחול לבן עם מגן דוד ב מרכז שרים שירי אהבה מ שירי ארץ ישראל ה אהובה ו ה יקרה , ב הפגנות ה שמאל מניפים דגלים שחורים , משפילים את דגל ישראל , שרים שירי סטלנים הרה אקסטזי מריחואנה גראס ו עוד מ ריעין בישין , ... בעיקר מתבכיינים .	2.0
ה משטרה מדווחת כי ב תום פעילות מורכבת נעצר תושב ה דרום בן ב ה חשד ש גידל שתילי קנאביס ב ה תוך ו מ חוץ ל ביתו pic.twitter.com RHPMK duS	2.0
גם הגיע ה זמן ש יחלקו ל ה כולם מ סכות , על מנת שלא יכולו ל ה עשן . מ מתי עישון של סמים זה נורמלי . מ אז ש ראש ממשלה פושע מושחת הפך ל ה נורמה ב ה ישראל . הגיע ה זמן ל ה לגליזציה של קנאביס ל אנשים בוגרים	2.0
על אף ש ל טענתו היא מנסה לכאורה להסוות זאת , קופת חולים כללית , כמו שאר ה קופות , מחוייבת לשלם החזר הוצאות ל נפגעי תאונות עבודה גם בגין רכישת קנאביס רפואי . ב תום משפט נאלצה ה קופה להעביר ל ה מטופל , ש ח פלוס הוצאות . ל ה סיפור ה מלא	2.0
אינטרקיור קנדוק ב ה הסכם שת פ נוסף ל הגדלת כושר ה ייצור של קנאביס רפואי INCR	2.0
עצומה להוסיף ל מנות קרב גם שקית קנאביס	2.0
כל מי ש חושב ש עכשיו ביונימין תיכף רץ לאשר פה לגליזציה , ו כל מי ש חושב ש גם ה מפלגות ה חילוניות ב ה אופוזיציה לא יתקעו ל ה ממשלה אצבע בעין כדי למנוע מ הם הישג חקיקתי הוא נאיבי בואכה תמים ב רמת ה שה .	2.0
יונית מארחת כל לילה את ברק ה פדופיל , תזכורת ברח מצהלים ברח ל אשתו ברח מ לבנון ברח ל אי עם פדופיל אפשטיין עסקאות נשק מפוקפקות עסקאות סמים מריחואנה קיבל מיליון מ ו קסנר ברח עמותות ברק קנה דירה מיליון מ כר ב אבי אבות ה טומאה אבי אבות ה שחיתות	2.0
פעם ראשונה ש אני מתה להפסיק ל ה עשן , אבל אני מעשנת גם קנאביס רפואי ו מפחדת ש זה יקשה עליי.חוץ מ ה היריון ש אז לא יכולתי לסבול סיגריות , אני מעשנת כבר מעל שלושים שנה ו אני מרגישה ש די , הגיע ה זמן ש אני ו ה סיגריות נפרד כ ידידים.אם יש ל מישהו רעיונות איך עושים את זה בלי ב ל אני יותר מדי סבל , פתוחה ל ה הצעות	2.0
עם כל ה אמפתיה ל תעשיית ה תיירות כאן עד ש ה מלונות ו ה צימרים כאן לא יפסיקו עם ה מחירים ה חזיריים של הם ימים ב ה מונטנגרו ימים ב אילת מצד אני ש יעשו הסבה ל ה מחסנים ו חממות קנאביס .	2.0
קאנומד התקשרה ב ה הסכם ל מכירת תפרחות קנאביס ב היקף של . מ שח , אספקה CNMD	2.0
הקורונה שיתקה את ה משק ה ישראלי , אך עבור סוחרי ה קנאביס ב ה טלגרם ה עסקים דווקא טובים מ אי פעם . פנינו אליהם כדי לשאול איך משפיע ה מצב ה נוכחי על ה מכירות , ו איך מספקים משלוחי קנאביס ל ה לקוחות ש נמצאים ב ה בידוד . ל ה סיפור	2.0
קשיש בן נעזר ב ה מנוף כדי לבקר את אימו ו הוביל את ניצחון ל ה ליכוד תמורת שירותים ל חברת קנאביס ב מוקדים שונים רוצים ניצחון ב כורה ל אצילי , ל מכבי נתניה אלמוג כהן סוגר מעגל ב ה כותל ה מערבי	2.0
קנביס ו בירה ליד ה נחל פוצץ ! pic.twitter.com vadSOmbWFn	2.0
תל אביב נחשפה מ עבדה ל גידול סמים ו ב היא קילו ברוטו מריחואנה ב שווי מוערך של מאות אלפי שקלים pic.twitter.com d eHCGreVJ	2.0
אוקי .. אז אזהרת ספין x . נכונים ב דעותיהם , ש זה אומר לגליזציה , הפיכת ישראל ל מדינת מאפיה תחת שלטון ירדני ו עותומאני ב ה זמן מצטבר של מלשח . תעשו את ה מתבקש מ ה שטן ש אתם .	2.0
אז מה , רק בגלל ש אנחנו כל יום יחד , ו ב זמן ה אחרון אפילו יותר מ ה רגיל , ש כ ה חת ש היום זה ה יומולדת של אני ? לא מגניב מריחואנה , ה עשרים ל ה אפריל	2.0
באר שבע נעצרו חשודים ב ה גידול כ ק ג קנאביס ב חממת הידרו תוך גניבת חשמל	2.0
ה קמפיין נגד לגליזציה של תומכי נסראללה מ ה ימין ה ישראלי נמשך , ו ה פעם , תאמינו או לא , ד ר חנה קטן מציגה ב אתר heb את תקופת ה יובש של ה אלכוהול בארה ב כ טיעון נגד לגליזציה של קנאביס ו טוענת שקנאביס מסכן חיים . טרלול pic.twitter.com EuFEdcg UW	2.0
מטופלי קנאביס רפואי , ש רוצים לעבור ל אסדרה ישנה ב שח אז עמותת ה קנאביס ה רפואי , צריכה נתונים כדי להגיש בג צ ב ה נושא תשלחו דחוף ל ה עמותה מייל amuta.cannabis.com ל ה ציין . פרטים מזהים מ לאים שם מלא , ת.ז , כתובת	2.0
אינטרקיור ה ק נפתחה ב קבלת רישיון מ ה יקר ל ה ריבוי ו גידול קנאביס ב ה מתקן קנדוק בת ה דרומי INCR	2.0
גת יש בירה יש מריחואנה יש שמש יש שקט יש תלונות אין !	2.0
ה לוואי ש שרן השכל תקדם הימורים ב את היא נחישות ש היא קידמה לגאליזציה של קנביס	2.0
שחרור לקוח ל ביתו ב ה עבירות של גידול קנאביס	2.0
תיעוד לוחמי מג quot ב איתרו חממות קנאביס ב שטחי אש של צה quot ל ב נגב	2.0
שיח מדיקל קבלת אישור ראשוני ל ה גידול , יבוא ו ייצוא קנאביס ל ה חברה ב פורטוגל SEMG	2.0
אני ממליץ ל ה להב לבדוק את חשבון ה בנק של חיים ש דמי , סתם ב ה שביל לדעת אם יש ל שם תזרים של מזומנים ו מ איפה , אני ממליץ לבדוק ב ה מצלמות של עקירוב כמה פעמים הוא ביקר ב בניין ו ב איזה שעות ו אם היתה הפקדה למחרת היום , אני ממליץ ל הם ליבדוק ל מה הוא קיבל רשיון ל יבוא קנאביס ו לא אדם אחר , ש ווה ..	2.0
אחחח , חברי ה טוב קנאביס	2.0
It s all about the money . תגובת ה צבא ל ה פריצה ב ה צאלים ... ב שטחי אש ב דרום שוטרי משמר ה גבול של משטרת ישראל תפסו כ , ש תילי קנאביס ב מוקדים שונים ב שטחי אש ב ה צאלים . ב ה מהלך ה פעילות אותרו מוקדים ו ב ה הם חממות ל גידול לא חוקי של קנאביס בתוך תעלות ש חפרו ב ה מקום ו ש הן מסוות ב רשתות שונות pic.twitter.com JkClgJAjyj	2.0
נתפסו ב החזקת ק ג קנביס מאת מערכת חי פה חדשות חיפה ל כתבה ה מלאה ו ל השארת תגובה הקליקו על ה קישור ...	2.0
היה ל אני פה חבר יקר ש יום אחד את אני אינפל . הוא רצה את ה ל עצמו כמו שנינה את ה ו אני פרגנתי ל הוא . היה קל אבל אני לא יודעת מה נתקל אז עד ש עלה של קנביס יקבל אימוג י כי עכשיו זה מ חרתי . ה של אני .	2.0
חשקה נפשי במוקפץ ירוק חריף . מצאתי מתכון , דקות עבודה היה כתוב . זה היה ב . ו הנה , שעות אחרי , אני גאה ל ה בשר ש סיימתי . אין הנחתום מעיד על מוקפצו , אבל יצא בן זונה . על ה דרך גם הספקתי להכיר ל ה עומק מונחים קולינריים אסיאתיים כמו קארי ירוק , שורש למון גראס , ב אק צ וי ו נטיות אובדניות . pic.twitter.com i CFC qCZX	2.0
יהיה סיפוח כמו שיהיה לגליזציה ו כמו ש יהיה קמפיין ממשלתי נגד G	2.0
האם עישון קנאביס מעלה את ה סיכון ל סיבוכי קורונה ?	2.0
ל ה מון גראס	2.0
רבינו שליט א האט געלייגט תפילין ה יינט פאר הב יושע ה עשיל ב ר יואל גראס און מחנה דברי יואל , דערנאך איז מען געפארן דאווענען ביי ישיבה קטנה סניף ר משה יודל פריעדמאן און כוונת ה לב קעמפ	2.0
הכנתי עוגיות קנביס ו אני כל יום אוכל כמה ו לא מצליח להוריד את ה חיוך מ ה פנים אני ככ מאושר תיכף ה עוגיות נגמרות בא ל אני לבכות	2.0
גם אני רוצה כיוון כ ה זה גם ב כמות גם ב מחיר קנאביס	2.0
דברים ש מעסיקים את אני ב ה ימים כ תיקונם ל איזה רצפטורים נקשר CBD ? איזה מנגנון מתווך את ה פעילות ה אנטי דלקתית של קנאביס ? איך נשפר את חיי ה אנושות ? דברים ש מעסיקים את אני ב ה שבועיים ה אחרונים איפה ה חולצה ה בורדו	2.0
ה משטרה חשפה חממה ל גידול קנאביס ב ה שטח מיוער סמוך ל זרעית חדשות ימנים	2.0
לגליזציה ל עישון ב ה בית ? מעניין ...	2.0
צעיר תושב תל שבע נעצר ב חשד ל גידול ב ש תילי קנאביס	2.0
טוגדר משלוח ראשון של ק ג קנאביס יצא מ אוגנדה ל ה כיוון ישראל TGTR	2.0
צה ל מחלק קנאביס כשר ל ה פסח ל ה מבודדים	2.0
חמאת קנאביס בננות ו עדשים pic.twitter.com xWZNS cO t	2.0
מ עשן אוזו שותה קנאביס	2.0
אלכוהוליזם . כי קנאביס לא מספיק ל ה מציאות ה זו . pic.twitter.com Nk adBl zp	2.0
מהפך ב דעת ה קהל מ בדיקתנו עד כה כ מ שרי ה ממשלה ה חדשה תומכים במוצהר ב לגליזציה של קנאביס ב ה ישראל . כ מתלבטים או לא יודעים . רק פחות מ מתנגדים . ב יום ראשון אחרי הקמת ה ממשלה נפרסם פירוט מלא של ה עמדות . מ משלהירוקה	2.0
היוםלפני , שנת מה תאכל ה ציפור של אני עכשיו ? תושב בית חנינה נתפס מגדל קנאביס ב חצר אך טען ש מדובר ב צמחי קנאביס זכריים ש נועדו ל ה מזון עבור ציפורים טיעון ש היה נפוץ ב ה עבר ו הסתמך על פרצה חוקית ש הייתה קיימת עד ב פקודת ה סמים ו אסרה רק על צמחי קנאביס נקביים ו לא זכריים . pic.twitter.com wjn IEx I	2.0
השפעת ה לגליזציה ב אורוגוואי על שימוש של מתבגרים ב קנביס PubMed NCBI	2.0
על פי מחקר ש פורסם ב , ממצאים ש נמצאו ב מקדש בן כ , שנה ב ה תל ערד מצביעים על כך ש ייתכן ש אבות אבותינו , גם של ליצמן , שרפו קנביס ב ה מהלך פולחן דתי	2.0
ה משטרה מדווחת כי תפסה ה בוקר , ש תילי קנאביס ש גדלו ללא אישור ב מוקדים ב רחבי שטחי ה אש של צאלים . ה צמחים הועלו ב ה אש . ל ה פרטים ו תמונות	2.0
תחשבו את כבודו ב ה משפט על לגליזציה של קנאביס , איזה ניגוד עניינים כבודו נאלץ להקשיב ל חצי שעה של הסברים של ה רשות ל מלחמה ב ה סמים על כמה זה מסוכן ו ממכר , כש חמש דקות לפני הוא עשה שאכטה ב מרפסת pic.twitter.com DU l sCUkV	2.0
איך גילו קנאביס ב תל ערד אחרי שנה ? ב ה טענה ש שימש ל עבודת ה קודש אצל ה יהודים ?	2.0
ממולא ממולא שכבות של בצק פילו עוטפות ב ה צל ש נדחס ב ריזוטו בש ט , כרישה ו עירית ו אז בושל עם עגבניות , גזר מגורר , למון גראס , ג ינג ר , שום ו רכז רימונים pic.twitter.com yULXaf Pp	2.0
גם חברות קנאביס מחפשות תרופה ל קורונה כ לכליסט	2.0
סקירה חדשה על ה ספר קנאביס ו C.B.T ל בריאות ה גוף ו ה נפש ב הוצאת פוקוס על ה ספר , כאן	2.0
תגידו לא אמרו פעם ש הולכים לעשות פה לגליזציה ?	2.0
יש ל אני קנאביס מעורר , מרדים ו אחד ש גורם ל אני להטיל ספקות .	2.0
ב ה חירות מועד א קנאביס בעד נגד קורונה משתוללת שרה נתניהו ועוגת הביסקווטים בעד ו נגד זהו נגמרו ה צרות ב ישראל אנחנו גן עדן על אני אדמות כולם מאושרים אין עניים ממש חזון אחרית ה ימים ה נביאים ו ה אלוהים נתנו ל ה יהודים מדינה ו הם רבים על עוגה	2.0
קנאביס רפואי ל ה טיפול ב אנדומטריוזיס ... via	2.0
מצאו שרידי קנאביס ב איזה מקום פולחן של יהודים . אני ש יבנה בית ה מקדש במהרה ב ימינו ....	2.0
תל אביב משטרת ישראל חשפה מעבדה ל גידול סמים מסוכנים ו ב היא קילו קנאביס ב שווי מוערך של מאות אלפי שקלים . חשוד , ת א הובא ל חקירה ב תחנת ה משטרה , ו ב תום ה חקירה נכלא . צילום דוברות ה משטרה pic.twitter.com RCmxUYKosM	2.0
אבל הוא בעד לגליזציה ! pic.twitter.com cJgz NqZY	2.0
אמרתי ל אתם , לגליזציה של סמים , יכולה להביא ל כל מיני דברים ...	2.0
עכשיו כש כולם רואים מיהו באמת ליצמן , אולי תהיה טיפת הזדהות ל ה תסכול ה עצום ש הרגשתי כש עמדתי יחד עם אלפי מטופלי קנאביס רפואי ב רגעי ה שפל ו ה הזדקקות ה קשים ביותר ב חייהם מול שר אטום , לא בקיא ו חסר מ צפון ש הפקיר את גורלם ל חברות ענק ש התעללו ב ה הם ב תורם . זמן תיקון	2.0
קנאביס כ טיפול נפשי ? ה צעיר נגד ביטוח לאומי	2.0
נתפסה מעבדה ל ייצור סם ה אונס ו שמן קנאביס ש התנהלה מ דירה ב תל אביב	2.0
יוניבו קבלת ה יתר ייבוא מ חוות קאנופי ל ביצוע בדיקות ל גידולי קנאביס רפואי , ה משך UNVO	2.0
יוניבו נחתם צו ל הסדרת ייצוא קנאביס רפואי , ב כוונתה לפעול ל קבלת רשיון ייצוא UNVO	2.0
מה אני חושבת על לגליזציה ? pic.twitter.com Z nhbfva	2.0
טוגדר הסכם מסגרת ל ה מכירה תפרחות קנאביס ב תמורה של כ . מ TGTR	2.0
בוחרת עם אחים של אני תוספות ל ה פיצה יש פה ב ה צל פטריות פפרוני קנאביס ... אהההה קבנוס	2.0
ה פריחה ב ה חוץ ש אף אחד לא זוכה לשזוף ב היא את עיניו היא ה נמשל של ה סיפור על ה סטלן ש עלה ל ה גיהינום ו גילה ש הוא מורכב מ שדות של מריחואנה רק שלאף אחד אין אש	2.0
צריכת קנאביס או טבק ש לא דרך עישון שורש עשב בניין פיעל . עישוב , עישב , עישבה , עישבו , עשיבנה , עישבת , עישבתי , עישבנו , מעשב , מעשבת , מעשבים , מעשבות , יעשב , תעשב , יעשבו , תעשבנה , תעשבי , אעשב , עשב , עשבי , עשבו עשבנה , לעשב .	2.0
ניהול השקעות רעיון השקעה האם זה ה זמן לקנות קרנות נאמנות ה משקיעות ב מניות קנאביס ?	2.0
ה אם טעמתם ש ייק גזר קנאביס ?	2.0
ניסיתי מריחואנה אבל לא לקחתי ל ה ריאות	2.0
אז אני רואה ש מתחילים להפיץ את זה ש ה מפגינים מעשנים גראס אהלן ו סהלן זה קורה כבר יותר מ עשור ו עושים מלא סמים כי הם חייזרים ... ברור . אגב , מה קורה עם ה לגליזציה ש ביבי ה בטיח ?	2.0
מאוד מדהים מדינת תל אביב מבזבזת כ ספי ציבור על הפגנות ממומנות של סוחרי קנאביס אהוד ב רק ב ה מקום ל ה הקיע ב ה אזרחים תושבי דרום תל אביב twitter.com ItayBlumental status	2.0
טוגדר מכרה תפרחות קנאביס ב אלף ש ישמשו ל ה תשלום האג ח	2.0
כתבו כאן כבר הרבה דאחקות על חשבון ה אמירה ה אומללה ה זו של מזוז , אבל אני חושב ש כדאי ב כל זאת להרחיב על תפיסת ה עולם של מזוז ש היא מבטאת , ו ש משתקפת היטב ב אמירה של יאיר לפיד אני מתנגד ל לגליזציה של קנאביס , כי זה לא חוקי . היו את אני רגע pic.twitter.com FVvwfUK	2.0
אחרי זה גם לא תהיה לגליזציה . ב אשמת גנץ כמובן	2.0
איך נראית חוות ה קנאביס של הוא ב קולורדו , למה הוא נכנס ל תחום , מה ה יתרון של ה חברה של הוא , מתי תהיה לגליזציה ב ישראל , מה דעתו על מרים אדלסון ו האם יש ל ביבי תחליף דברים אלו ו אחרים ב ריאיון מיוחד ש ערכנו עם חיים רמון	2.0
יחי מריחואנה	2.0
הסכמים מסחריים ל מכירת קנאביס ל חברות שיח ו טוגדר pic.twitter.com TjOSi Ossi	2.0
קצת על יהיר לפיד לא יזיק ל אתם לדעת ! לעולם לא עישנתי מריחואנה חחחחחח תשימו לב טוב ל כמה שקרים בוטים ללא משוא פנים ! ה שקר פשוט חלק מ השקפת עולמו !	2.0
אתה מפספס קנאביס זה רק תירוץ . ניסו להפחיד את הוא בגלל דברים ש הוא כותב .	2.0
את ה בוקר ביליתי ב לקרוא ספר ב כיכר ה בימה , ב לקנות מריחואנה ב בית מרקחת , ו ב ה לקנות טלוויזיה ל ה עיוור	2.0
מדענים נמצא כי ה דנא של מריחואנה הוא חייזרי עוד מ אותם מדענים אבי הביא את ה פרח הכי מושלם ל ה ישיבה חחח ל ה ישיבה רגע זה אבי הביא ? חחחח כן כן אבי כי ה הוא זה שלומי ו מה הוא קשור ב כלל נו אל תצביע	2.0
קאנומד דירק אישר התקשרות חב ה בת ב הסכמי גידול קנאביס , כ ה פוף , פרטים CNMD	2.0
משלימים קציר מסחרי ראשון איך נראית חממת קנאביס חדשה ? pic.twitter.com FivhczcQxd	2.0
חולת פיברומיאלגיה ו טרשת נפוצה , טופלה ב קנאביס רפואי את הוא הצליחה לתפקד . אבל יום אחד , כש היא ב ה חודש ה חמישי ל הריונה , פרצו ל היא ל ה בית ו גנבו את ה קנאביס . היא עשתה את ה מעשה ה מתבקש ו דיווחה ל ה משטרה ו ל משרד ה בריאות . אבל במקום לקבל קנאביס חדש , הודיעו ל היא ש מבטלים ל היא את ה רישיון .	2.0
רבינו שליט א האט געלייגט תפילין היינט פאר ה בחור ישראל חיים ב ר יואל גראס פון ק י .	2.0
אני אקח את ה משרד ל גידול קנאביס חברתי	2.0
טוב , אני חייב ל ה היות ה ראשון ש כותב את זה כדי לקבל מ לא ל ה ייקים ו ריטווטים קנאביס מרפא קורונה .	2.0
דרושים עובדים ש רוצים להציל את ה מדינה . ניסיון עם קנאביס יתרון	2.0
זה נכון ש אם שותים קנביס אין קורונה ?	2.0
חבר מאמריקה שואל , אם ה FBI עוצרים ל ה חקירה את דון פאבלו ברח אסקובר בעיניין ה Lolita Express מה יהיה על אימפריית ה סמים ? ב רשותו חוות ל ה גידול קנאביס רפואי ש מגלגלות מליירדים P מ ערך שוק ה אם הם יעברו ל טובת ה שכירים ה עצמאים ו ה נזקקים ? מה יהיה על אימפיריית ה סמים ? אוהב דקל	2.0
משלוח ראשון של ק ג קנאביס נשלח מ אוגנדה ל ישראל . ליל ה סדר יהיה ב סימן אופוריה .	2.0
לא ידעתי ב וודאות , אבל תמיד חשבתי ש ה השפעות של מריחואנה הן ה שפעות פסיכדליות . ראיתי דמויות , ו צבעים ו אפילו יכולתי להרגיש את ה תודעה של ה אטומים ש מרחפים סביב אני . כן , גם אני הייתי ב ה הלם ש ל ה אטומים יש תודעה . קיצר , מריחואנה , פסיכדלי , עכשיו אני יודע ש זה נכון	2.0
איזה מעצבן ! קניתי הבוקר קנביס ו מסתבר ש ה שמן ש נתנו ל אני הפעם מבוסס על קוקוס ו לא זית ו אני אלרגית ל ה קוקוס . אף אחד לא אמר ל אני כי זו לא אלרגיה נפוצה . לא ה עלתי ב דעתי לבדוק כי מעולם לא נתקלתי ב ה זה ו אין אפשרות להחליף קנביס רפואי תחת שום מצב . ב קיצור אבא ש ל הם זנאי . תביאו לגדל כבר .	2.0
לא יודעת הרבה ארמית לא יודעת הרבה על ביולוגיה ימית לא יודעת הרבה על סוגי גראס לא יודעת הרבה על קונטרבס אבל אני יודעת ש את אתה אני אוהבת ו אני יודעת ש אם ב ליבך ישנה שלהבת ה עולם יהיה מוששששלם	2.0
עם שליטה דרך אפליקציה ו טכנולוגיות מתקדמות כך תבחרו את מאדה ה קנאביס ה מושלם יש לא מעט דרכים לצרוך קנאביס , אך נראה כי ב ה שנה ה אחרונה ה דרך ה נוחה , ה מהירה ו ה יעילה ביותר היא באמצעות מאדה . כעת ה מאדים הפכו ל טכנולוגים מתמיד , עם ש ל יטה דרך אפליקציה ו טכנולוגיות מתק ...	2.0
יצאת מ שליטה אדון ברק . כמה ש אתה משועמם ? מה עם עסקי ה קנביס ? מה מזג ה אויר ב ה פנטהאוז ב ה קומה ב מגדל אסותא בזל ? קיבלת משלוח מ אחד מ בתי ה קפה ש מתחת ל ה מיגדל ? עצה קח כל בוקר כמה טיפות קנאביס ל הרגעה ו ל סוטול .	2.0
מוזמנים לצפות ב ה קטע מתוך ה עימות ש השתתפתי ב הוא ב ערוץ ב נושא קנביס ל גלזיציה כן או לא ? מוזמנים להביע את דעתכם כאן ל מטה קישור ל ה עימות ה מלא ב ה המשך .	2.0
. נמאס ל אני לרצות לעשות פעולה , לעשן גראס ו אז לא לזוז במשך שעה ו חצי . זהו בגדול , לא יודעת למה מספרתי את זה ב ה רשימה	2.0
היי ה ערב שישי , שר ה בריאות אדלשטיין ב ה ראיון . ליל ה מסיכות עם שוטרים ב גוש דן . כתבות מגזין ראיון עם ה שודד ש הואשם ב רצח דורון שוסטר , חברת קנאביס , תומר ו שונית חמד . ו גם סיכום מנדלבליט רוזן . il מוזמנים .	2.0
למה מזכיר ל אני טת עישנתי גראס ב קולג אבל לא לקחתי ל ריאות של קלינטון או אובמבה ?	2.0
שליחים של חברות קנאביס רפואי ש מסתובבים כל ה יום בין חולים בלי לשים על עצמכם ציוד מגן , יו אר דואינג איט סו פאקינג טוטאלי רונג	2.0
פרסום ראשון חוות ה קנאביס של חברת קנביט נפרצה ו נשדדו מן היא שתילי קנאביס , יש ה מעריכים עשרות עד מאות שתילים . ה חווה ממוקמת ב ה ישוב נאות ה כיכר ה סמוך ל ים ה מלח . פרטים	2.0
זמן טוב לכתוב ש מי ש לא מוציא את ה אלכוהול מ ה חוק , צריך לתמוך ב לגליזציה של קנביס ?	2.0
שרשור ! ה הפגנה מחר ב בלפור ו ה הצהרה של ה דיקטטור היום גרמו ל אני לחשוב על זכויות . הערב , ראש ה ממשלה אמר ש חוקים זה מסורבל . מעכב . הוא לא אמר את זה כש חוקים מנעו מ להטב להקים מ שפחה , או מחולה ב כאב כרוני לטפל ב עצמו עם קנאביס . הוא אמר את זה רק בגלל ש זה מפריע ל הוא לשלוט ב אופן טוטאלי ללא שום הפרעה .	2.0
אחמדיל אבו שרלועה הוא מגדל קנאביס זעיר מ ה פזורה ה אריתראית ב ה דרום ת א ש מגיע עד אלייכם הביתה עם ה גמל טקסי של הוא ו מביא ל אתם סחורה טובה טובה עם ניחוח של אלכוג ל . מ מליץ	2.0
לפיד אמר צאו מ ה בתים אל תקשיבו ל ביבי זו לא דמוקרטיה ו עכשיו אחרי ש אנשים יצאו ו נדבקו הוא צועק ביבי אשם ש אנשים חולים ו סגורים ב ה בתים ב קיצור בחור על מריחואנה	2.0
היו היה גמד קטן ש חשב ש הוא נפוליאון השתחרר מ ה צבא ו קנה דירה ב מליון מ איפה ה כסף מה הוא עשה ? ה כל ב גדר תעלומה ! יבא סמים קנאביס , התעסק עם קטינות אפסטיין ו עכשיו ב פוזות את אנחנו מ נסה לקנות מופיע ב כל במה עם את היא ה גחמה רק לא ביבי , ה בן אדם מתוסכל ל ה יראות את ביבי הוא לא מסוגל ! pic.twitter.com VE roVGCCo	2.0
MDMA Extazy מריחואנה מול אני קוק ה חברה של מתודלקים יופי טופי	2.0
מה ב סוף עם לגליזציה	2.0
שיח טלקאן עם היא חתמה ה חברה על שיתוף פעולה , קיבלה רישיון גידול קנאביס	2.0
ה משטרה מנצלת את ה עובדה ש בני ה מגזר ה ערבי ש יש ל הם סכסוכים נשארים ב ה בית , אבל חמושים כמובן . בעקבות מידע מודיעיני , התקיים חיפוש ב מתחם משפחתי ב כפר קאסם . בלשים ו כוח של מג ב מצאו קלצ ניקוב , רובה צלפים , אקדח , רימוני רסס ו שקית מכובדת של קנאביס . עוד אותר ב מתחם רכב יוקרה ה חשוד כ ה גנוב . pic.twitter.com cq pMhiMaN	2.0
רגע של גאווה עובר על רשימת מרכיבים ל קארי צהוב ו מגלה ש יש ל אני את כולם ב מקרה ב ה בית , כולל גבעול למון גראס ש ניערתי מ ה ירקן ה יקרן ב טכניקת מתפעל לפי תומו ש מבוצעת לאחר ה רכישה ה מתוכננת	2.0
להזכירכם ד ר ג מ אל זחאלקה רוקח . להזכירכם ה דוקטורט של הוא על קנאביס ...	2.0
אייטם מאוזן של מנחה ב ה עד לגליזציה גיא לרר ו מתנגד צד שלישי ב עד לגליזציה .	2.0
ה פעם ל ה מבריחים היה גם ציוד צבאי רב רובה M , מחסניות , ארגזי תחמושת , ציוד אופטיקה ל ראיית לילה ו קשר . עשרות קילוגרמים קנאביס נתפסו הלילה ליד גדר ה גבול ב הר חריף . נעצרו חשודים מכפרים לא מוכרים ב ה איזור ב ש דימונה . pic.twitter.com LdFajKs b	2.0
דרוש ל מגזין קנאביס כתב בעל יוזמה ו ראש גדול בעל ניסיון ב כתיבת תוכן חדשות , כלכלי , מגזין יתרון ל בעלי ידע ב שוק ה הון ידען ב תחום ה קנאביס קורא ותיק ו קבוע של מגזין קנאביס מעוניינים ? קו ח ל ה מייל admin.com	2.0
אהוד ברק עישנתי קנאביס אבל לא לקחתי ל ה ריאות	2.0
אולי תעורר את עניין ה גזלה ב ה קנאביס . צעירים ו מבוגרים עם כישור רפואי צורכים קנאביס ו שילמו ל חודש . עכשיו את היא כמות ל חודש . מה זה ?	2.0
לראשונה רשת Be של שופרסל תמכור קנאביס רפואי ב ה מרשם דרך	2.0
בלי ש שמנו לב ה פרלמנט ה לבנוני העביר אתמול חוק ש מתיר גידול קנאביס ל צרכים רפואיים ו תעשייתיים . ה סיעה של חיזבאללה התנגדה . אבל ה חוק עבר	2.0
לראשונה רשת Be של שופרסל תמכור קנאביס רפואי ב ה מרשם pic.twitter.com lyhHbHrkHL	2.0
יש פה עוד מישהו ש נוסע הביתה עם ה מבורגר יומנגס ב ה מושב ליד ב ה זמן ש הוא מאדה קנביס ? רק אני ? אעדכן !!	2.0
סוכלה הברחה ב גבול מצרים נתפסו אמל ח לא חוקי ו שקי סם מסוכן מ סוג קנאביס	2.0
קנביט קבלת תקני IMC CSP ל מפעל ה ייצור ו ל בית ה מסחר ל מוצרי קנאביס ב ה ציפורת CNBT	2.0
תושב מזרעה מואשם ב ה גידול שתילים של קנאביס	2.0
מ חקר חדש ב איכילוב האם קנאביס משפיע על חולי קורונה ? חדשות MivzakLive	2.0
הודות ל ה ממשלה ש מאפשרת ל הוא להבריח קנאביס ל ה ישראל , כמובן ייבוא .	2.0
אחיי ו רעיי ב יהדות ה תורה ה ערב תרמתם תרומה דרמטית ל בריאותם של אזרחי ישראל . נפגעי עישון , מטופלי קנאביס , קורבנות פדופיליה , זקנים ב ה מסדרון ו מכיוון ש אני לא זוכר מ פלגה ש תרמה כל כך הרבה ל אזרחי ישראל ב החלטה אחת אמיצה אני את אתם ב ה בחירות ה באות ! ט.ל.ח pic.twitter.com m RN hARh	2.0
קוקאיןןןן ו אלכוהלללל מריחואנה ו ספידיםםםםםם	2.0
פלורידה חבית ו ב היא עשרות ק ג של מריחואנה נשטפה אל ה חוף pic.twitter.com usZ em XoP	2.0
אינטרקיור קנדוק ב ה הסכם שת פ אסטרטגי נוסף ל הגדלת כושר ה ייצור של קנאביס רפואי INCR	2.0
שלום חנוך מ עשן גראס . ה שם	2.0
יוניבו מייבאת ל ישראל מאות ק ג של קנאביס מ קנדה	2.0
מטענים , גראס ו עוד דרכים להתכונן ל ה קטסטרופה	2.0
קובץ חדש עלה ל ה אתר , מוזמנים לעיין צו יצוא חופשי קנאביס רפואי	2.0
קצת מידע מועיל על ה רכיבים ה פעילים של ה קנאביס . קנאביס מריחואנה cannabis CannabisCommunity weed marijuana בריאות news pic.twitter.com HBqyvdzaew	2.0
סט קובני שעון צמיד ו שרשרת גראס	2.0
ה משטרה חשפה מעבדת הידרו עם כ ש תילי קנאביס ב שטח ה משק ב איזור ה מועצה חוף אשקלון חשוד נעצר	2.0
חוות קנביט בנאות ה כיכר קיבלה תקן GACP ל הפצת מוצרי קנאביס רפואי ב ה אירופה	2.0
ישראל היתה אמורה להיות מעצמת ייצוא קנאביס בינלאומית , ו אולי זה עוד יקרה , אבל בינתיים היא הפכה בתוך חודשים ל מעצמת ייבוא ה קנאביס ה מובילה ב ה עולם . בדקנו מה חושבים על זה ב ה תעשייה ה מקומית , ו זה מעניין	2.0
איך לדעת אם צריך להחליף מסכה אתה עובר ב כיכר דיזינגוף ו כל מה ש אתה מסוגל לקלוט זה ריח של קנאביס , יין ו זיעה תודה תל אביב	2.0
כל מה ש אני רואה זה ב צים של גראס	2.0
רה מ ה סגר ממשיך לפחות ל עוד שנה כולם מ הההה ל ה אאאאא רה מ אבל קנאביס חוקי כולם יייאיי כ ןןןןן רה מ ב ה מרשם רופא מורשה בלבד כפי ש היה עד עכשיו כולם רה מ להפך , נגביר את ה אכיפה על קנאביס ללא מרשם מדליק ג וינט אל תנסו את אנחנו	2.0
חיים שדמי עם רצח ב עינייםצמא דם ו רוצה לרצוח את יאיר נתניהו ו להשליך בקבוק תבערה לעבר בית ראש ה ממשלה ב עידודו של אהוד ברק ה תומך ב חלאות ה נושאים את ה דגלים ה שחורים ו מספק ל הם קנאביס עם חשיש ו ל כן הם בסוטול pic.twitter.com jl BnNbfLJ	2.0
טוגדר משלוח ראשון של ק ג קנאביס יצא מ אוגנדה ל ישראל	2.0
שמח לקחת חלק ב ה פאנל ה מרשים ב ה וובינר סביב אחת ה סוגיות ה מורכבות ו ה מענינות ב ה תעשיה ה יצוא ו ה יבוא של קנאביס מוזמנים להצטרף pic.twitter.com x KlxfJKoj	2.0
מוח אני עייף , רגלים כואבות , געגועים ל בייבי סטלת עייפות מריחואנה זה כמעט רווח ! אז אין ממש ברירה אחרת אלא לאונן עכשיו שעות . מצטער עולם . אני הולך לבזבז קצת תאים על טישו אחים ש ל אני אהבה עצמית	2.0
ה איש ב מלחמת עולם ה שניה נראה על קנביס או ש הוא ראה את ה סרט ה זה כבר .....	2.0
ה משטרה איתרה כמויות גדולות קנאביס , חשיש ו קריסטל ב ביתו של בן ב קריית גת	2.0
מי צריך מריחואנה כש יש סקרים .	2.0
ה יותגובות טובות ל השלמת המ מ ים של זבוטינסקי עבור ה גב ש מתקשה , אז הנה מרפא מעון מ נתח פלסטי מריחואנה מ שועממתתת	2.0
ה סיבה ה עיקרית ש בגין היא אין לגליזציה מה יעשו עם כל ה אנשים ה אלה ?	2.0
עשרות ק ג של שתילים , תפרחות ו שמן קנאביס נתפסו אתמול ב שתי דירות ב תל אביב יחד עם , ש ח ב ה מזומן , זאת לאחר ש ב ה משטרה נתקבל מידע מודיעיני . פעילות ה משטרה ל מיגור ה פשיעה נמשכת ב צל נגיף ה קורונה , נמסר . ו ידאו ו תמונות	2.0
שידוכים סאטמאר סיגעיט מזל טוב !! ה חתן אלימלך ב ר ישעי רובין אבד ק קערעסטיר ו ויליאמסבורג חתן ר חיים אליעזר גראס עב ג הכלה ב ר הערשל מייזעלס רעים מתוקים מ אנסי בן ה רה צ ר יחזקאל אבד ק אוהעל ו ויליאמסבורג חתן אדמו ר מסיגעיט שליט א	2.0
כתב אישום נגד תושב כרמיאל ש הקים מעבדה ל גידול סמים ב ה בית ב באר יעקב ב לשי משטרת ישראל הגיעו לפני כ שבועיים ל ביתו של ה נאשם , צעיר בן , ו ערכו ב ה מקום חיפוש על פי צו של בית ה משפט . ב מהלך ה חיפוש מצאו ה שוטרים ש תילי מריחואנה , סמים ב משקל רב ו ציוד ה משמש ל גידול ה סם .	2.0
ה שדרה ה חמישית . מ צד אחד רחובות ה עיר ריקים , מ צד שני ריח של גראס ב כל מקום pic.twitter.com JY vBF	2.0
דיונים ב קבוצת מנהלי ה אגף ש גורם ל אני לצהול ש אני כבר לא מנפק קנאביס .	2.0
בלט ב היעדרו ב ה הסכם בין בניומין ל ה גנץ מ שה פייגלין כשר ה מיוחד ל ענייני לגליזציה	2.0
איך הוא ישמע הוא עסוק ב לארגןלעצמו מצבור של גראס אם יהיה עוצר ש הוא יוכל לעשן ב ה שקט	2.0
מדענים מצאו שאריות של קנביס על מזבח מ ה מאה ה לפנה ס ב תל ערד .	2.0
אנחנו ה ישראלים חבורת חולי נפש קיצוניים . רק לפני ימים כמעט בזזו כאן סופרים ו ה מרכול ה שכונתי נראה היה כמו אחרי פיגוע . היום הספקתי דואר סופרפארם סופרמרקט , בלי אף אחד בתור או ב ה רחוב בכלל . מ קיצוניות אחת ל ה שניה . דחוף קנאביס ל כלל ה אוכלוסיה pic.twitter.com UlRRbzJ aT	2.0
. אני מאושר , לא לצאת מ ה בית ו לא לארח . . אני צריך לרכוש היום קנאביס מ בית ה מרקחת , אף אחד לא יכול להביא ל אני את זה . אני צריך להיות שם עם תעודת זהות ו רק אני יכול לקחת . אז אולי , רק אולי , תחשבו לחזור ל מתכונת של ה משלוחים ב ה תקופה ה זו ו לבטל את ה רפורמה ? איך אנחנו אמורים לצאת ?? . twitter.com F KmvgpFlQ	2.0
אגף פשע פרמצטיבי ב משרד ה בריאות זה שורה ארוכה של משרדים קנאביס , קנאביס , קנאביס ו קנאביס ו אין אף משרד סמי אונס .	2.0
צפו , ש תילי קנאביס נתפסו ב ה צפון	2.0
בזבז על חולצות שחורות , קנאביס ו טיסות ל איי ה בתולה ו ב דרך גם תפתח מפעל ל ה חם צוואר ....	2.0
ב ה ואו נעשה ניסוי נכניס יריבים ל ה חדר . פעם אחת ניתן ל הם סיגריה רגילה , פעם אחת שתייה חריפה ו ב ה פעם ה קנאביס ה צמח ה אסור ו נורא מעניין את אני מה יהיה ה פן ה פסיכולוגי ו ה תוצאות ה סופיות .	2.0
גבר ב שנות ה ל חייו מ אשקלון נעצר לאחר שכ גרם סמים מ סוג קנאביס , מחולקים ל ה שקיות , ש תילי מריחואנה , משקל אלקטרוני ו עשרות אלפי שקלים ב ה מזומן , נתפסו ב ביתו ב ה מהלך חיפוש	2.0
ליברמן איזה מדינה מיוחדת ב מינה , איזה ממשלה הכי גרועה ש קמה ל אנחנו . זוכרים את מסע ת באוגוסט ? רהמ דיבר ב ה פאתוס על כלכלה ליברלית , ייבוא קנאביס ו חתם הסכם עם ה שר ה כלכלי ה מיועד מ שה פייגלין . פייגלין , מיסגרת את ה הסכם ? תמכור את ה נייר ב eBay. יהיו הרבה קונים ל חתימת מקור של נתניהו . pic.twitter.com cPnlBfMOMU	2.0
אני אוהב את ה עולם . אני אוהב את יורי ו שרון . אני אוהב את ה בייבי של אני . אני אוהב מריחואנה . אני אוהב חומרה . אני אוהב לפרמט . אני אוהב להכין ל ה ילדים של ה בייבי של אני מ חשב מדהים ש ישפר ל הם את ה גוד ו ויבס ב אמצע ה קורוני . יש התפתחויות ! ו אני לומד מ הן מלא ! חומרה זה מדהים ! ו יורי גאון	2.0
עדכון מ ה מיכלים של ה משובטים בזיליקום תאילנדי ו ל מון גראס חיים pic.twitter.com MeN WXeQK	2.0
אינטרקיור הסכמים ל אספקת כ טון מוצרי קנאביס רפואי ב ה תקן GMP של קנדוק בת ל בתי מרקחת INCR	2.0
קנאביס ל טיפול ב קורונה ?	2.0
גידול קנאביס ב ה בית ב ה זמן קורונה	2.0
ה אמת ו רק ה אמת , ה ביקורת על ל ה יצמן כי הוא שם זין על כולנו ו מגן ב חירוף נפש על פדופלית , חברות טבק ו רפורמת קנביס כושלת , זה עוד לפני ש כל ה תרומה של הוא ב ה משבר ה זה זה לדחות הנחיות ל ה מגזר . ב ה שיח של כתבי ישראל היום יש ארומה של בורות , ו הגנה אוטומטית ב כל חובש כיפה אלא אם הוא נגד ביבי או רפורמי	2.0
ב נזוג מחפש דבק ב ה אינטרנט ידעת ש גורילה גלו זה גם שם של גראס ?	2.0
מלחמת יום כיפור . שבוע ראשון ל ה מלחמה , ישראל בנחיתות מול ה אויב ה ערבי . חוסר קריטי ב ה נשק ו תחמושת . מבצע ניקל גראס יוצא ל ה דרך ו רכבת אווירית של נשק ו תחמושת מגיעה ל ה ארץ ב מהלך ימי מאמץ עילאי ב ניצוחו של הנרי קיסינג ר . pic.twitter.com cfbxulOWKC	2.0
ל ה כבוד כמעט אלף עוקבים חשבתי לעשות ניקוי אורוות ו להצהיר קבל עם וטוויטר ש אני מצייצת המון על מין , אוננות , ניצול מיני , סטראפאון , בדסמ , יצירה , הוראה , פוסט טראומה , קנביס רפואי ו סטיות שונות , ו גם שאני לא מעלה נודז , לא מחפשת שידוך , לא מעוניינת ב ה פוליטיקה ו לא זקוקה ל ה עצות . אנפלו חופשי	2.0
אחרי ה חדשות ב חמש עם ו אריה אלדד ה יועצת ה משפטית של הכנסת לשעבר נורית אלשטיין , ח כ אלעזר שטרן מכחול לבן , אריאל כהנא מישראל היום , יהודה משי זהב , פרופ יורם לס , ו למה צריך קנאביס רפואי ב ה בידוד ? הרכיבו ל אתם ב בית מכונת ה נשמה , ו בואו .	2.0
קאנומד הודעת משרד ה חלקאות ב דבר סיום תקופת ה הסגר של זרעי קנאביס מיובאים ה משך CNMD	2.0
פייגלין הטריל פה כמה עשרות אלפים ו הוכיח ש הם אכן עגלה ריקה אם ב קצת דיבורים על לגליזציה ו שוק חופשי אפשר לגרום ל הם לתמוך ב ה מפלצת ש הוא	2.0
מ חקר חדש ב איכילוב האם קנאביס משפיע על חולי קורונה ? pic.twitter.com uB YlgbodV	2.0
גם כשמושבת ו לא ברור עד מתי הרבה בריאות , גם כש הוכיח את עצמו כ אחד ה מנותקים וואלה מ אלה , גם אחרי קדנציה מחפירה ו התעללות ב עשרות אלפי מטופלי קנאביס , גם כש הוא לא נספר ב ניהול ה משבר ו נרדם ב ישיבות , גם כש הוא מפר הוראות ב עצמו עדיין ל יצמן הוא ה שר ה יחיד ב ישראל ש אי אפשר להזיז מ תפקידו	2.0
תגידו , אנחנו יודעים מה דעתו של שר הבט פ ה חדש , אמיר אוחנה , כלפי קנאביס ?	2.0
שארלוט פיגי , ה ילדה ש חשפה את ה ציבור ה אמריקני ל תועלות של שמן קנאביס ל טיפול ב אפילפסיה , מתה אתמול לאחר ש נדבקה ב נגיף קורונה . פיגי היתה בת ב מותה . ל ה סיפור	2.0
ככה זה . מייל . טלפון . תוך שבוע הם יבקשו מפתח ל ה דלת של ה בית ו יופיעו ב שתים עשרה ב ה לילה עם עציץ גראס ו ארגז בירות ו יגידו אני יודע ש אני צעיר מן אתה ב עשר שנים ו את לא אוהבת את אני אבל אני חייב מקום לישון	2.0
קובץ חדש עלה ל ה אתר , מוזמנים לעיין תיקים פליליים ו קנסות קנאביס , שימוש עצמי , לפי עיר אוק אפר	2.0
יוניבו קיבלה אישור ל ייבוא תפרחות קנאביס רפואי	2.0
ק ג קנאביס של חברת קנופי צפויים להגיע ל ישראל KREI RegBioTech Cannabis קנאביס bit.ly R x Hs	2.0
בואו לא נדבר על אם ה סיפוח יהיה הצלחה או פיאסקו ו על ה משמעויות של הוא הגיאו פוליטיות של לגליזציה של ה כיבוש . בואו נדבר על איך אנחנו מתכוונים להתנגד , להפריע ו לשבש את פעולות ה ממשלה ש רוצה את הוא . ו על כמה קסום ו מהפנט ה גור ה זה ש זה לא ייאמן . pic.twitter.com QUVgccVr h	2.0
פוסט ראשון אז , גם ביבי ו גם גנץ הבטיחו לגליזציה , מר פייגלין נכנס תחת אלונקתו של ביבי ו בין ה יתר הציע לגליזציה . אז מה קרה מ אז ? מערכות בחירות , מגיפה עולמית ו פוסט של עידן ארץ מזכיר ל אנחנו שוב כמה חשובות זכויותנו , לגליזציה ו במה משטרת ישראל עסוקה ב זמן ה מגיפה . ש יהיה ל אנחנו ב הצלחה .	2.0
רוצים לייצא קנאביס רפואי ? קבלו רישיון מ משרד ה בריאות חדשות MivzakLive	2.0
שם כסף על זה ש לא בדקו אם קנאביס טוב ל ה קורונה כי הם פוחדים מ ה תוצאות	2.0
ל יצמן ב ה בידוד לא צריך אינטרנט ל ה תקשורת עם ה עולם ה חיצון . כש ה יונה תגיעה ל חלון שלו עם עלה של גראס הוא כבר ידע ש ה כל מאחור אנחנו	2.0
כל קהילת מטופלי קנאביס תומכת	2.0
יש אנשים ש קונים גראס ו יש גראס ש קונה אנשים , ב קיצור סוחרי טלגרם זה אשכרה רוכלים ב ה שוק עם סמארטפון pic.twitter.com LDWpvE	2.0
פיד מחאות , בקשה מי ש הצל את הם ו ידאו או סטילס ב ה הפגנה ה ערב , גם ב ה קטע ממש חובבני , ו יש ל הוא חומרים גם מ הפגנות קודמות של ה עצמאיים , דברו את אני . מוצ ו מוצ ו גראס	2.0
האם ה קרן ה חדשה לישראל משדלת את מפגיני בלפור לעבור על ה חוק ? פוסט ש פרסמה לאחרונה ה קרן ה חדשה ל ישראל , מדריך את מפגיני בלפור כיצד לחמוק מ מעצר טלפון על מצב טיסה , בגדים מטשטשים , בלי גראס ב ה כיסים ה קרן ה חדשה ל ה אנרכיה ב ישראל ?	2.0
אינטרקיור ה ק נפתחה ב שיתוף פעולה אסטרטגי ו בלעדי עם APHRIA ל ה ייצור ו הפצה מוצרי קנאביס רפואי INCR	2.0
ה מגזין קנאביס רפואי	2.0
תושבי ניו זילנד יצביעו בעוד כמה חודשים בעד או נגד הצעת חוק ש תאפשר ל בני ומעלה לרכוש עד גרם קנאביס ב יום , ו לגדל עד שני צמחים . ה סקרים ה אחרונים מראים כי רוב ה תושבים מתכוונים להצביע בעד לגליזציה . כל ה פרטים	2.0
רבי מרדכי גראס ביים ש אקלען ד מינים ביי ר שמעון בן יוחאי , ו ועלכע איז א געוויסע סגולה צו פטור ו וערן פון מגיפות . pic.twitter.com e KYM lDum	2.0
שוק ה קנביס ב קנדה לא מצליח להתרומם	2.0
תיעוד מגה מעבדת סמים ב דירות בת quot א נתפס מעל ק quot ג קנאביס	2.0
ו אכן גנץ שמע ו עשה את ה מהלך ה נכון ו החליף את יושב ראש הכנסת ... מה אתה אומר אדון קנביס	2.0
אלפי מטופלי קנאביס מקבלים הודעות ספאם פרסומיות ב SMS מ חברת פנאקסיה ב ניגוד ל הוראות חוק ה ספאם , מה ש יכול להביא ל תביעות ב סך מיליוני ש ח . מ בדיקת ה מגזין עולה כי ה חברה אף לא מאבטחת כ נדרש את איסוף ה נתונים . תגובת ה חברה מתעלמת מ ה עובדות . ל ה סיפור	2.0
פנטזי נטוורק קנאדורף הצלחה ב פיתוח שיטת ריבוי צמחי קנאביס רפואי ב ה טכנולוגיה של תרביות רקמה FNTS	2.0
לאחר אישור ועדת ה שרים ל ה חקיקה צוות ב ין משרדי יתכנס ב יום רביעי ל בחינת הצעות ה חוק ל הסדרת אי הפללת משתמשי קנאביס	2.0
פורסם דירוג Dun s ל סקטור עריכת ה דין ל שנת דירוג משרדי עוה ד מחולק ל תחומי עיסוק . לראשונה מדורגים תחומים נוספים קנאביס רפואי דיני צבא תחבורה ו גישור דירוג אישי ב ה פעם ה ראשונה ב ישראל . אז מי הם משרדי עוה ד ה מובילים ב ישראל ?	2.0
ה משטרה עצרה אמש ב זכרון יעקב תושב חיפה בן , כש ישב ב אופן חשוד ב מכוניתו ב אחד ה חניונים ב ה ישוב , ב חשד ש הגיע לסחור ב סמים . נתפסו עשרות שקיקי גראס ו רכוש ה חשוד כ ה גנוב . היום ב בית משפט ה שלום ב חדרה מ בקשת ה משטרה להאריך את מעצרו . . twitter.com SnIX DsPPg	2.0
אמא של אני ראתה את זה מ רחוק ו שאלו את אני אם זה גראס pic.twitter.com jkse vi	2.0
יוניבו התקשרות ב ה הסכם לפי הוא תרכוש מחוות טלקאן עד של טון קנאביס רפואי ב ה שנה UNVO	2.0
ב מהלך שידור לייב ו שאלות צופים סירב ח כ נפתלי בנט פעם נוספת להשיב ל שאלות מדוע אתה נגד לגליזציה ו האם אתה מבין ש משמעות התנגדותך היא תמיכה ב פשע ו ב ה טרור . ימין . חלש .	2.0
ו עכשיו ל ה חידה ה יומית , ב איזו קבוצה ה הודעה ה באה , טלגראס או מנהלים ב סופר פארם ל מי יש קנאביס מגולגל T C ב איזור גדרה אשדוד אשקלון ? אני לא חבר ב ה אף קבוצת טלגראס .	2.0
חובות כבדים של לבנון גרמו ל היא להיות ה מדינה ה ערבית ה ראשונה ש מאפשרת לגליזציה ל גידול קנאביס בכירים ב לבנון לאחרונה כינו את איכות ה מריחואנה ה לבנונית כ ה טובה ב ה עולם ו מצפים ש ענף זה יניב הכנסה ממשלתית צפויה נוספת של מיליארד דולר ל שנה ...	2.0
עוד סיכון חברתי בן מלוד ש לא הוציא רשיון , נצפה נוהג ב צורה פרועה , כ דברי ה משטרה , ב רחובות ה עיר . מתחת ל ה מכסה ה מנוע היו ג קנאביס . סניגורו הכתיב ל ה ביהמש אין סיבה ש על ג אדם יהיה עצור . על תיק של נהיגה פרועה אף אחד לא יעצר , אז ביהמש הבהיר ש ה לקוח של הוא מסוכן , ו כלא את הוא ל ימים	2.0
אלפי שתילי קנאביס נתפסו אתמול ב אזור ה כפר ירכא ב ה צפון . מ ה תפיסות ה גדולות ביותר ש היו , מדווחים ב ה משטרה . במקביל נתפסו כ ה זכור , שתילים ב ה דרום . ו ידאו ו תמונות	2.0
Nah..nak yahudi sgt מוזמנים ל קריית ה ממשלה ב תל אביב צומת עזריאלי נא להגיע ב ה ירוק לגליזציה ב ה ישראל pic.twitter.com xnEdRQKbVg	2.0
יוניבו הזמנת קנאביס רפואי מ קרסו פארמה קנדה ליצור ו שיווק מוצרי פרימיום UNVO	2.0
לא תאמינו ... מה ה משותף לאהוד ברק איתן בן אליהו מ פקד חי א גדעון נחושתן מפקד חי א ניצן אלון יוחנן דנינו מפכ ל ה ים לשעבר יודעים ? כולם מגדלים קנביס ... אח כ אל תשאלו למה ה שמאל מסומם	2.0
חממה עם כ ש תילי קנאביס אותרה ב מתחם בית ב תל שבע חשוד בן נעצר	2.0
לפיד על מריחואנה יש מספר שרים כמו מספר חולי ה קורונה	2.0
אנו נרגשים מ כך ש Calmer עוזר ל ה אנשים עם ה טינטון של הם . pic.twitter.com ftbgd f t	2.0
צו ייצוא חופשי ל הסדרת ייצוא קנאביס רפואי נחתם היום	2.0
שמחות אין דער קאראנע קריזיס ש מועס מיט מ שה אייזענבערג , יעקב שלמה גראס און שלמה יעקב וועבער . pic.twitter.com bZGmznURkx	2.0
שמישהו יבקש מ ברק המלצות ל זני קנביס הכי טובים . אפילו מ ה חברה של הוא , ש נדע על מה לבזבז	2.0
בית משפט ה שלום ב חיפה האריך עד יום שני ה בא את מעצרו של שדאד גורבאן , חבר מועצת ג סר א זרקא לשעבר , בן , ב חשד כי ב תום עסקת סמים של חצי ק ג קנאביס , ניסה להימלט מ מחסום ש פרסו בלשי ה יחידה ה מרכזית של מחוז חוף ש עקבו אחר ה מתרחש , ו תוך כך דרס ב רכבו קצין משטרה ו פצע את הוא .	2.0
חיים רמון חוזר ל ה קנאביס יוביל פעילות מימון קנאביס פנאי בארה ב כ לכליסט	2.0
הרבה מה איגודים וה התאחדויות הם המצאה מתוחכמת ש נועדה ל שרת אינטרסים מסחריים . הנה , הסתדרות ה רוקחים ש זינקה מול ה רצון של קיש לאפשר מכירת קנביס ישר מ ה מגדלים . הרי הם יורשו למכור גם ב ה רשתות . מ שמע , יותר רוקחים . אתם אמורים לצהול , אבל רואים ל אתם את רשתות ה פארם מאחורי ה גב . הסתדרות עלאק	2.0
ל דעתי זה סיגר קנאביס	2.0
תצייץ עישנתי קנאביס אבל לא לקחתי ל ה ריאות	2.0
נחשפה מעבדה ו ב היא שתילי קנאביס ב משקל של כ חצי טון ב בניין משרדים ב ראשון ל ה ציון	2.0
ל ה קנאביס ש התיישן יש השפעה שונה מ לקנאביס טרי ו היא נובעת מ שינויים ב ריכוזי ה קנבינואידים . THC ב תפרחות קנאביס עלול לאבד עד כ מערכו ב כל חודש ב ה ממוצע . ו גם מה קורה ל THC ש התיישן ? מחקרים בדקו . כל ה פרטים	2.0
מדוע יש ל חשיש ה שפעה יותר מועכת , מרדימה , ו מרגיעה מ זו של תפרחות קנאביס ? ניתוח ש ערך מגזין קנאביס ל תוצאות בדיקות מעבדה מ רחבי ה עולם מראה כי סיבה אפשרית היא פערים אדירים ב ה ריכוז של שני קנבינואידים . ראו כאן	2.0
כל מה ש צריך כדי להחזיר ל ה ארץ את ה זרים של ה כדורסל ו לחדש את ה ליגה זה לגליזציה	2.0
רק משתלות של קנביס .	2.0
עישן קנאביס ב ה גן משחקים ו תקף ב ה סכין לאחר ש העירו ל הוא על כך	2.0
היכן היה יריב לוין הדרעק ה מחליא , ב ה מקרים ה רבים ש בג צ נתן מכה ל ה לב של ה מדינה ? הלך לישון ב פינוי עמונה ? עישן גראס ב ה מרתף של ה כנסת , כש הוחלט על הריסת חלק מ ה ישוב אפרת ? לעס פטריות ה זייה מתאילנד , כש בג צ שכח ש יש בני אדם ב נתיב ה אבות ? אין ל אני ספק ש גם כעת , יריב לוין לא מבין את מעשיו .	2.0
ה פסיכיאטר ה מחוזי . נוני מ עשן גראס . ב ה זהירות עם קלונקס . תאשפזו את הוא ב תל ה שומר	2.0
אני מתחיל ל ה היות פאלנטואוליג לא אוכל כלום , רק נושמים אוויר של שמש , ניקוטין , גראס , ציפרלקס , קסנאקס קצת במבה בגלל ה מאנצ ו זהו . אולי קצת פיצות ו זהו . נ.ב . חוץ מקרייבים רנדומליים , ש באים ו הולכים תכופות , פעם ב איזה כמה שעות , ש אז אני נכנס ב ה מקרר ו זהו אני חושב .	2.0
ה יוש . אני לא עושה סמים בכלל מאז ו מעולם כי אני מפחדת להתחרפן , מי רוצה לעשות ל אני סדר ב ה מושגים רק כדי ש אבין על מה מדברים ? מדברת על מריחואנה ב ה צורותיה ה שונות , ה שאר עוד יותר רחוק ו אין סיכוי ש אתקל	2.0
אתם בטח שואלים איך אסתר חיות יודעת ה כל , מ ספורט , כיבוי אש , צבא ו עד קנאביס ו נגיפים . ה תשובה פשוטה היא למדה משפטים . שנים . שם מלמדים את הם הכל מ תחילת ה יקום ו עד ל רגע סיום ה לימודים . אה ו היא גם שרה ב להקה צבאית להקת פיקוד מ רכז !	2.0
תזכרו את זה כל אלו ש ניגנבו מ ה פוליטיקאי ה ישר ש בעד לגליזציה	2.0
אז ב לבנון תהיה לגליזציה לפני ישראל ? ספרו ל אני עוד על ה ווילה בג ו נגל ש ל אתם .	2.0
בלשי ה משטרה איתרו מ עבדת הידרו ל ה גידול סמים מ סוג קנאביס ב ביתר עלית . נתפסו כ שתילים מ סוג קנאביס ו זרעים ו חומר ה חשוד כ ה סם מ סוג קנביס ה מוכן ל מכירה . בנוסף נתפס ציוד ל הפעלת ה מעבדה , מוצרי דישון , מאווררים , ו עוד . כל חדשות ה מדיה	2.0
קורא כתבה על זה ש בעקבות ייבוא של קנביס רפואי מ קנדה יש חשש ש ה ענף יקרוס תוך כ די אני השמעת יללות ב סגנון אוף לא פייר מבכירים ב ה ענף . מוצא את עצמי מהרהר משהו כמו ובכן , אם ה ייתם מייצרים ב רמה ו ב איכות ו ב כמות ה קנדית אולי לא היו צריכים לייבא עכשיו ?	2.0
מייק טיסון , מחזיק חווה ל גידול קנאביס מרוויח חצי מיליון דולר ב חודש אחרי ש הוא כבש ב צעירותו את ענף ה אגרוף ו ה פך ל אלוף ה עולם ב משקל כבד , מייק טייסון מתחיל לעסוק ב ה חקלאות מגדל קנאביס Inside Iron Mike Tyson s amazing cannabis empire that makes , per month	2.0
כתבה ב ה ערוץ על קנביס רפואי ב ישראל , כרגיל על ה ענף השתלטו ב כ ירי צה ל ו ה משטרה לשעבר , הם בעלי ה מונופול כבר . כך ב רכב ל ה צבא , ב ה מזון , ביגוד ה נעלה , חלקי חילוף , פינוי מיקוש , משאיות צלולות מטוסים ציוד אופטי , מדובר ב עשרות מליארדים כל שנה , ב ה קצה תמיד תמצאו גנרלים לבנים ב מי ל מחלקים את ה שלל .	2.0
כמה אכיפת קנאביס יש ב ה עיר של אתם ? בדקו כאן	2.0
כשהייתי ב ה תיכון היה איזה בחור ש חילק קופסאות גפרורים עם גראס ל ה תלמידים , ב התחלה הוא היה נותן ל אתה חינם , ו אחרי פעם פעמיים הוא היה לוקח כסף . היה ל הוא משפט קבוע כ ה זה עזוב , על אני , אם תאהב תשלם . אז ה דיון ב בג ץ אתמול , אהבתם ? ה יום תשלמו .	2.0
אחרי ברלין ה שר החליט ש אין ל הוא מה להסתיר ו שיתף את ה טלפון של הוא עם ספקי גראס . ש אפו על ה פתיחות ! מותר ?	2.0
אינטליקנה תספק קנאביס ל IMC ה ישראלית ש נסחרת ב ה קנדה	2.0
גראס ה משפטים	2.0
ה משטרה איתרה קילו מריחואנה ב פתח תקווה	2.0
מעבדה ל גידול קנאביס אותרה ב ה דירה ב ביתר	2.0
אינטליקנה התקשרה ב הסכם ל מכירת תפרחות קנאביס רפואי ל חב פוקוס , כ פוף INTL	2.0
הוצאתי החודש מעל , שקל על קנביס ו סופר פארם ש זה כולל תרופות רגילות מן ה סתם איזה טירוף .	2.0
ינון לקחת גראס ? , ל אתה תעיד קודם כצלול , ל איש שאתה אחד מ עדי ה תביעה נגד הוא ו לאחר כל זאת פוסקי ה הלכה יפסקו כ אוות נפשך .	2.0
קאנומד הסכם עם בית מרקחת ל אספקת קג תפרחות קנאביס ב מחיר שח ל ה גרם , כפוף ל ה אישור ה יק ר CNMD	2.0
יש ערימה של דשא על ה חבר ה ה משטרה פשטה היום על מעבדת קנאביס ב ה קיבוץ משמרות .	2.0
שיח מדיקל התקשרות ב הסכמי מסגרת למכ קנאביס רפואי ב בתי מרקחת SEMG	2.0
ה לוואי ו ה חיים בלי קנאביס היו ב דיוק כמו ה חיים עם קנאביס	2.0
ה תשובה של אני ל ה שאלה האם קנאביס רפואי יכול לטפל ב ה פוסט טרואמה ?	2.0
אנשים ש לא יודעים ל צלם מסך , ה פוסט ה זה עלה ב ה קבוצה אני שולמן גם שמר כתבה איך לרדת ל אישה , גם תוכן פיראטי ו גם חשף כנראה ש הוא מגדל קנאביס . pic.twitter.com DXw qgsNY	2.0
אין גבול ל ה צביעות של ה שר ה שתיין חובב ה סמים ה נוזליים . מימין , לפני שנה קנאביס דופק את ה מוח , מ מכר ל ה חוויה נוירופסיכוטית ו מוביל ל סמים קשים . מש מ אל , אתמול יאללה סמים זה כיף . pic.twitter.com IZ uVRV	2.0
לגליזציה ?	2.0
למחוק קבוצות גראס ל מיניהן ב טלגרם ל מי יש שיטה טובה ?	2.0
הייתה ל אני ה זכות לשבת היום כ שעה ו חצי עם פרופ ארי שמיס , ש מסיים את תפקידו כ מנכ ל אסותא בעוד כ חודש . הוא סיפר ב צורה כנה ו מעניינת על מערכת ה בריאות ב ה ארץ , ב ארצות ה ברית , על ניהול ב ה היקפים כ ה אלה ו גם על קנאביס ו טכנולוגיה . מ ה פרקים ש היה ל אני יותר כיף להקליט . geekonomy.net geekonomy	2.0
קנאביס ב ה מרשם נחשפה ה תכנית ל תיקון רפורמת ה קנאביס ה רפואי דרך	2.0
ב אנחנו בן ה של סמכות תורנית ו סמכות תזונתית מ ה ישוב אור ה גנוז ש ליד צפת , נעצר אתמול אחהצ כש ב רכבו נמצאה כמות קנאביס ש לא ל שימוש עצמי , ו כ כל ה נראה נהג מסטול . הוא נתפס כש יצא מ יער בר יוחאי , ו טען כי הוא לא יודע איך ה סמים הגיעו ל רכבו . ביהמש לא קיבל את ה טיעון ה זה , ו הוא נכלא היום ל עוד ימים	2.0
זה יוכל להגיע עם שנה טיפול ב חינם ל פוסט טראומתיים בלי צורך למרר ל אנחנו את ה חיים ב מיליון תהליכים ש רק פוגעים יותר ? ב קידום רפורמת קנאביס רפואי ש יאפשר שינה נורמאלית ב ה לילה ו מענק כספי ראוי ש ייקח ב ה חשבון את ה מחיר ה אישי ש שילם כל מי ש היה שם שנים ? אם לא אני על ה אות של אני מוותר . הסתדרתי מצוין בלי	2.0
מומחים מעריכים עישון מריחואנה מ גביר סיכון ל ה סיבוכים ב מקרה של הידבקות ב נגיף pic.twitter.com sl do j	2.0
ב ה מכשיר ה שמאלי ל ה מון גראס ב ה מכשיר ה ימני ל ה און ב ה רידג ס אחלה שבת ב ה בוקר pic.twitter.com hp cXDAAyS	2.0
מ עשן גראס פותח מחשב קורא את ה כותרת ה זאת נלחץ מעשן יותר גראס pic.twitter.com C OYtETmIi	2.0
פרשת קפריסין ה מדינה ה יחידה של ה ציונות ה דתית ל גידול מריחואנה עיכבה את יו ר מועצת ירכא	2.0
מבקשת עזרתכם , אם אתם מומחים ל ה טלגרם , זה יעזור ל אני מאוד ! פעם אחת נכנסתי ל ה קבוצה ערוץ של ביטקוין או מה ש לא מכנים את זה רק מתוך סקרנות . מ אז אני מקבלת ים הודעות מתוך קבוצות של פשע , קוקאין מריחואנה אינדייה כרוניק , כסף מזוייף ו הכל עם שליח עד ה בית ! WTH ? מוחקת מבטלת , חוסמת מדווחת ו שוב פעם !	2.0
לא רק מזון ו נייר טואלט , יש עוד דברים ש צריך לארגן כדי להיערך ל סגר כמה היה ל אתם היום , אם לפני שלוש שנים הייתם משקיעים אלף שקל ב אחת מ שלוש חברות קנאביס ישראליות ?	2.0
ה משטרה תפסה כ שתילי קנאביס ב ה שטחים ה פתוחים ש ב ה נגב ו השמידו את הם במקום pic.twitter.com YTmQmsKipt	2.0
פרסום בנו של בכיר שב ס גונדר אשר ש ריקי נעצר ב ה שבוע ש עבר על ידי משטרת ירושלים לאחר ש גידל לכאורה ב חצר ביתו שתילי קנאביס ב משקל ברוטו של מעל ק ג ו ב דירתו נמצאו לכאורה סמים מסוגים שונים . בנו של שריקי שהה לילה ב ה מעצר ו שוחרר על ידי בית ה משפט ל מעצר בית מלא . ה חקירה נמשכת	2.0
שני תושבי ה צפון נעצרו ב ה חשד ל ניהול חממה ל גידול קנאביס	2.0
סוף יום עבודה , עומדת ליד ה אוטו לעשן ג ו ינט , להוריד מעל אני את ה שבוע עובר זוג גבר אפשר סיגריה ? אני אין ל אני , זה פייסל אישה מה ? אני מריחואנה אישה סמים ?! שימי ש לא תעז ל ה געת ב ה זה , הבנת ?! אני אל תדאגי , אין ל אני עוד , ו לא מעבירה מפה ל ה פה ש ימי שבת שלום ל ך אישה אני אראה ל אתה מ זה ש בת שלום	2.0
לאחר אישור ועדת ה שרים ל ה חקיקה צוות ב ין משרדי יתכנס ב יום רביעי ל בחינת הצעות ה חוק ל הסדרת אי הפללת משתמשי קנאביס .	2.0
GA לגליזציה הייתה מכניסה ל אנחנו כמה כסף ? לא כדאי ש נילחם ב מיתון ה קרב ?	2.0
הפגנות ב כיכר ריח של גראס הפגנות ב כיכר ריח של אלכוג ל	2.0
חדש מ קולגייט מ שחת שיניים עם ש מן זרעי קנאביס	2.0
