תתעודד של הוא ! לפחות תקבלו ל גליזציה !	0.0
אם הייתה כבר ל גליזציה ה סגר ה זה היה עובד ל אתם הרבה יותר טוב .	0.0
"ה מרכז לבקרת תחלואה ב ארה""ב ( CDC ) מזהיר חולים מוחלשי חיסון מפני ה סכנות ש ב ה צריכת קנאביס עם עובש . נתונים חדשים ש הוא מפרסם מראים מדוע חשוב ש חולים אלו יצרכו רק קנאביס רפואי מפוקח , ש ריכוזי ה עובשים ב הוא נבדקו ב ה מעבדה ו עומדים ב רף מחמיר . פרטים :"	0.0
לבנון עשתה ל גליזציה של גידול קנאביס לפני אנחנו . אני חוזר , לבנון השיגו את אנחנו . …	0.0
אוגרים קנאביס לקראת ה סגר : 30 % עלייה ב מכירות ב טלגר של הם …	0.0
"קנאביס ב ה מרשם רופא , ש יווק ישיר "" מ ה מפעל ל מטופל "" , סבסוד קנאביס ל מטופלים , ייצוא ל חו""ל , גידולי חוץ , סיבידי ו קנבינואידים נוספים חוקיים , העברת תחום ה טיפול ב קנאביס מ ה יק""ר ל ה הסתדרות ה רופאים ו עוד - נחשפה ה תכנית ל תיקון ה רפורמה . כל ה פרטים :"	0.0
אני ה יחיד ש נשאר ל הוא את ה דברים ה שחורים ה אלה ב סוף ה עישון ? ה קססה ה זו ש מצד אחד לא ל גמרי שרופה אבל מצד שני לא ממש חדשה ? בוא של הוא תשמעו רגע מה עושים עם זה ה חח וייפ קנאביס וויד ירוק וויד420	0.0
ל גליזציה ב ישראל ב ה שנתיים ה קרובות	0.0
קנאביס חזק יותר לא ב הכרח גם טוב יותר , אבל כן מדובר ב מדד מעניין ש הופך ב כל ה עולם ל תחרות : מי ייצר זן חזק יותר . ל חנויות ב ישראל הגיע היום ה זן ה חזק ביותר ב ישראל , ו ב רשימה כאן 4 זנים חזקים נוספים . תמונות ו פרטים :	0.0
"N 12 - חוקרים מ רמב""ם : "" קנאביס עשוי לסייע ל ה חולים קשים ב קורונה "" …"	0.0
רק גראס מחכה להיות חוקי , הוא פותר כל בעיה רפואית , חברות ה תרופות יכולות לסגור את ה מפעלים של הם , זאת מתנה ש קיבלנו מ אלוהים , היא של אנחנו , גם על ה צמח ה נדיב ה זה , מנסים להשתלט , תנו ל הוא לצמוח ב שקט	0.0
ליצמן היקר . נראה ל אני ש זה ב ה דיוק ה זמן להנפיק רשיונות קנאביס רפואי ל כולם .	0.0
זה אבסורד שביבי מואשם ב ה סיקור אוהד . . הוא ה אדם הכי מושמץ ב תקשורת ב ישראל אי פעם . זה כמו ש יאשימו את אני ש אני לא אוהב קנאביס טמטום נוסח ישראל	0.0
ב רגעים קשים אלו אני שמח ש קיים קבינט פיוס ש יוריד את ה להבות ו ימנע מלחמת אזרחים . אני גם שמח על כך ש ביבי הבטיח ל גליזציה של קנאביס - מה ש יאפשר ל כולם להיות טיפה יותר רגועים .	0.0
. . . סיום הסכם למכ' קנאביס בין תקונ ופנאק , יאפשר לתקונ לייעד שטחי גידול נוספים ל זני תיקון עולם $TKUN. . .	0.0
הכי אהבתי את ה פוטושופ של בנין ה עיריה מואר כ דגל לבנון כש ה עץ מוחלף ב הוא בעלה קנאביס כאילו זה אמור להעליב את אנחנו ק נאביס	0.0
אגב אורלי לוי קיבלה עכשיו את ה רשות ל מלחמה ב סמים , כ חלק מ ה סמכויות של היא ב משרד ל חיזוק קהילתי , אולי היא תעשה ל גליזציה ( חחחחחחחחחחחחחחחחחחחחחח )	0.0
ה מחאה גוברת , לכן אין ספק ש בקרוב שוב נשמע על ל גליזציה . עם של אני , ה אזרח ה קטן אני 2018	0.0
אין אפילו סיבה אחת ה גיונית לא לאשר עכשיו קנאביס רפואי ל כולם	0.0
ה יום ב ה שוק ה כרמל . נותנים כבוד . מזהים את אני ו מדברים . . . . הצטרפו חברים ש הכרתי ב מחאת ה עצמאים ו נפגעי קנאביס . קצת שינוי מ מה ש הרגשתי אמש ב ה כנסת עם ה מחנה של אנחנו . . . אני בהלם . ה רבה יותר אנשים עוצרים מרצון של הם ו מזדהים . ה דגלים ה שחורים יחידים חוזהחדש …	0.0
אי הפללת צרכני קנביס . כבר יש תוצאות ב ה שטח …	0.0
ל גליזציה תחילה . ו אז שיעשו ריבונות ו יקימו את ה מסעדה ל כל הכל יכול מלבד להכין ל עצמו לאכול מצידי .	0.0
ה חיפאים לא יודעים מה טוב , בתור חולת סרטן רק ל אני יש זכויות מינימליות ב ה מדינה , זה ה פתרון . תעשו כולם סרטן וילד לבד , ב יחד זה כמעט שכר מינימום מבטל . כולם צריכים . ו כמובן קנאביס עד ה בית . בוא של הוא נשווה זכויות סרטן ל כל !	0.0
פייסבוק את של היא הזכיר ל אני ש אתמול לפני 4 שנים הייתי ב אולימפיקו ב ה גמר גביע מילאן - יובנטוס יושבת ב קורבה בין אוהדי מילאן בתוך עננת גראס . איזה ערב נפלא . pic.twitter.com/v7RYxYimr q	0.0
לפחות תהיה ל גליזציה של קנאביס . ביבי הבטיח	0.0
משהו ש אי אפשר לחכות עם זה עד ה בוקר . מה עם שר ל ענייני ל גליזציה ?	0.0
איזה עולם נפלא ש יותר קל להשיג קנאביס מביצים	0.0
שמן זרעי ענבים – נוגדי חמצון , נוגדי דלקתיות , מעכבים הצטברות עודפת של טסיות דם , אנטי - מיקרוביאלים ו מעכבי תהליכי הזדקנות – זרעי ענבים … דרך @שמן קנאביס	0.0
אם כבר מדברים על לעשות ל גליזציה ב אילת , למה לא גם ב קריית שממה ? ככה גם נוריד את כמות ה אבטלה ה סמויה של בלשים ב איזור ש יתעסקו ב גניבות חקלאיות של טובאנים ו לא בלהציק ל סטודנטים של תל - חי ש ירדו לעשות שכטה ב נחל .	0.0
זכור של היא ל אני איזו הבטחת בחירות לגבי ל גליזציה של קנאביס או ש אני מחוקה מהסמים ו הזיתי ?	0.0
גלעד ארדן עוזב את ה כנסת ו לא יהיה שר ב ה ממשלה ה באה . ברוך ש פטרנו . ה צד ה בא : ל גליזציה של סמים קלים	0.0
שנים ש אנחנו מנסים להגיע אל הוא ו ה סאחי ה זה מ ארגן איתו הוא שיחה ב 5 דקות . עולם אכזר Herzog תארגן משהו ב חייך …	0.0
ה לוואי ש יגלו ש מה שמונע / מרפא קורונה זה גראס	0.0
פתאום נתקפתי כעס ו חוסר סבלנות נוראים ללא טריגר . מ זל ש יש קנביס שיווסת את אני כמו כן אני מעשן	0.0
3 6 שרים ו אפילו לא אחד ל ענייני ל גליזציה . ש תפו ש כולם יראו את ה צביעות !	0.0
"אמא של אני : "" מה ה בעיה ב נענע ? זה עלים ירוקים זה טוב. "" אני ב תגובה : "" גם גראס זה עלים ירוקים ו טוב "" קמצף של היא מאמא של אני לצעוק על אני או משהו* אמא של אני : * פאקינג צוחקת *"	0.0
סובלים מכאבים ? מה ה בעיה ? ! מריחואנה , לחיים ללא כאבים . ( פרסומת ב ה עולם מתוקן )	0.0
נתנים של הוא הודיע ל יוחר ה כנסת : ב כוונה של אני למנות את פייגלין ל שר כלכלי , את ברקת ל שר ה אוצר , את גדי יברקן ל שר ה קליטה , להחיל ריבונות ביו״ש ו ב קעת ה ירדן , לעשות ל גליזציה ו למוטט את שלטון ה חמאס .	0.0
ה נחתי את משרד ה בריאות ל ה חלק מריחוא של היא חינם ל כולם .	0.0
ה לוואי ש ב אמת היה אפשא לייצר גראס מדשא	0.0
טוגדר - חברת ה קנאביס ה רפואי מזנקת היום בכ - 8.5 % - לאחר דיווח על ש תחפ ל שיווק קנאביס ב ברזיל . ה השוק ה ברזילאי עצום ו גדול פי 20 מ ה שוק ב ישראל ; ו יש ב היא 2 מיליון משתמשים ב קנאביס רפואי״ , אומר נסים ב רכה המנכ״לשלא ל דבר , על רבים מ שאר 198 מיליון ה ברזילאים מעשנים קנאביס לא רפואי pic.twitter .com/cui Y 67UBXb	0.0
"יצא אח ! לכבוד יום ה קנאביס ה בינלאומי שחל היום ( 20.4 ) מציע ח""כ עידן רול ל חברי ה כנסת ו ה ממשלה לתמוך ב הצעת חוק ל לגליזציה של קנאביס , זאת בין ה שאר כ פתרון ל ה משבר ה כלכלי ש נגרם עקב מגפת ה קורונה . ל סרטון ה מלא :"	0.0
ה משטרה פשטה על ה חוף כדי ללכוד גולשים ש הפרו את ה סגר ו ש היו עלולים לגרום ל הדבקה ה מונית של ה דגים בים . לא חבל על כל כוח ה אדם ה זה ? ב זמן ה זה הם יכלו לפשוט על בתים של משתמשי קנאביס תמימים ל ה טח.פהחויחה . ל ה קפפפויטויויחה	0.0
שאלה רצינית האם לפחות דבר אחד טוב יצא מ ה ממשלת שמאל ה זאת ? שאמיר אוחנה יהיה שר ה משטרה האם תיפסק סוף סוף ה רדיפה ה מוגזמת אחרי צרכני קנביס ו ניצול משאבי ה משטרה ל ה משימה ה מיותרת ו לא מועילה ה זאת ?	0.0
לא נשכח ו לא נסלח 4:20 ל גליזציה pic.twitter .com/iC0Afkj1 K y	0.0
ב ה דיונים מ אתמול על אילת שאלו את אני על ה אפשרות להקים קזין של אנחנו ב ה עיר , אבל עצם ה דיון ה זה שגוי . אם אנחנו מעוניינים ב בתי קזין של אנחנו ב ישראל , צריכה להיות ה אפשרות להקים את הם ב כל מקום ש ב הוא היזמים ירצו , ל או דווקא ב ה עיר כ ה זו או אחרת . כך גם לגבי ל גליזציה . ה גבלת הקזינו ל אילת איננה שונה מ סובסידיות . >>	0.0
מ ה יתרונות של לגליזציה : ירידה ב מחירי ה וויד , הריסת ה שוק ה שחור של ה מריחואנה ב ה ארץ ו חיזוק ה כלכלה . מ ה חסרונות של ל גליזציה : אין	0.0
גם ה ליכוד ו גם כחול לבן פיזרו הבטחות בחירות ב נוגע ל קנביס ו מכל ה שרים ש הם יכלו להמציא אין שר ל גילזציה או אפילו ועדת קנביס ו לא בדקתי אבל מוכנה להתערב ש זה לא בקווי ה יסוד :	0.0
ליצמן , עכשיו זה ה זמן להקציב ל כל ישראלי מריחוא של היא . כנס מסיבת עיתונאים ל ה טח.פהחויחה . ל ה קפפפויטויויחה	0.0
"ח""כ מירב כהן , תומכת ל גליזציה , תהיה השרה ל שוויון חברתי . מ משלהירוקה"	0.0
רק ל גליזציה תפסיק את ה טירוף ה זה ראש ה ממשלה ה שר אמיר אוחנה תראו את ה שירשור ה זה ://twitter . com/akibigman/status / 1278964561194909696 …	0.0
"'אפריה ' ( ) , ענקית קנאביס קנדית נוספת , תחל לשווק בקרוב את מוצר של היא ב ישראל , זאת לאחר ש חתמה על הסכם שיתוף פעולה בלעדי עם חברת ה קנאביס ה ישראלית ה קנדוקח ב ראשות רה""מ לשעבר אהוד ב רק . עוד פרטים :"	0.0
לפי ה תכניות ש הוצגו עד היום קנאביס ל מטופלים היה צריך להיות מאושר , שיקום עובדות זנות כבר היו הופך את הן קצינות ב צהל , 900 זקנים מתים ב שנה היו ניצלים מ זיהומים ב מסדרונות , חאן אל אחמר היה מפונה ו נאום בר אילן היה קורה , כסף לא היה עובר ל חמאס ו גולדין ו שאול היו חוזרים , ה ספורט היה נקי	0.0
ה יתרונות ב עישון קנאביס זה שאתה מסטול ו ב מאנצ ו בא לך הכל אבל אתה מסטול מדי בשביל לקום ו לאכול את כל ה מקרר	0.0
ממשלה נהדרת . נקווה ש תקום . והכי חשוב - ל גליזציה עכשיו .	0.0
זה ה איש ש קיבל כל במה אפשרית ב תקשורת , ב צורה חסרת פרופורציות ו תוך התעלמות מ ה עובדה ש הוא ארכי פשיסט גזען , רק בגלל ש אמר את מילת ה קסם : קנאביס . אוהב את אתה מלא אבל מתכוון גם אל אתה …	0.0
ל גליזציה זו לא דקרמינילזציה .	0.0
מחקר ענק גילה : קנביס זה כיף	0.0
"ה הסכם ל הקמת ממשלת אחדות נחתם ו מביא עם הוא ב שורה גדולה ל תומכי ה לגליזציה ש מעולם לא היו קרובים יותר להגשים את חלום של הם . שני ה צדדים , נתניהו ו גנץ , התחייבו כי יקדמו הסדרת שוק קנאביס חוקי ו למרות התנגדות מפלגות קיצוניות סביר ש תמיכת ח""כים ב אופוזיציה תספיק . פרטים :"	0.0
בשקט מרחיבה חברת ה קנאביס ה ישראלית הותיקה IMC את פעילות של היא ב ה ארץ ו ב ה עולם . ב ה שבועות ה אחרונים קיבלה היתר יוצא דופן ל ה ייבוא 4 טון קנאביס ל גרמניה , ו חתמה על הסכם הפצת 13.5 טון קנאביס דרך סופר - פארם ב ישראל . פרטים נוספים :	0.0
תביא של הוא את שלום חנוך ו את מירי אלוני 50 ק''ג מריחוא של היא מפעל בירה ו נפתח וודסטוק ב בלפור . ה בייבי בום ש הולך להיות ב פלורנטין ב ינואר	0.0
משרד ה ביטחון דואג ל אני ל ה פרחים אורגניים משובחים , ו אני ה אחרון ש יכול להתלונן ! אבל עדיין , נכון יהיה לתת ל צרכני קנביס לגדל 3 צמחים בגין היא : חוקית ! עלי הצמח,לא רק ה פרחים הם ל מאכל . גם ל חתולים ו כלבים . מניסיון . …	0.0
ל גליזציה הופכת את כל ה סיפור ה זה ל מיותר ו תמזער את הוא עד כדי תעלים את הוא לחלוטין …	0.0
קנאביס זה מוצר יסוד	0.0
תדעו ש סופר פארם משתפת מלאי קנאביס ב בתי מרקחת של היא ב טלגר של הם .twitter . com / 18IRNq5Pm Y	0.0
עוד ב שורה טובה : יועז ה נדל , תומך ל גליזציה , יכהן בועדת ה שרים ל ענייני חקיקה . ועדה זו היא כמובן ה שער ה בלעדי ל אישור הצעות חוק ב ישראל .	0.0
הצעת מדיניות : סגר ל שנה , ל גליזציה של כל ה סמים , כולם בעצם בריטריט כפוי עם סמים , אחרי שנה הארה ה מונית , אבולוציה חברתית ו שלום עולמי ! …	0.0
התחתנתי את אני ב גיל 23 , נהייתי אבא ב גיל 25 , התברגנתי ל מקסימום ו מאז ש התחלתי לגדל עציץ קנביס אני יושב ל יד של הוא לפחות שעה ב יום ו מסתכל איך ה רוח משתובבת בין על הוא ה בריאים ו מרגיש בשל ל פנסיה	0.0
ה גיע ה זמן ל לגליזציה של קנאביס ל ה אנשים בוגרים | פרופ' קרס של הוא …	0.0
שמח לראות ש ה ממשלה מקדמת ל גליזציה ל ה טח.פהחויחה . com/kySzhsQj G8	0.0
למי ש חלם ש תהיה ל גליזציה כל עוד ה חרדים דתיים - שונות יהיו חלק מ ה קואליציה ה עתידית : זה לא יקרה . הם בחיים לא יתנו ל זה קצה של ידית , ו אם כן - זה יהיה ב מחיר זה ש הכל יהיה ב שליטת ה מדינה ו ב מחיר מופקע ( הרי חייבים להכניס את ה רבנות ב דלת ה אחורית כי יש שם כסף . ) , ש תהיה סגורה ב שבת . עפ'י חוק .	0.0
"ח""כ שלמה קרעי ל ה שאלה האם הוא בעד או נגד ל גליזציה : "" זה לא נושא שרלוונטי אלי "" . אז בדקנו karhi ו מסתבר ש לגליזציה ב גימטריה זה "" לפי ה הלכה "" ו גם "" ייטב ב עין של הוא "" . שקול שוב !"	0.0
"חוקרים מרמב""ם : "" קנאביס עשוי לסייע ל ה חולים קשים ב קורונה "" - …pic .twitter. com/erga9uv6 c u"	0.0
קחו תכנית ב ישול הכי בייסיק , הוסיפו קנביס ו זכית של הם ב תשומת לבי ה בלתי מעורערת ! מריירת קשות ו מתה מקנאה על זמינות חמרי ה גלם , על ה דרך ה קלה , ה נוחה ו הטעימה לצרוך טיהייצ׳סי בלי להציק ל ריאות , מתבאסת ש השפע ה זה כה רחוק ו בלתי ניתן ל השגה , הפומו הכי פראי אי פעם CookedwithCannabis ב נקהורדות	0.0
זהות : ל גליזציה זה רעיון טוב , יאללה לשחרר את ה צמח ל גליזציה : …	0.0
"קנאביס טוב בשביל כל דבר כמעט פטריות מדהימות נגד דיכאון , פוסט טראומה ו עוד בעיות נפשיות קשות , גם MDMA ו עוד לא מעט "" סמים "" . ...תקראו את הוא , תלמדו ו תתמסטלו ב אחריות"	0.0
מאז ש אני מחלק ל אני את ה צריכת קנביס לקצת במשך על היום במקום להתמסטל ממש ב ה ערב לפני ה שינה אני ב מצב הרבה יותר טוב . אני ממש שוקל להפסיק תקופה עם ה כדורים כדי ל העזר רק ב קנביס . מישהו ניסה ?	0.0
אתם הם מבינים ל מה צריך ל גליזציה ? אנשים ימשיכו לעשן חומר מרוסס ו יגמרו כמו פייגלין …	0.0
ה ממשלה החיה ב סרט של אנחנו ״תאשר״ ל ה אנשים לפגוש חברים . לא פלא ש אין ו לא תהיה ל גליזציה . ב טח הם מפחדים ש אם יעשו את ה וויד חוקי אז אנשים יעשנו .	0.0
- FDA הודיע כי יאפשר ל רופאים לרשום את ה תרופה ל אפידיולקסח של חברת ה תרופות ה בריטית GW ה מכילה את מולקולת ה קנאביס CBD גם עבור חולים ש סובלים מ ה תסמונת ה גנטית ל טוברוס סקלרוזיס' . פרטים נוספים :	0.0
ב ה מקום להקים קבינט פיוס לאומי הרבה יותר פשוט לעשות לגליזציה. . . .	0.0
ה רעיון של מוסף 7 ימים של ידיעות היה נחמד . לקיים משאל בין 120 החכים על ליגליזציה של מריחואנה . כמה מ נתשובות היו מעניינות , אבל ה כישלון היה ב כך ש - 59 חכים לא השיבו כלל ו לכן ה ממצאים אינם משקפים דבר ו ל מסקנות אין ערך . היו צריכים לעכב ה פרסום עד ל איסוף תשובות מעוד 30 - 40 ח״כים לפחות .	0.0
אני יזמת קנאביס ו בידיים של אני יושב ה מפתח ל גליזציה . . . .. . ה בעיה היא ש אני סטלנית ב צורה הכי מזוקקת שיש , ככה ש לוקח ל אני טונה זמן ל ארגן ל אתם ל גליזציה . ....אית של אתם הסליחה ל גליזציה	0.0
ש מעו אנחנו צריכים לצאת ל רחובות , עד ש תהיה ל גליזציה . תדמיינו ש עכשיו יכלתם ללחוץ על 2 כ פתורים ב ה טלפון , היה יורד ל אתם 80 שקל מ ה אשראי , ו חצי ש עה אחרי זה היה מגיע אל אתם שליח עם 5 גרם . בלי להתעסק עם מזומן ו ב מחירים נורמלים . אין שום סיבה ש זה לא יקרה , חוץ מ אטימות של מקבלי ה החלטות .	0.0
"ח""כ מיכאל ביטון , שר לעתיד ב משרד ה ביטחון ( כחול לבן ) , מסר ל מגזין קנאביס כי יתמוך ב הצעת חוק ל לגליזציה ב ישראל ( "" ב ה הסדרה מדודה ו זהירה "" ל דבר של הוא ) 4"	0.0
אחרי ש כל ה עסק ה זה ייגמר , ה דבר ה ראשון ש יקרה ב ה עולם זה ל גליזציה גלובאלית . כל מקום צריך תעשייה ש צומחת ב מהירות , ש תמיד יש ל היא ביקוש ב כדי להניע שווקים מתים . רעיון לא כ ה זה רע , לא ?	0.0
פייגלין כבר שר ? שואל בשביל חבר ש כולם הבטיחו ל הוא ל גליזציה .	0.0
ה הצעה של אנחנו : ל גליזציה ב אילת - פיילוט שייכנס ל תוקף מיידית ו יהפוך את אילת ל ה יעד תיירותי בינלאומי . זורם ? pic .twitter.com/L8csAMMYE p	0.0
מדובר ב צעד משמעותי ל ה יצואנים ו ל תעשייה ה ישראלית , ש תאפשר גם הרחבת אפשרויות ה ייצוא ב ענף ו גם הגדלת ה תעסוקה ו העסקת עובדים חדשים ב תחום , במיוחד ל ה אור ה ביקוש ה רב ב ה עולם ל מוצרי קנאביס רפואי מ ישראל …	0.0
גם ב אילינוי אפשר לעשן כבר גראס כמו בני אדם , מדכא לחשוב כמה אנחנו תקועים פה . …	0.0
אם ימינה לא תהיה ב ה ממשלה ו ה ממשלה תעשה ל גליזציה זו תהיה ה ממשלה ה טובה ב תולדות	0.0
זה יקרה מיד אחרי ש פייגלין ימונה ל שר ל ענייני קנאביס רפואי . ממש יום לאחר מ כן : ) …	0.0
מכירים את זה שבחי ב ילה של גראס , יש איזה גבעול ב ה עובי של גזע עץ ב אובב , ש עוקר את ה שיניים של ה גריינדר ו אחר כך מעשנים קצת פלסטיק ? מכירים ? ? ? אהה ? ? ?	0.0
קאנומד : הסכם נוסף ל ה ייצוא קנאביס ל גרמניה ב היקף של כ - 10 מיליון אירו	0.0
"ב יום של הוא ה אחרון ב ה תפקיד מפרסם שר ה כלכלה 1 את ה צו ה סופי ל ה ייצוא קנאביס מ ישראל , אך ה היתר ב ה פועל עדיין נמצא בידי משרד ה בריאות ש מתעכב בגלל 3 סיבות מרכזיות . "" אם זה לא יקרה ב מהרה ה ענף יקרוס , אין סיבה ל עכב מנוע כלכלי עצום כ ה זה , "" טוענים ב ה תעשייה . ל ה פרטים :"	0.0
פעם נלחם של הוא על ה שיח ה ציבורי תלשו פרח פה ו שם רמסו קצת ו עקרו כמה היום נלחמים על עץ ה חיים על קן ה נחשים על כף ה מאזניים על כד ה רגשות על כף נקיה ב ספטאלסקראב אם רק היו משאירים את ה שיח ו נותנים ל הוא ל גליזציה הרבה היה אחרת	0.0
שמעתי ש עושים ל גליזציה ל מריחואנה . . ב אמת ה גיע ה זמן ! זה היא יקל גם כאבים נפשיים , גופניים , ו יוזיל את ה חומר . . אגב יוזיל מה עם ל גליציה ל טבק ?	0.0
ה עם רוצה מריחוא של היא !	0.0
אמיר אוחנה ה שר ל בטחון פנים ? אפשר לשתול עציצי קנאביס	0.0
וירוס COVID - 19 אילץ מיליוני אנשים להיכנס ל מצב ה סגר ב בית של הם ( בידוד ) . זהו אירוע מלחיץ , ו איננו יכולים להתפשר על ב ריאות של אנחנו ה נפשית . אנו , ה אנשים , דורשים ש תינה של הן ל אנחנו הזכות לגדל קנאביס ב ביתין של אנחנו ו ה זכות להשתמש ב הוא ל הורדת ה לחץ ה נלווה ל מצבין של אנחנו ה נוכחי . אנא חתמו על ה עצומה :	0.0
לא צחוק , ה מדינה צריכה לחלק ל כ ו ל ם גראס רפואי . אחרת נמצא את עצמנו קוברים מ תאבדים כ תוצאה מ ה משבר ה כלכלי	0.0
ל גליזציה תעזור גם פה . …	0.0
"סקר חדש של מכון ה מחקר מראה כי רוב מוחלט מ תושבי מדינות ארה""ב ש התירו שימוש חוקי ב קנאביס ( "" ל גליזציה "" ) מרוצים מ תוצאות ה מהלך ו מגדירים את הוא כה צלחה ל טיפולכם pic.twitter . com/cOn q 85RsCn"	0.0
ה תקלחתי ו פשוט נשארתי ערום מול ה מאוורר חם ל אני ! ! ! אני לא יכול לחשוב על משהו אחר חוץ מ זה ש חם ם ם ם ם ם ו אני לא ארגע עד.. . . אוווווו קנביס	0.0
בסוף ממשלת ה אחדות היא לא כל כך גרועה , אנחנו כבר עם ל גליזציה חלקית ו תיקון ל חוק ה פונדקאות ב דרך אבל הכי קל לצעוק מ ה יציע .	0.0
"דרך אגב , לא ברור ל אני איך טראמפ עוד לא עשה ל גליזציה ל קנאביס ב ארה""ב . כל מה ש דרוש זה להורות ל - FDA להוציא את ה קנאביס מ רשימת ה סמים ה מסוכנים . הוא לא צריך את ה קונגרס בשביל זה . זה ה צעד הכי קל ו פופוליסטי ש הוא יכול לעשות , ש ייתן ל הוא המון תמיכה לקראת ה בחירות ב נובמבר . …"	0.0
קנאביס רפואי ל טיפול באנדומטריוזיס. . . … דרך	0.0
הורים יקרים , לפני ש אתם נכנסים ל ה היסטריה אחרי ש גילית של הם ש הילד של אתם מעשן קנאביס , זיכרו ש אתם דוחפים ל הוא קוק ו אמפטמינים ב המלצת רופא ה משפחה .	0.0
חוקר של הם מרמב''ם : ' 'קנאביס עשוי לסייע ל ה חולים קשים ב קורונהחו .	0.0
ענף ה מסעדנות ב קריסה . ב אמת קריסה הפעם . מציע לאפשר ל הם למכור קנאביס .	0.0
קנאביס ו - CBD ל בריאות ה גוף ו ה נפש מדריך חיוני ל שימוש ב ה תרופה ש קיבלנו מ ה טבע כדי להקל על מתח נפשי , חרדה , כאב כרוני ו עוד …	0.0
תקשיב של הוא , יש פה הזדמנות נדירה להשתמש ל טובה ב מסורות ה יהודיסטיות לדרוש ל גליזציה ב שם חופש ה דת …	0.0
ל גליזציה של מריחואנה	0.0
יולי אדלשטיין , תפרסמו את מספר ה מבריאים מקורונה כי כמעט כולם מבריאים , מלבד ה חולים מ מחלות אחרות . גל שני של ה סטריה מיותרת . ב ישראל אין קורונה . לא מכירה אפילו אחד שחלה או חולה . אם אפשר אירועים עם 50 איש . אפשר גם תפילות בתי כנסת . השתגעתם ? ! קחו קנאביס ו תרגיעו . בורא עולם שולט כאן לא אתם !	0.0
חדשות טובות ! 70,000 מ טופלי קנאביס יוכלו לקבל כעת מרשמים מרופאים מומחים במקום רישיונות מ משרד ה בריאות . ב ה שנים ה אחרונות מחירי ה קנאביס ה רפואי זינקו מ - 370 ש״ח ב חודש , ללא הגבלת כמות , ל - 750 - 3,000 ש״ח ב חודש לפי ה כמות . ב מסגרת ה רפורמה , מטופלי ה קנאביס יקבלו 50 % סבסוד . …	0.0
"ח""כ יואב קיש , תומך ל גליזציה מובהק , יהיה סגן שר ה בריאות ה בא . מ משלהירוקה"	0.0
ה ממשל שיקר כדי להפחיד . אז ה ציבור גילה את ה שקר ו לא מאמין ל מילה נוספת . ה קורונה ו הפללת צרכני קנאביס - אותה שיטה , את הוא כישלון	0.0
ב היעדר מנועי צמיחה ב ה תוכנית ה כלכלית ( מודל 4.0 ) האם דווקא עכשיו זה ה זמן ל קדם ל גליזציה ? מחשבות 1 . יתרון יחסי ב ה פריון חקלאי , שימוש נרחב ב חממות ב חקלאות ה מקומית , זמן גידול מהיר יחסית ו ידע מקומי קיים יכולים להפוך את תהליך ה הסבה ל קצר ו זול יחסית . >>>	0.0
ה בעיות ה קשות ב ישראל ש אפשר לעשות משהו כדי לקדם ל הן פיתרון , לפי סדר חשיבות . 1 . משפט של ראש ממשלה מכהן על חשד ב ה שוחד מרמה ו הפרת אמונים . 2 . שאין ל גליזציה של קנאביס ו מוצר של הוא . 3 . קריסה כלכלית של אנשים בגלל ה קורונה . שאר ה דברים אין ממש הרבה מה לעשות	0.0
"כש ניסחו את ה חוק ה זה ב מאי 2018 קבעו ב תחילה ש ה קנס יהיה 500 - 1000 ש""ח ב ה פעם ה ראשונה ו - 1000 - 2000 ש""ח ב ה פעם ה שנייה - ש זה פחות מ ה קנסות ש נקבעו ב ה חוק קנסות ה קנאביס של ארדן . פנינו אז אל שרת ה משפטים דאז שקד ב ה שאלה האם זה אומר ש היא חושבת ש צריכת זנות חמורה פחות מ צריכת קנאביס . אז הכפילו . …"	0.0
ה תיקונים ב רפורמת ה קנאביס ה רפואי על הם עמל סגן שר ה בריאות יואב קיש מ אז נכנס ל תפקיד של הוא , יוצגו ב יום רביעי ב - 9:35 ב וועדת ה עבודה , ה רווחה ו ה בריאות של ה כנסת .	0.0
ה בעיה עם זה ש כל ה ילדים ב בית זה ש אי אפשר לעשן קנביס רפואי בלי ש איזה ילד ישאל : ״ אמא , מה זה הריח הזה? ״ . משמועות אני יודעת	0.0
ל ה קקפחיחה in line to see the show ל ה קפחחה t כל כך מתגעגע להיות ב הופעת רוק , ענן עדין של גראס סביבי , לאבד את זה ב חברת זרים . …	0.0
"אתם חושבים ש ה קורונה נרגעה מספיק כדי ש נדבר שוב על קנביס רפואי ? אז נזכיר ש יש אנשים חולים מאוד ש ממשיכים ל שלם 1000 - 1500 ו גם 2000 ש""ח *מדי חודש* ל קנביס כדי להרגיש קצת יותר טוב . חולי סרטן . ילדים עם אוטיזם . מחלות מעי דלקתיות . . . 370 ש""ח הפכו ל 1500 ש""ח ב רפורמה , ו ה בטחות ל תיקון נזרקו לפח>>"	0.0
די אירוני ש מחלקים סמים ב מחאות ב בלפור כש ה דבר ה טוב ה יחיד ש יצא מ ה ממשלה ה זאת זה ל גליזציה	0.0
מסעדנים . . . 6x0BgFqG r5 מציע לבקש ש יאשרו ל אתם למכור קנאביס , ב סגנון אמסטרדם . תרוויחו הרבה יותר ו אז אולי גם ה אוכל יעלה פחות .	0.0
ל גליזציה עכשיו ו ב תמיכת ה מפלגות ה חרדיות ! ל ה טח.פהחויחה . ל ה קפפפויטויויחה	0.0
ה פסיכאטרית של אני : לא ממליצה על קנביס , זה יכול להפוך את אתה אדיש ו לא חברתי גם ה פסיכיאטרית של אני : קח כדורים ש הופכים את אתה לאדיש ו לא חברתי	0.0
מתי מגיע השלב ש משרד ה בריאות מאשר ל כל ה הורים קנאביס רפואי ? ? מקווה מאוד ש ב ה שעה ה קרובה	0.0
ב ה מהדורה של 12News מדווחים על עליה ב ה צריכת קנאביס בעקבות ה קורונה . ה קנאביס כאן ו הוא לא הולך להיעלם . ה צריכה רק תגדל . הגיע ה זמן ל לגליזציה ש תאפשר הסדרה ו פיקוח על ה תחום ל טובת ה צרכנים ו ה מדינה .	0.0
מ חשבות של לילה , מה קורה עם חולים צורכי קנאביס ? מה מונע מ ה ליכוד ו כחול לבן ימינה ו כו לבצע עכשיו ליגלזיציה ל ה חולים , ש על היא כולם הצהירו ש הם מסכימים ? איך זה ש אף אחד בכלל לא דיבר/ מדבר על זה ? הרי מעבר ל עזרה ה מטורפת ל ה חולים , צעד כ ה זה יגרור ב וודאות תמיכה מ כל סוגי ה אוכלוסייה .	0.0
ראש חודש שמח ל כולם . א ב סיון , יום ראשון . ה רגשה נעימה מציפה את אני ב חזה , השמש אט אט שוקעת , עננת עשן של גראס עטה על אני , ה חיים טובים .	0.0
אתם הם מטופלים ב קנאביס - יש ל אתם חברת קנאביס או בית מרקחת ש מוכר קנאביס - ה כתבה ה זו … עשו היא ל ה עניין אתכם אתם	0.0
ב ענף ה קנאביס ה ישראלי קיבלו ב שמחה את ה בשורה על ה תיקונים ה צפויים ב רפורמת ה קנאביס ה רפואי , כפי ש נחשף של הוא אתמול ב מגזין קנאביס , אך יש גם מי ש חושב ש שכחו להתייחס ל סוגיות מהותיות נוספות ש גרמו מ לכתחילה ל ה בעיות ב ה תעשייה , ו יש 15 כאלה לפחות ח היא כאן :	0.0
אם הייתי שרת ה בריאות הייתי מחלקת ל כל ה אזרחים מריחוא של היא רפואית ו ציפרלקס ב חינם ע - כ - ש - י - ו	0.0
"רוב ב ה ציבור : בעד ש חבר כנסת נאשם לא יקבל מנדט הרכבה בעד תחב""צ ב שבת בעד נישואין אזרחיים בעד ל גליזציה של קנאביס בעד שיוויון ל להט""ב בעד חוק יסוד : ה שיווין בעד פתרון שתי מדינות או נגד מדינה אחת בני גנץ , ממש את רצון ה רוב ש בחר ב אתה . ה עבר חוקים אלו , במקום לנסות ו להקים ממשלת אחדות עם ה נאשם ."	0.0
ה כלב קיבל תוסף עם מיצוי שמן קנביס . אחלה .	0.0
מתי ה אנשים שם ב ה ממשלה יבינו ש גם אם הם רוצים ו גם אם לא - אנשים ימשיכו לצרוך וויד ב כמויות . עדיף לפחות ש זה יהיה מפוקח ו לא פרוץ כמו ש זה כרגע ב טלגראס . ל גליזציה עכשיו !	0.0
"פשוט מטורף . זאת ה סיבה ש כל עוד לא משנים את ה חוק ב ה ספר ה חוקים , כל רפורמות ה "" אי - ה פללה "" ב רמת ה ממשלה או ה משטרה לא שוות כלום . ב סוף של הוא של דבר , אם קנאביס נחשב "" סם מסוכן "" כל השרשרת ב סיכון . מ ה מגדלים ו ה סוחרים ועד אחרון ה סטודנטים ש עישן פעם שאכטה . …"	0.0
במקום מעצמת ייצוא קנאביס רפואי , נהיינו מ עצמת ייבוא . כמה פוטנציאל יש כאן ! איך אנחנו תמיד מצליחים להרוס כל דבר טוב ? ? ? חבל חבל חבל . …	0.0
תתעוררו את הוא ! ב רק מתחת ל אפין של אנחנו שולט ב ה שוק ה קנאביס ב ה ארץ ו עושה מיליירדים ! ב ה רשות ברק 8 חוות קנאביס מיתוך 14 קיימות עלות חווה 50 מליון ₪ גודלה 22 דונם חולים היו משלמים 370 שח ל 100 גר היום הם משלמים לברק 300 מ מוצע ל 01 גר בודדים ! ה רווח של ברק פי 10 ! ה מימון הגיע מאפשטיין סרסרות ב קטינות צדק ? ! pic.twitter.com/6gMxFcQbo k	0.0
"משפט ש שמעתי היום ו קשה ל אני לשמור את הוא רק ל עצמי : "" קבלתי קנאביס , אבל ה רופא לא ידע להסביר ל אני איך משתמשים ב ה זה """	0.0
"הרב אשר זנזורי קובע כי עישון קנאביס מותר ב שבת כאשר מדובר ב עישון ל צורך הקלה על כאבים ו כאשר צורות מתן אחרות כגון שמן או עוגיה אינן חזקות מספיק . "" זה פיקוח נפש , "" הוא מסביר , "" גם כאב מסכן חיי אדם "" . ל ה פרטים :"	0.0
עשנו קנאביס , זו ערובה ל הצלחה pic.twitter.com/5ooTvJb K 38	0.0
ליצמן ב תגובה : תנו ל אני קנאביס	0.0
"סיבה ל ה אופטימיות ? אם חוק ה פיקדון אינו חוקתי , הפללת צרכני קנאביס בודאי אינה חוקתית . בעוד חודש ו חצי דיון ראשון ב בג""ץ ה לגליזציה . …"	0.0
"לאור ה דיון היום ב בג""צ ש מענו את נציגי ה ממשלה ה עתידית מדברים המון על "" רצון ה בוחר "" . יש נושא אחד ש הוא ב בירור רצון ה בוחר - ל גליזציה ל קנאביס . שתי ה מפלגות ש נציג של הם יעמדו ב ראשות ה ממשלה הבטיחו ל קדם זאת , רוב ה מפלגות ב ה כנסת הביעו ב כך תמיכה האם הם יממשו את רצון ה בוחר ? ל צערי אני פסימי ב קשר ל כך"	0.0
אין ל אני יכולת אפילו להסביר כמה אני צוחק כש אני מקבל הודעות דוברות של ה משטרה ש חוגגת תפיסה של כמה שתילי קנאביס ב בית פרטי כאילו היא מיגרה את ה פשע ה מאורגן . ארגון ש חזק על חלשים ו חלש על חזקים	0.0
"כמה אני נואש ל סמים ? פייק ב טוויטר ש מעולם לא פגשתי הציע לתת ל אני ב חינם עט ל אידוי שמן ו ה שאיר את הוא מתחת ל רכב בפ""ת . הלכתי לקחת את הוא . חיכיתי שבוע עד ש השתמשתי ב הוא ו שרדתי כדי לספר ל אתם ש היה מדהים ו ש עכשיו אני מכור לשמן קנאביס ."	0.0
"לכבוד יום ה קנאביס ה בינלאומי שחל היום ( 20.4 ) מציע ח""כ עידן רול ל חברי ה כנסת ו ה ממשלה לתמוך ב הצעת חוק ל לגליזציה של קנאביס , זאת בין ה שאר כ פתרון ל ה משבר ה כלכלי ש נגרם עקב מגפת ה קורונה . ל סרטון ה מלא :"	0.0
קיבלתי את ה רשיון ה חדש של אני + העלאת מינון . ברוך ה שד קנביס לא יחסר ל אני ב זמן ה זה . דאגה אחת פחות .	0.0
אמן ביבי עומד ב מילה של הוא ו מאשר ל גליזציה	0.0
מתי ל גליזציה ?	0.0
רגע אז עכשיו תהיה ל גליזציה נכון ?	0.0
"תתעד של הוא את עצמכם ככל ה אפשר , כי ה שאלה ה עיקרית ש תעסיק את ה היסטוריונים עוד 100 שנה זה למה הם התעסקו ב החלפת יו""ר ה כנסת כש מה ש הם ב אמת היו צריכים זה ל גליזציה ל קנאביס ."	0.0
"לדעתי ה טיעון ש קנאביס זה "" סם מעבר "" הוא טיעון בעד קנאביס ו לא נגד"	0.0
"ל קראת ה משבר ה כלכלי נזכיר : ל גליזציה שווה כ - 3 מיליארד ש""ח ב שנה ל קופת ה מדינה + אלפי מקומות עבודה חדשים"	0.0
אגב ה סיפור עם טחינת אל ארז : לפני כמה שנים ( ? ) , ראיתי תמונה של איימן עודה עורך סיור VIP ל ה חברה ה טובה ביותר של פרחאן פה ב ה ארץ - את הוא פרחאן ש טוען ש טרנסג גדריזם זאת מזימה יהודית כ נגד שחורים ו נובעת מ זיהום של מריחואנה כדי לנייש גברים שחורים . ספרו ל אני שוב כמה ׳השמאל׳ ב עדי .	0.0
ליצמן ב תגובה : רק קנאביס עוזר	0.0
"ח""כ יזהר שי , שר ה מדע ו ה טכנולוגיה ה חדש ( כחול לבן ) , מסר ל מגזין קנאביס כי יתמוך ב הצעת חוק ל לגליזציה ב ישראל 7"	0.0
מסקרן ב איזה תחנה מספקים מ ה חומר ה זה . ל גליזציה עכשיו ! …	0.0
אם כבר גל שני אז למה לא ל גליזציה ?	0.0
ב ה דיוק נזכרתי ב ה חוק ה קנאביס ש כללל ה מפלגות הבטיחו להעביר . ו ב ה שר ש הבטיח לבטל רישום פלילי ב ה עבירות קנאביס .	0.0
""" אני נגד ל גליזציה כי זה לא חוקי "" …"	1.0
"מפגיני בלפור רובם הם נרקומנים ו עבריינים ה הוכחה ל כך לפני אתם : ה אגודה ל זכויות ה אזרח , את הוא צירפה ה קרן ה חדשה ל ה פוסט , נכתב בין ה יתר : "" אז איך להתכונן ל הפגנה ? חשוב ל אנחנו ש תכירלי כמה כללי אצבע "" . בין ה יתר המליצו ב ה פוסט שלא להביא ל הפגנה קנאביס , אולר ו סכינים"	1.0
ל גליזציה ו סמים יביאו להרס ה חברה של אנחנו ! תפסיקו ל דלק של הם ססמאות ו תחשבו קצת עם ה ראש ! ה סכנה הכי גדולה ל ה חברה של אנחנו היא אשרור מכירת מריחואנה ו גראס .	1.0
יש ל אני ראדר ל ה אנשים חלקקים ו ערמומיים בני זונות מלחכי פניכה שרמוטות פרחות ערסים מ עשני גראס מ עשני נרגילות ו סתם מנאייק יושבי מדרגות .	1.0
אני מתערב איתכם של אתם ש אם ו כאשר תאושר ה לגליזציה , תהיה עלייה דראסטית ב רמת ה פשיעה ב ה ארץ .	1.0
סוחרי ה זרעי קנאביס ב טלגר של הם מטומטמים ב ה דיוק כמו סוחרי ה ירוק אם לא יותר ל ה טח.פהחויחה . com/jj g0FkmKJt	1.0
ה ם לא הרוב הם לא ה ריבון מדובר ב סך הכל ב ה חבורה של מעשני קנאביס ממורמרים ש נגמר ל הם ה חומר ב תוספת של אנשי שמאל רדיקאלים שונאי ביבי ה הפגנה ה זאת נראת כמו בורדל אחד גדול ו כנראה לא תגיע רחוק …	1.0
דורון ידיד . תיפלוש ל וילה של נוני עם צו שופט . יש ל הוא כמות מסחרית של גראס ב כספת	1.0
הי אזרחי ישראל - חבורה של חייזרים מובטלים חובבי גראס ו מימון זר - אתם מצחיקים את ביבי ו את ה בן של הוא ! יושבים ב בית מריצים על אתם דאחקות ! אתם יודעים ל מה נכון ? ! ? …	1.0
נחשף של היא חממה ל ה גידול קנאביס ב ה שטח מיוער סמוך ל יישוב זרעית – קטין ו בגיר תושבי ה כפר עראמשה נעצרו	1.0
"ה נאשם הצליח לממש את ה תוכניות של הוא עד עכשיו ב אופן חלקי , כן הצליח : לקבל מ ביה""מ ה כשר לכהן כר""מ , ו הצליח לדחות את ה משפט ב חצי שנה . לא הצליח : לדחות את ה דיון ה שני , להשיג 61 ל התגברות . עכשיו ה נאשם ב ה בעיה נשאר ל הוא עד סוף אוגוסט לצאת ל ה בחירות ב ה זק , ו ביחד עם ה שולמנים / ל גליזציה / יפעת ביטון 》》》"	1.0
ניצן הורוביץ את יישום ה חוק ל הפללת צרכני קנאביס	1.0
מעניין , מתי תבא ה דרישה , לפתוח ב אסטות של מריחואנה ב מוקדי ה הפגנות ? גם דמוקרטי . גם חופש ה עיסוק . גם ביזנס טוב - חשוב מאוד ב ימי ה קורונה . pic.twitter.com/f7geRHBMs I	1.0
וואלק יא אבו אבנר היקר - - מרוב ש ה מצב של ה עם קשה , ו ה עבודה מדאיגה ו אין איך להכניס פרנסה , רק אם נמכור קנאביס , חס ו חלילה ש לא תחשוב ש אני מעודד אנשים למכור או להשתמש ב קנאביס , כל אחד ש יעשה מה ש טוב ל הוא ל ראש , הרי אם נעשן ככה ה בעיות יעלמו ל כמה רגעים . . . ו אחדילתלאתי …	1.0
כאן : תינוק בן שנה פונה ל בית ה חולים ה דסה הר ה צופים ב ירושלים כש הוא סובל מאפטיות . ב גוף של הוא התגלו שאריות סם מסוג מריחוא של היא	1.0
מריחוא של היא חוקית אבל להסתפר לא תוכלו . אחרי 50 שנה ה היפים ניצחו .	1.0
לא מבין ל מה דחוף ל נכים קנאביס רפואי , תחכו שנה שנתיים ו תהפכו לצמח	1.0
ל גליזציה מלאה , תעלה את ה מחירים ב טירוף . מסתפקים באי ה פללה …	1.0
"ה סדר מקל ביותר ל חייל סדיר ש נתפס סוחר ב סם מסוג קנאביס – חייל ה משרת שירות סדיר ב צה""ל , נתפס ב רכב של הוא עם 95 גרם של קנאביס מחולק ל שקיות ו נעצר ב חשד ל ה סחר ב סמים . בעקבות י.. . …pic .twitter.com/LC M5RMViV O"	1.0
ה ייתי צריך לעשות ל ה קחפחח w ל ה חבר הודי ב פייסבוק כי הוא כל היום מעלה פוסטים כועסים של ל גליזציה ו אני מתפתה לשתף בגלל יצר ה הרס ה עצמי של ה פיד	1.0
"וגם השבוע הזוכה ב פינת "" שר ב ה ממשלה ממליץ ל ה צרוך סמים ו מתנגד במקביל ל לגליזציה של קנאביס "" : . twitter.com/ R27P U4k00 Y"	1.0
"קרן ו קסנר העבירו ל אהוד "" ברח "" 2 .3 מליון $ אהוד "" ברח "" אומר ה כסף הלך ל "" מחקר "" יש ל ה מישהו איזה רעיון או מחשבה על איזה מחקר הוא "" שרף "" 2.3 מליון $ ? "" מחקרים טובים עושים היום "" אולי אפסטיין ? אולי שם יד על איזה מישלוח של 250 קילו של קנאביס ? אולי. . . …"	1.0
"קנאביס רפואי ינתן ב ה מרשם רפואי ו לא ב רישיון משה""ב . נחמד . אבל שם *לא* ה כשל ה עיקרי . ה כשל נותר ה מחיר ה בלתי סביר שחולים קשים צריכים לשלם מדי חודש . *אל תתעסקו ב ה תפלח . טפלו מיידית כך ש חולה סרטן גרורתי לא יצטרך ל שלם 2000 שח מכיסו מדי חודש . כפי ש הובטח * ל פני שנה* . . ! …"	1.0
ראם הם של לפני 15 ו - 20 שנה היה ממש מתבאס על ראם ש ה קליט את ה פרק ה זה של גיקונומי נראה ל אני . פעם הייתי מגן ב כל הזדמנות על קנאביס ו ה שימוש ב הוא . ב פרק ה זה עם פרופ' שאולי לב - רן , הגעתי ב ה גישה הרבה יותר מפוכחת ו עם ה הבנה ש יש המון מכורים משלל סוגים בין אנחנו . …	1.0
ב ה שבוע ה בא צריכת נשים תוגדר ב ישראל כ חמורה מעט פחות מ צריכת קנאביס …	1.0
"מתי אז ה ביביסטים עושים קמפיין נגד ל גליזציה של קנאביס כ חלק מ ה קטע של "" ה מפגינים מסוממים זה מה ש לגליזציה תעשההה """	1.0
ב פשטות , ארגון אחריות לאומית מ ארגן הפגנות שמאל . לא במקרה ב ראשות ה רקוב ש יש ל הוא חלק ב גידול שיווק ו הפצה של גראס רפואי . ה הוצאות רבות ו חייבים לכסות עלות של פעילים ו דגלים שחורים . מה גם ש חשוב להגדיל את נפח ה פעילים ו בלי שימוש ב ה חומר מטשטש , קשה מאד עד בלתי אפשרי להפיץ את ה אגחנדה ה פאתטית של הוא . …	1.0
ממליץ לא להשתמש ב קנביס למעט חולים . ב ארהלב נאסר פרסום על קנביס ו קנבידיול ל טיפול ב קורונה . ב כל מקרה כללי זהירות ב אתר …	1.0
טוב אחי בחרת לא להיות שר ב ה ממשלה מישהו מפקח על כמה קנביס בוא צורך ? …	1.0
קצת על קנאביס , מחקרים ו ל גליזציה . למרות ש לא מעט מומחי ב עייני עצמם ו פופוליסטיים ל מין של הם עם אינטרסים שונים מציגים את ה קנאביס כ צמח בריא ו משמח , יש ל הוא צד אפל . ה באנשים בריאים * מחקרים רפואיים מראים ש קנאביס הוא סם ש גורם ל התמכרות , פסיכוזה , פגיעה התפתחותית ב ה נוער ו ירידה ב הישגי חיים . pic.twitter.com/wNm0lj7y6 s	1.0
אתם עדיין בעד להצביע ל איש סרוח ה כיפה ה זה ? ! קנאביס וזה.. . . …	1.0
אני יודע ש זו לא דעה פופולרית , אך אגיד את היא ב כל זאת : אני נגד ה לגליזציה ! לא מבין ל מה צריך לאשר צריכה של מוצרים כל כך לא בריאים ו מסוכנים .	1.0
ה עפולאים יעשו מן הם חמוצים לשבת נחבורת את אנה ליצנים מ גלגלי גראס ו אוהבי קטינות …	1.0
מ סתדרים פה יופי בלי ל גליזציה . …	1.0
"יש דברים ש אי אפשר למנוע . ב ה מגזר ה דתי קוראים ל זה "" גזירה ש ה ציבור לא יכול לעמוד ב היא "" כך היה עם ה אלכוהול ב תקופת ה יובש , סמים ב רחבי ה עולם ו כמובן ה מקצוע העתיק מכול של הם "" זנות "" . לקבוע שאלכוהול/מריחואנה/זנות לא חוקיים לא מקטין את ה שימוש ב הם רק הופך נורמטיבים ל ה פושעים ."	1.0
מאז ש אהוד ב רק החל לעשן קנאביס מצב של הוא החל להידרדר ו ה מוח החל להיות כמו ספוג ו דימנציה מדרדרת את חייומתבכיין על חיים של הוא ש עברו בלי שוב ו דעה של הוא לא משפיעה על אזרחי ישראל ו יותר מ כך הוא הגיע לשפל ש ב שפלגור של הם ל צעירים להיות גם מסוממים ו מדרדר את ה נוער ל ה צרוך סמים ו ה רס ה חברה מוחלטת pic.twitter .com/5SsPMcN03 u	1.0
לך תצטרף לפדופיף , אין אדם יותר מושחת מן אתה , ראש ה ממשלה ה גרוע מקום ה מדינה , במקום למכור קנביס חבור ל קדישא , בתור קברן מוסמך של מפלגות …	1.0
דורון ידיד . תעצור את נוני . הוא מעשן גראס	1.0
נחשף של היא מעבדת סמים עם למעלה מ - 600 שתילי קנאביס ו נתפסו 150 מנות קוקאין ו ה ירואין – חמישה חשודים נעצרו	1.0
כש אתה בעד קנאביס אבל מסטול רצח pic.twitter י חפפשליטוישלי5 z	1.0
צריך להגיד את ה אמת ! ל ה הפהפנות ה ממומנות יש ה הזרמה ״ מטורפת של סמים אחרת אין ל צעירים מה לחפש שם . ה חלק ה קל מקבל גראס . ה חלק ה הזוי מקבל LSD , MD , כדורי טריפים ו נוזל ש נמצא על גבי קרטון . הכל ב חינם אין כסף רק תבואו ! ! ! כל מי ש נכח בין הם יודע , רואה ו מריח את ה ריחות . כל כתבי ה שטח יודעים ! !	1.0
בגלל זה אסור ל גליזציה …	1.0
"איזה נחמד זה לראות את כולך של הם מ זועזעים מ פייגלין עכשיו , זה לא נגיד ש יד של אנחנו ש ה מטורלל ה זה בעד להשמיד את הר ה בית כדי לבנות את בית ה מקדש . אבל היי "" לגליזציה """	1.0
"ה הפגנה ב כיכר רבין : היו גם כמה ש באו לדרוש ל גליזציה . פתח של הוא שם "" ישיבה "" , הפרענו ל הם ב ה דיוק ב אמצע ה באנג . תכלס , הם היו הכי רגועים שם pic.twitter . ל ה קפפפויטויויחה"	1.0
"אהוד ב רק ייבא עכשיו 250 ק""ג קנאביס כי יש ל הוא לחלק ב הפגנות ה ממונות ה מון ."	1.0
אם ה רשימה ה משותפת הייתה בעד ל גליזציה מרצ הייתה מתה סופית , ו אני ו תמי היינו יושבים על פייסל מ חוץ ל ה סופר יודה ו תוהים מה אם	1.0
4 4 בני אדם נעצרו ב חשד ל הפעלת מעבדת סמים ו ב היא כחצי טון קנאביס pic.twitter . com/LWb9lkUNNO	1.0
""" רכש אכה נכסים ו הפך את הם ל בתי גידול "" : סוכן נדל""ן ב קליפורניה חשוד ב הפצת מריחואנה pic.twitter.com/h12DBt7 S Y4"	1.0
ק נאשור : רשות החדשנות תשתתף ב מימון תכשיר קנאביס רפואי ל טיפול ב פסוריאזיס	1.0
קטטה ה מונית בין צעירים שיכורים ב בריכת ה שחיה ב מרחבים ? , הפגנות ב רוטאליות ו מוצגים לא מוסריים מול בית של הוא של ראש ה ממשלה , ה מות ב כבישים בעלים של היא קשה , ו ה ממשלה מחלקת קנאביס ל כל דורש ? , ה אלכוהול נימצא ב פיצוחיות ב תווח יד ל כל דורש , הוירוס מביט על כל ה המולה ה זו ו נהנה לחשוב ש ה אזרחים ב ה מדינה מקלים על הוא .	1.0
זה למה אני נגד ל גליזציה . …	1.0
אהוד ב רק מחפש עובדים לחוות מריחוא של היא ב ה נגב , חיים ש דמי מנהל עבודה , יאללה שמאל , זה ש ב כאילו בנה את ישראל ל כו לקצור ב דמעה במקום לשבת ב בלפור על בולבול מ בלון קחו איתכם של אתם את ברק כהן , ש ישיר ו יצלם ל מזכרת . .. . . …	1.0
ראיתי שמחה ל איד על ה אירוע אתמול ב פיד . ראיתי פוליטיקאי מטונף ש רבים רצו להצביע ל הוא כי הוא הציע ל גליזציה ל קנאביס . איזה עולם מסריח . …	1.0
4 4 בני אדם נעצרו ב חשד ל הפעלת מעבדת סמים ו ב היא כ חצי טון קנאביס	1.0
"שאריות מריחוא של היא התגלו ב גוף של הוא של תינוק בן שנה שפונה ל ביה""ח הדסה הר ה צופים . ה אירוע דווח ל ה משטרה ס ה קפקפויחה"	1.0
"צעיר תושב משמרות נעצר השבוע עם 16 ק""ג קנאביס ו - 2 ק""ג שמן קנאביס , זאת ב זמן ש הוא מנהל תיק ב בימ""ש על החזקת כ - 110 גרם קנאביס איתם הם נתפס לפני כשנתיים . פרטים נוספים :"	1.0
"10 ק""ג חשיש ב ירכא , 3 ק""ג קנאביס ב אשקלון . שלל משתלת ישראל היום ( בינתיים ) . pic.twitter.com/Qub n84E F2 S"	1.0
"ל גליזציה צריכה להיות מותרת כש מדובר ב משהו רפואי אבל לא יותר מ זה . למדתי ב יולוגיה ו על ה השפעה של סמים על מערכת ה עצבים ו הגוף . זה סכנת נפשות גם אם זה נראה ל אנחנו "" סם קל "" . כל עוד ו זה רפואי אני בעד . ה דרך ה טובה ביותר להוריד את ה פשיעה ב תחום ה סמים היא מדיניות נוקשה כלפי הם , לא אישור של הם . …"	1.0
לא ייאמן ש ה איש ה זה היה פסע מ ה כנסת מפלגה של הוא ל ה כנסת , ב אדיבות חובבי קנאביס קלי דעת …	1.0
ביבי ..תכניס מגב ל בית של נוני . יש ל הוא כמות גראס ב כספת . אל תפחד מן הוא	1.0
"בימ""ש ה שלום חדרה האריך ב - 3 ימים , עד יום רביעי , את מעצר של הוא של מתן אגם , בן 23 מ קיבוץ משמרות , ש נעצר אתמול ב ה פשיטה ש ערכו שוטרי חדרה על מעבדה ל הפקת שמן קנאביס ש ע""פ ה חשד ה פעיל ב ה קיבוץ . נתפסו כ - 16 קג גראס ו - 2 ליטר שמן . ה של יניב הלר ישקול מעצר בית אצל הורה של הוא ב פרדס חנה מחרתיים . .twitter . חפפשלין ה שליחה"	1.0
אתם הם לא מבינים שוויד מנוון ל אתם את ה מוח ? ! לא מבין אנשים ש תומכים ב לגליזציה ה זאת	1.0
ה פסיכיאטר ה מחוזי סביון . תציץ על נוני מוזס . כל ה מישפחה שם מופרעת ל גמרי . תיזהר עם תרופות . נוני לוקח גראס	1.0
אתם הם לא מבינים ש לגליזציה עלולה לגרום ל פריצות ו להרבה יותר מסוממים ב רחובות ! זו סכנה ל ה חברה של אנחנו !	1.0
ל ה דיירים שלום , כבר ערב שני ב רציפות יש ל אנחנו ריח חזק מ אד של גראס ש מגיע מ ה שכנים , זה מאד מסריח , מאד מפריע ל אנחנו ו אנחנו עם ילדים קטנים ב בית . ב בקשה הפסיקו לעשן לתוך חלונות ה דירה של אני . שחר מדירה 9 . קומה 3 . צד חזית פונה ל ה גינה . תודה .	1.0
כתבה על מריחואנה ב חדשות 12 ו יונית דופקת מבט של פעיד של הוא , שים לב ! ״	1.0
"שמעתי ש ה בדואים מגדלים קנאביס ו ה משטרה אינה עושה דבר שמעתי ש ה בדואים פורצים לבסיס צאלים ו עושים ב שטחי ה אימונים כב שלהם הם שמעתי ש ערבים משתלטים על אדמות ב ה גליל ו ה מדינה לא עושה דבר שמעתי ש ה בדואים מביאים נשים עם ידלים מ איו""ש ו מעזה ו ב תרגילי נישואין / גרושין סוחטים את בטוח לאומי של כולנו הם"	1.0
"מפכ""ל ה משטרה לשעבר חושב ש צריך לבטל את הפללת צרכני ה קנאביס ל חלוטין , אבל הוא לא בטוח ש צריך ל גליזציה . בעד פיקוח מחירים על ענף ה קנאביס ה רפואי ו מאמין ש בקרוב יגדל מספר צרכני ה קנאביס ב ישראל . ל ה דברים ה מלאים :"	1.0
אתם הם שותים גראס eli ://twitter . ל ה קפפפשליטויקו אתל ה ש /1290505341793427456 …	1.0
ביבי . יש לנוני כמות מיסחרית של גראס . תכניס מישטרה ל וילה של הוא ב ה סביון . אל תפחד מימן של הוא . עם צו שופט	1.0
צריך להגיד את ה אמת ! ה צעירים ה משולהבים משתמשים ב סמים מסוג 'מריחואנה ' , ש מכניס את הם להתקף מ סוג 'טראנס' ו מעורר אצל הם ה זיות על משטר מסוג ' דמוקרטיה של היא !	1.0
נוני מעשן גראס . מסטול	1.0
"עכשיו ב מרפאה . מטופל של אני חולה מ לנום של היא ש נעזר ב קנביס רפואי ב מינון גבוה של 60ג' ב חודש . משלם 1600 ש""ח ל כל חודש* מתקיים מ ה כנסה של 6000 ש""ח ( פנסיה קקצב של היא ) . ב איזה עולם חולה צריך לשלם ש ליש משכורת על קנביס ש מאוד עוזר ל הוא ? איך אפשר לתרץ את ה שינוי מ 370 ש""ח ש שילם לפני ה רפורמה ל מחיר ה נוכחי ? ?"	1.0
מחר ב - 15:00 , ב בית ה משפט ב רחובות , מדינת ישראל תדרוש להכניס את ניר יופטרו ל כלא . ה אשמה : הוא הכין שמן קנאביס ל חולי סרטן , ב התנדבות מלאה , מ ה קנאביס ה רפואי של הם ש הם קיבלו ב מירש של הם . ל ה טח.פויטויה יויו . ה א W	1.0
ב עקבות ה כתבה ה מרתקת של melman ב מוסף ה ארץ ( כל ה מוסף היה מעולה השבוע ) - עד כמה חשוב ל שירותי ה ביטחון ש לא תהיה ב ישראל ל גליזציה מלאה אם זו , קרי סחר לא חוקי ב סמים , ה דרך של הם במקרים רבים ליצור קשר עם סוכנים פוטנציאלים ב לבנון , סוריה ו אולי מקומות אחרים ?	1.0
ה גיע ה זמן לעדות ל זה סוף אב ל שבעה גורש מ בית של הוא בגלל 4 שתילי קנאביס …	1.0
N 12 – ה שוטרים הופתעו : חממה ל ה גידול שתילי מריחוא של היא על גלגלים pic.twitter .com/x0QYpcof5 Y	2.0
שלומית , את יודעת ש אהוד ב רק הוא שותף ב חברת קנביס ? … …	2.0
גרעפס מבירה עם עשן של קנאביס	2.0
"גם זה קרה ה לילה : תינוק בן שנה ו חצי מ אזור כפר קאסם אושפז ב בי""ח "" שניידר "" ב פתח תקווה לאחר ש הובא כש הוא לא ב מיטב של הוא , לאחר סדרת בדיקות נרחבת התגלה כי ב גוף של הוא נמצאו שרידים של מריחואנה . 12News"	2.0
אין ספק בכלל , כש מגיע מגיע . הוא בינתיים מתנה גדולה גם ל מטופלים ו גם ל ה עוסקים ב ענף ה קנאביס ה ישראלי . הוא ו צוות של הוא קודם כל קשובים ו ב ה גובה ה עיניים , ש זה משהו ש לא היה קיים ב משרד ה בריאות אולי אף פעם ב ה עבר , ב טח לא ב ימי ליצמן . ו שנית , הם באמת פועלים ל מציאת פתרונות ו גם מיישמים . מרענן . …	2.0
ה תפיסה של פייגלין שטילי חיזבאללה יאוכסנו בלב ביירות , למרות שידוע ש הם מועברים מ מזרח ה מדינה , מראה בדיוק מה דעה של הוא על ל גליזציה , גם של סמים קשים	2.0
""" ה מרכז ה חדש יוקם ב הובלת חברת ה אחזקות ו ה השקעות אריאלי קפיטל ( Arieli Capital ) ו ב השתתפות מועצת רמת ה נגב ו משקיעים נוספים , ו יתמקד ב תחומי ה התמחות של ה אזור - חקלאות , חקלאות מדברית , חקלאות ימית , קנאביס ועוד. "" …"	2.0
קאנומד הסכם ל מכירת תוצרת גידול קנאביס רפואי ב היקף של כ - 6מ'שח ל טבע אדיר $CNMD	2.0
היי ! מי מכיר מי יודע על אנימטור ש ירצה להנפיש סרטון של 3 דק' על ל גליזציה של כל ה סמים ?	2.0
יום ה מסחר ננעל ב ה עליות שערים דוחות ש פורסמו היום : פרשמרקט זינקה 9.8 % על בד ב תוצאות שיא המניה סיימה טיסה של 31.4 % . שיח ( קנאביס ) עלתה 2.76 % וואן טכנולוגיות ירידות של 2 % ( ה שוק לא אוהב ש לא מחלקים דיבידנד מביע חוסר אמון ) . דנאל עלתה ב - 0.4 % מניית ספאנטק עלתה ב - 0.7 % ל ה טח.פהחויחה . ל ה קפפפויטויויחה	2.0
אחד ה מתנגדים ה קולניים ל ליגליזציה של קנאביס , מעודד ו אף ממליץ ב פומבי על סם מסוכן פי כמה ו כמה . כפיים . …	2.0
מיקרומדיק עדכון ל עסקת ה מיזוג ב דרך של החלפת מניות עם חב נקסטייג ' קנאביס , מועד אחרון ל השלמה עד 30.6.20 $MCTC	2.0
ה שכנים של אני מעשנים גראס ב מרפסת ו זה מסריח ל אני את כל ה בית , אבל אני רגועה ב קשר ל זה .	2.0
אלפי שתילי קנאביס הושמדו השבוע ב רחבי ה ארץ - מחריש ב ה צפון ו עד קיבוץ רביבים ב ה דרום . מגפת ה קורונה לא עוצרת את ייצור ה קנאביס ה לא - חוקי ו גם לא את פעילות ה משטרה ב נסיון לאכוף זאת . תמונות ו פרטים נוספים :	2.0
קנביס לא , זה מזיק אחושבלוע קנאביס כעע זה טיל pic.twitter . ל ה קפפפויחוליט7 X	2.0
אני רואה ב טוויטר את חיים ש דמי ו עוד חולה לא מזוהה צועקים ו מאיימים על יאיר נתניהו תוך ש הם מעבירים את ה מקרופון מאחד ל שני כאילו זה היה גראס כנרא של היא זה מרעיל ל הם את ה מוח	2.0
בלשי ה משטרה איתרו מעבדת הידרו ל ה גידול סמים מ סוג קנאביס ב ביתר עלית . נתפסו כ - 120 שתילים מסוג קנאביס ו זרעים ו חומר ה חשוד כסם מסוג קנביס ה מוכן ל מכירה . ב נוסף נתפס ציוד ל הפעלת ה מעבדה , מוצרי דישון , מאווררים , ו עוד .	2.0
סרטון ש הכנו עם מחלקת ה דיגיטל של ס ה קפחח על התחדשות ה מחאה ב לבנון נגד ה ממשלה בשל צניחת ה לירה ה מקומית . על ה ניסיון של חיזבאללה להסיט את ה מחאה ל בנקים ו גם על ה ניסיון של ה מדינה להכניס קצת כסף ל ה קופה ה מרוקנת באמצעות קנאביס . כל מה ש קורה ב ה ארץ ה ארזים ב סרטון אחד …	2.0
כ - 27,500 שתילי קנאביס נתפסו ב - 21 מוקדים שונים ב שטחי אש ב צאלים pic.twitter.com/eH9bKeH5 O Q	2.0
יומני ה יקר , ה עיריה עיקלה ל אני את חשבון ה בנק בגלל חוב ארנונה ו בלילה אני חולם על חברים של אני מ רוב ש אני מתגעגע אל הם . או ש אפשר לסכם את זה ב ה זה ש מזל ש נשאר ל אני קצת גראס חבל ש הוא קצת מעופש .	2.0
"איך ה אב געהערט פון אונזער רב כ""ק גאב""ד אודווארי ש ליט""א אין קאנטרי "" גיטי גארדענס "" נעכטן בזה""ל "" איך האב מקבל געווען פון מיין פעטער ה חסיד רבי ישעי' גראס זצ""ל מ בערבעשט - קערעסטיר ( ו בלשונו את הוא 'וואס איז געווען א עכטער סאטמארער חסיד ער האט קיינמאל נישט פארפעלט קיין סליחות אדער תפילה ביים …"	2.0
נראה ש הוא לוקח קנביס לא הכי רפואי.. . . …	2.0
"תפקיד אחד בלבד נותר פנוי ל מינוי : יו""ר הועדה ל ה מאבק ב נגעי ה סמים ו ה אלכוהול ( ועדת ה סמים ) . במשך שנים מילאו את ה תפקיד נציגי ה מפלגות ה ערביות ו ש""ס עד ש לאחר ב חירות 2015 נבחרה לראשונה ל תפקיד תומכת ל גליזציה מובהקת - ח""כ תמר זנדברג . מי ימלא את ה תפקיד כעת ? לא ברור ."	2.0
האם לימור ל בנת נגד סמים ( ש היא לא משתמשת ב הם ) בגלל ש... 1 . היא חקרה ו מצאה ש נכון להמשיך להפליל צרכני קנאביס 2 . היא נגד כל מה ש ביבי עושה , לא משנה מה זה 3 . אדלסון הרימה טלפון .twitter . ל ה קפפפויטויויחה	2.0
סקר ב שיתוף אוניברסיטת חיפה בדק איך השפיעה מגפת ה קורונה ו ה סגר ש בא איתה על צריכת ה קנאביס ב ישראל . כמעט 40 % התחילו לעשן קנאביס מוקדם יותר , לפני 12 ב ה צהריים , ו מעל 50 % אגרו קנאביס ל ימי ה סגר . כל ה ממצאים להלן :	2.0
בעלי חברת ה קנאביס ה ישראלית ה מדיויח מבוקש ב מקדון של היא ב ה עבירות של ייצור סם ו פשע מאורגן , זאת ב חשד כי גידל קנאביס 'רגיל' ב מסווה של קנאביס ה המפח . מניות ה חברה ב ה בורסה צונחות . ל סיפור :	2.0
מחקר חדש ב איכילוב : האם קנאביס משפיע על חולי קורונה ? pic.twitter.com/CmV8W a31O7	2.0
7 5 שתילי קנאביס נתפסו ב דירה ב קרית ים . בן 27 נעצר . ל ה פח.פויטויה יויו . ה א J K	2.0
פארמוקן השלמת גידול ראשוני של תפרחת קנאביס רפואי ב תנאי מעבדה , פרטים , ה משך $PMCN	2.0
"נתנים של הוא ממש פרייר ש הוא מתעקש לעשות למען מדינת ישראל . אהוד ברק ב ה מקום ה רביעי ב ה צמרת מקבלי ה שכר ב ה בורסה , כ יו""ר חברת קנאביס עמד התגמול ה כולל ש קיבל ב 2019 על 37.1 מיליון שקל ."	2.0
1 20 שתילי קנאביס נתפסו היום ב דירה ב ביתר עילית pic.twitter . com/Rsu G 08bDiO	2.0
""" אני נגד ל גליזציה של קנביס , קודם כל , כי זה לא חוקי "" מי ה גאון ש חיבר את ה משפט ה זה"	2.0
קאנומד נשתלו ב מתקן ה גידול כ - 4,000 שתילי קנאביס רפואי , צפי ל מכירת ה תוצרת ב יולי 2020,כ - 1.66מ'שח , ה משך $CNMD	2.0
היי ה ערב שישי 19:30 , שר ה בריאות אדלשטיין ב ראיון . ל ה קפפפויהפויחה ליל ה מסיכות עם שוטרים ב גוש דן . כתבות מגזין ראיון עם ה שודד ש הואשם ב רצח דורון שוסטר , חברת קנאביס , תומר ו שונית חמד . ו גם סיכום מנדלבליט רוזן . AyalaHasson channel 13 i l מוזמנים .	2.0
ל ראשונה : רשת Be של שופרסל תמכור קנאביס רפואי ב ה מרשם …	2.0
"איכשהוא ב שם ה היסטוריה ה יהודית זה תמיד "" בואו נספח פלסטינים "" ו אף פעם לא "" בואו נאשר ל גליזציה "" …"	2.0
עכשיו רק נשאר ש שר ה ביטחון ה מיועד יפסיק לשלם ל חמאס 45,000,000 $ ב חודש . אתה תעצור את הזרמת ה כסף ? אגב - זה ש הצטרפת ל ה ממשלה ש מתנגדת ל ליגליזציה של קנאביס ו בעקיפין גורמת ל ה ישראלים נורמטיביים לממן ארגוני טרור ( בין הם חיזבאללה ) עם כספים ש הולכים אל הם דרך סוחרי ה סמים ״ - מה עם זה ? …	2.0
"ב מדינות ארה""ב ש התירו קנאביס רפואי הייתה ירידה שנתית ממוצעת של כ - 20 % ב שיעור ה מרשמים ל משככי כאבים אופיואידים , לעומת מדינות ב הן קנאביס רפואי אסור , שם לא נרשמה ירידה דומה . פרטים :"	2.0
שוטר סמוי תפס מאות מנות של סם ה הדוסה ” , עשרות כדורי אקסטזי , 320 גרם קנאביס ו שני בקבוקי חומרי אבקת סמים – ה חשוד נעצר	2.0
קנאשור חתמה על הסכם ל רכישת תפרחות קנאביס מחוות בר לב	2.0
לא נותרה ל אני ברירה , אדפוק את ה ראש עם קנאביס וויסקי עד ש אפול ל ה מיטה ש יצאתי מן היא לפני 8 שעות . בידוד	2.0
4 4 זני קנאביס נוספים הגיעו ב ה שבועות ה אחרונים ל ישראל מחוות ב קנדה , ספרד ו אורוגוואי . בעקבות מ שלוחים אלו הפכה ישראל ל יבואנית ה קנאביס ה גדולה ב ה עולם . תמונות ו פרטים :	2.0
"אורן לייבוביץ ' מ מגזין קנאביס מספר ל - ו אפי בן אברהם : "" אנשים אוגרים קנאביס לקראת ה סגר , יש 30 % עלייה ב רכישות . חלק מ ה סוחרים מספרים ל אנחנו ש הם יתחפשו ל ה שליחים של וולט , כי זה הוגדר כש ירות חיוני "" ( צילום : רויטרס ) pic.twitter . ל ה קפפפויטויויחה"	2.0
מנסה להחליף זן קנאביס ש ה חברה דחפה ל אני , ו זה תהליך די מייאש .	2.0
יש ב עיראק נשק ל השמדה ה מונית קנאביס יגרום ל אתם להזריק ה ירואין אין חשד ל פדופיליה ב ה מלוכה ו ב אליטות ה בנקים ה מרכזיים דואגים ל רווחת ה כלל לא היה כלום כי אין כלום אתם הם סתם ל חוצים	2.0
ה כנתי נס ו נפל ל תוך של הוא קצת קנאביס . יש ל אני נס רפואי	2.0
אביב גפן : וילה מכונית פורשה נוצצת מיליוני שקלים מ הופעות של שנים ב ה ארץ ו ב ה עולם תגמולים מיוטיוב ב כל רגע נתון 8 00 אלף על השתתפות ב The Voice ייעוץ ל חברת קנאביס תמורת מאות אלפי שקלים ו אחוזים ב מניות אל תטיף על ״אסון תרבותי״ ! פשוט תכניס את ה יד ל כיס ו תעזור ל כל חבריך . . . …	2.0
להעביר ביקורת על משרד ה בריאות בגלל קנאביס …	2.0
קנדוק חתמה על הסכם הפצה ל מוצרי קנאביס ב אנגליה , סקוטלנד ו אירלנד	2.0
""" תפקיד ה אזרח - להשאיר את פה של הוא פתוח "" גינטר גראס סופר גרמני ( פרס נובל ) נפטר ( 1927 - 2015 ) : "" ה תביישתי . הייתי נאצי צעיר ו טיפש . . . עד היום אני מתבייש . ה דבר ה עיקרי ש ניסיתי להבין ועד היום אני שואל את עצמי : כיצד קרה ש לא שאלתי שאלות "" .twitter.com/0OWwZ8JWy b"	2.0
לא יכול פשוט להחזיק מעמד ל ה רגע זה השנה ש טעמתי מריחוא של היא ב ה פעם ה ראשונה pic.twitter.com/uq7xP7Sm N9	2.0
גראס ב מדינת ישראל אינו חוקי ו מי ש רוכש או משתמש נתון ל סנקציות כספיות ו כמובן תיק פלילי ו כוח . לכן אחרי כל זה מאוד מעניין למצוא את חבר ה כנסת ו שר ה משפטים אמיר אוחן של היא נמצא ב קבוצה ש דרכה מתארגנים . ו כן , זה ה מספר טלפון של הוא . תגובה של אתה ?pic.twitter . ל ה קפפפויטויויחה	2.0
"ב הצלחה ל נפתלי "" יכולתי לעשות מיליונים ב ה הייטק "" בנט ו איילת "" יו""ר דירקטוריון חברת קנאביס ב פוטנציה "" שקד ב אופוזיציה . ה לוואי ש יהיו נחושים ו מקצועיים כמו ב ה שנים ה אחרונות גם שם ."	2.0
קנאביס זה ה ירוק ה יחיד ש כשיש ל אתה את הוא אתה לא חושב ש של ה שני ירוק יותר	2.0
טיול לילה עם בלה , ראיתי : את תקופת ה התבגרות , גשם אבקנים , עץ ב סיכון גבוה , פיצול אישיות , ניסוי ב בית ספר , סקין של תן , דבק אנושי , מאגר ל יוויה של הן , את ה פטשופ בויז על גראס .	2.0
דברים ש קרו ל אני ב 13 ביולי : 2006 עברתי טסט 2007 התנחלתי אצל דודה של אני ב תל אביב כי ב חיפה היו אזעקות של לבנון 2 2009 סיימתי קורס קצינים 2014 התחלתי לעבוד משרה מלאה ב תל אביב ו ב דרך מ ירושלים היו אזעקות של צוק איתן 2020 נפרדתי מ עציץ ה למון גראס ש ה חתולה הרסה ל אני בפחות משלוש שעות	2.0
גקי דורסי מתחיל איתי . יש ל הוא מישתלת גראס ב בית	2.0
אתגר מעולם לא : 1 . אכלתי שווארמה 2 . עישנתי גראס 3 . לבשתי סגול עכשיו אתם הם .. .	2.0
כמו כן , ו דברו עם נציגי ה מפלגה של אתם על הקמת ממשלה עם ה משותפת , אם תצליחו , ל כו ל נשיא . אם לא , קחו קנביס או איזה משהו להירגע . גם לא מסוגלים להשתלט על ה מפלגה של אתם ו גם מבלבלים ב מוח . ה סיבה ש אין ממשלה היא אתם	2.0
ב קיצור כל ה נהלים נגד צרכני קנאביס תקפים מעכש של הוא על כולם ? ל ה טח.פהחויחה . ל ה קפפפויטויויחה	2.0
איך ה קורונה משפיעה על צריכת סמים ש אינם קנאביס ?	2.0
אמש דיברנו לייב עם ערן צור על מוזיקה , קנאביס , ספונג'ה ו עוד דברים ש עוזרים לשמור את אנחנו שפויים ב תקופה ה זאת . פספסה של הם ? אפשר לצפות פה : …	2.0
"נודה על ה אמת : זו לא "" עזיבה "" כי ה אדמו""ר ביקש ו זו לא ה קורונה . ליצמן הולך כי נכשל ב ה תפקיד ש הוא בעיני קודש ה קודשים של ה חברה . ה אמת , כמיטה ב ה מסדרון , כ מטופל קנאביס ש נשדד , כתור של חודשים ל אמ.אר.איי - סופה לצוף . ה אמת היא קו ה גבול של ה ציניות ו ה אטימות . ה קו ה זה נמתח מאוחר מדי , אבל טוב ש נמתח"	2.0
ברק אף אחד לא שאל את אתה שב ב בית ב שקט ו תשתוק . ראינו מה עשית כאשר היית ראש ממשלה ו את כל ה דיבור ה מלוכלך של אתה נגד ביבי ו ה ימין כך גראס ו לך לישון . …	2.0
מהי עמדה של אתה לגבי ל גליזציה של קנאביס ? …	2.0
"ה ערב , ב ניוזלטר ה עין ה שביעית : כל חדשות ה תקשורת מ ישראל ו ה עולם , כולל - ה בעלים של מגזין "" היי טיימס "" יחל למכור מריחוא של היא . ל הרשמה : pic.twitter. com/BnWQZZDq K4"	2.0
לא הבנה של אני איך עם כל ה סטרס ה זה מריחוא של היא ו נוטלה לא הפכו ל מוצר צריכה ב סיסי	2.0
עמית אולמן ( פדרו גראס ) - שיר ל אהובה חירשת ה חח	2.0
כדי לאשפז רבנים חולים ב מחלקות נבחרות ו לשכן את בני משפחה של הם ב מיטות של חולים , כדי לתעדף סיגריות על טבק ל ה גלגול , כדי להקשות על רכישת קנאביס רפואי . ו אידך זיל גמור . קל , נכון ? …	2.0
שוקולד השחר עם בננה ב תנור ב טמפורת אבקות מריחוא של היא ו חוסר שינה . וואלה יצא בסט ל ה טח.פהחויחה . com/zk E 98jLXy T	2.0
לפני כ שבועיים מר ס ה קפחחן סירב ל פרסם טור ש עוסק ב ה צדדים חיוביים אפשריים של ל גליזציה של קנאביס אצל הוא ב ה עיתון ה מוערך . הוא סירב אפילו לעיין בטור , ו סירב גם להסביר מדוע הוא מתעלם מפניה ל גיטימית ב נושא . ואז הרגע נזכרנו ש ...ה של היא . twitter.com/z5r a9Nlof u	2.0
כש נהיה קר צץ חם - צוואר ל וליטות אין שנאה - קנאה IN כש לון מוכח , מ ה דהד ש רק שמח ל איד איש קטן , חרמן , יצור נלעג , טרחן קנביס ה פתרון ל בעל ה שיגעון מ ה עיניים ל אנחנו עוף מוכשר אבל חצוף . …	2.0
אני עדיין ערה אחריי ה משמרת ל ילה ו אני מתכתבת עם אנשים מ ה תחנה ו אני ב טוויטר ו אני רואה ש ה דברים ש אני מקלידה לא ה גיוניים אני מפספסת מלא מילים אז ככה זה ש מעשנים מריחוא של היא כאילו ?	2.0
אני לא צריך קנאביס ו אלכוהול כדי להנות , זה הם צריכים את אני	2.0
רק אם יחליפו ל אנחנו את עלי ה כרפס בעלי קנאביס ב ליל ה סדר נצליח להבין מה קרה ל אנחנו ה שנה . מה נשתנה מ כל ה שנים .	2.0
ב הפגנות ה ימין מניפים דגלי כחול לבן עם מגן דוד ב מרכז שרים שירי אהבה משירי ארץ ישראל ה אהובה ו היקרה , ב הפגנות ה שמאל מ ניפים דגלים שחורים , משפילים את דגל ישראל , שרים שירי סטלנים הרה אקסטזי מריחואנה גראס ו עוד מריעין ב ישין , . ..בעיקר מתבכיינים .	2.0
"ה משטרה מדווחת כי "" ב תום פעילות מורכבת "" נעצר תושב ה דרום בן 60 ב חשד ש גידל 480 שתילי קנאביס בתוך ו מחוץ ל בית של הוא >> pic.twitter.com/RHPMK7du S9"	2.0
גם הגיע ה זמן ש יחלקו ל כולם מסכות , על מנת ש לא יכולו לעשן . מ מתי עישון של סמים זה נורמלי . מ אז ש ראש ממשלה פושע מושחת הפך ל נורמה ב ישראל . הגיע ה זמן ל לגליזציה של קנאביס ל ה אנשים בוגרים …	2.0
"על אף ש לטענה של הוא היא מנסה לכאורה להסוות זאת , קופת חולים פכללית של היא , כמו שאר ה קופות , מחוייבת לשלם ה חזר הוצאות ל נפגעי תאונות עבודה גם בגין רכישת קנאביס רפואי . ב תום משפט נאלצה הקופה להעביר ל מטופל 17,950 ש""ח פלוס הוצאות . ל סיפור ה מלא :"	2.0
"אינטרקיור קנדוק ב הסכם ש ת""פ נוסף ל הגדלת כושר ה ייצור של קנאביס רפואי $INCR"	2.0
עצומה : להוסיף למנות קרב גם שקית קנאביס	2.0
כל מי ש חושב ש עכשיו ביונימין תיכף רץ לאשר פה ל גליזציה , ו כל מי ש חושב ש גם ה מפלגות ה חילוניות ב אופוזיציה לא יתקעו ל ה ממשלה אצבע בעין כדי למנוע מן הם הישג חקיקתי - הוא נאיבי בואכה תמים ב רמת ה שה .	2.0
יונית מארחת כל לילה את ברק ה פדופיל , תזכורת : ב רח מצהלים ב רח ל איש של הוא ב רח מ לבנון ב רח לאי עם פדופיל אפשטיין עסקאות נשק מ פוקפקות עסקאות סמים [ מריחואנה ] קיבל 10 מיליון מ/וקסנר ב רח עמותות ב רק קנה דירה 12 מיליון מכר ב 27 אבי אבות ה טומאה אבי אבות ה שחיתות …	2.0
פעם ראשונה ש אני מתה להפסיק ל ה עשן , אבל אני מעשנת גם קנאביס רפואי ו מפחדת ש זה יקשה על אני . חוץ מ ה היריון ש אז לא יכולתי לסבול סיגריות , אני מעשנת כבר מעל שלושים שנה ו אני מרגישה שדי , ה גיע ה זמן ש אני ו ה סיגריות נפרד כ ה ידידים . אם יש ל ה מישהו רעיונות איך עושים את זה בלי בלי יותר מדי סבל , פתוח של היא להצעות	2.0
עם כל ה אמפתיה ל תעשיית ה תיירות כאן עד ש ה מלונות ו ה צימרים כאן לא יפסיקו עם ה מחירים ה חזיריים של הם ( 10 ימים ב מונטנגרו = 3 ימים ב אילת ) מ ציד של אני ש יעשו הסבה ל מחסנים ו חממות קנאביס .	2.0
קאנומד התקשרה ב הסכם ל מכירת תפרחות קנאביס ב היקף של 1.6 מ חשח , אספקה 9 - 10/2020 $CNMD	2.0
ה קורונה שיתקה את ה משק ה ישראלי , אך עבור סוחרי ה קנאביס ב טלגר של הם ה עסקים דווקא טובים מ אי - פעם . פנינו אל הם כדי לשאול איך משפיע ה מצב ה נוכחי על ה מכירות , ו איך מספקים מ שלוחי קנאביס ל לקוחות ש נמצאים ב בידוד . ל סיפור :	2.0
"קשיש בן 88 נעזר ב מנוף כדי לבקר את אימו - ו הוביל את ניצחון ל ה ליכוד תמורת שירותים ל חברת קנאביס ב 21 מוקדים שונים : "" רוצים ניצחון ב כורה ל אצילי , 1:2 ל מכבי נתניה : אלמוג כהן סוגר מעגל ב כותל ה מערבי"	2.0
קנביס ובירה ליד הנחל פוצץ ! ל ה טח.פהחויחה . ל ה קפפפויטויויחה	2.0
תל אביב : נחשפה מעבדה ל ה גידול סמים ו ב היא 110 קילו ב רוט של הוא מריחואנה ב שווי מוערך של מאות אלפי שקלים pic.twitter.com/d5eHCGreV J	2.0
אוקי . . אז אזהרת ספין ה 2 - 1 . נכונים ב דעה של הם , ש זה אומר ל גליזציה , הפיכת ישראל ל מדינת מאפיה תחת שלטון ירדני ו עותומאני ב זמן מצטבר של 16 מלשח . תעשו את ה מתבקש מ ה שטן ש אתם .	2.0
"""אז מה , רק בגלל ש אנחנו כל יום יחד , ו ב ה זמן ה אחרון אפילו יותר מ ה רגיל , ש כחת ש היום זה ה יומולדת של אני ? לא מגניב "" - מריחואנה , ה עשרים ל אפריל"	2.0
באר שבע : נעצרו 2 חשודים ב גידול כ - 32 ק”ג קנאביס ב חממת הידרו תוך גניבת חשמל	2.0
"ה קמפיין נגד ל גליזציה של תומכי נסראללה מ ה ימין ה ישראלי נמשך , ו הפעם , תאמינו או לא , ד""ר חנה קטן מציגה ב אתר 7heb את "" תקופת ה יובש "" של ה אלכוהול ב ארה""ב כ טיעון **נגד** ל גליזציה של קנאביס ו טוענת ש קנאביס מסכן חיים . טרלול ל ה טח.פויטויטיטיו .ו .אי U W"	2.0
"מטופלי קנאביס רפואי , שרוצים לעבור ל אסדרה ישנה ב - 370 שח אז עמותת ה קנאביס ה רפואי , צריכה נתונים כדי להגיש בג""צ ב נושא תשלחו דחוף ל עמות של היא מייל : amuta . ל ה קפפפויה של היא לציין : 1 . פרטים מזהים מלאים ( שם מלא , ת.ז , כ תובה של היא …"	2.0
"אינטרקיור ( ה""ק - נפתחה ב - 10:18 ) קבלת רישיון מהיקר ל ריבוי ו גידול קנאביס ב מתקן קנדוק( בת ) ה דרומי ה חקחח"	2.0
גת - יש בירה - יש מריחואנה - יש שמש - יש שקט - יש תלונות - אין !	2.0
ה לוואי ש שרן השכל תקדם ה ימורים ב אותה נחישות ש היא קידמה ל גאליזציה של קנביס	2.0
ש חרור לקוח ל בית של הוא ב ה עבירות של גידול קנאביס	2.0
תיעוד את היא : לוחמי מג&quot ;ב איתרו 42 חממות קנאביס ב שטחי אש של צה&quot ;ל ב ה נגב	2.0
שיח מדיקל קבלת אישור ראשוני ל ה גידול , יבוא ו ייצוא קנאביס ל ה חברה ב פורטוגל $SEMG	2.0
"אני ממליץ ללהב 433 לבדוק את חשבון ה בנק של חיים ש דמי , סתם בשביל לדעת אם יש ל שם "" תזרים "" של מזומנים ו מאיפה , אני ממליץ לבדוק ב מצלמות של עקירוב כמה פעמים הוא ביקר ב בניין ו ב איזה שעות ו אם היתה "" הפקדה "" ל מחרת היום , אני ממליץ ל הם ל יבדוק ל מה הוא קיבל רשיון ליבוא קנאביס ו לא אדם אחר , שווה . ."	2.0
אחחח , חברי ה טוב קנאביס	2.0
It's all about the money . תגובת ה צבא ל פריצה ב צאלים . . . ב שטחי אש ב ה דרום : שוטרי משמר ה גבול של משטרת ישראל תפסו כ - 27,500 שתילי קנאביס ב 21 מוקדים שונים ב שטחי אש ב צאלים . ב מהלך ה פעילות אותרו 21 מוקדים ו ב הם חממות ל ה גידול לא חוקי של קנאביס בתוך תעלות שחפר של הוא ב ה מקום ו שהן מסוות ב רשתות שונות pic.twitter . ל ה קפפפויטויויחה	2.0
"נתפס של הוא ב החזקת 1 ק""ג קנביס • מאת : מערכת חי פה - חדשות חיפה • לכתבה המלאה ו להשארת תגובה - הקליקו על הקישור. . ."	2.0
היה ל אני פה חבר יקר ש יום אחד את אני אינפל . הוא רצה את ה - ל עצמו כמו ש נינה את ה - ואני פרגנתי ל הוא . היה קל אבל אני לא יודעת מה נתקל אז עד ש עלה של קנביס יקבל אימוג׳י כי עכשיו זה מחרתי . ה - שלי .	2.0
חשק של היא נפשי ב מוקפץ ירוק חריף . מצאתי מתכון , 40 דקות עבודה היה כתוב . זה היה ב 19500 . ו הנה , 3:24 שעות אחרי , אני גאה לבשר ש סיימתי . אין ה נחתום מעיד על מוקפצו , אבל יצא בן זונה . על ה דרך גם הספקתי להכיר ל עומק מונחים קולינריים אסיאתיים כמו קארי ירוק , שורש למון גראס , באק צ'וי ו נטיות אובדניות . pic.twitter.com/i2CF C3qCZ X	2.0
יהיה סיפוח כמו ש יהיה ל גליזציה ו כמו ש יהיה קמפיין ממשלתי נגד 5 G …	2.0
האם עישון קנאביס מעלה את ה סיכון ל סיבוכי קורונה ?	2.0
למון גראס	2.0
רבינו ש ליטחלא האט געלייגט תפילין היינט פאר ה בח יושע ה עשיל ב ה קחר יואל גראס און מחנה דברי יואל , דערנאך איז מען געפארן דאווענען ביי ישיבה קטנה סניף ר' משה יודל פריעדמאן און כוונת ה לב קעמפ	2.0
ה כנתי עוגיות קנביס ו אני כל יום אוכל כמה ו לא מצליח להוריד את ה חיוך מ ה פנים אני ככ מאושר תיכף ה עוגיות נגמרות בא ל אני לבכות	2.0
גם אני רוצה כיוון כ ה זה גם ב כמות גם ב מחיר קנאביס …	2.0
דברים ש מעסיקים את אני ב ימים כתיקון של הם : ל איזה רצפטורים נקשר CBD ? איזה מנגנון מתווך את ה פעילות ה אנטי דלקתית של קנאביס ? איך נשפר את חיי ה אנושות ? דברים ש מעסיקים את אני ב ה שבועיים ה אחרונים : איפה ה חולצה ה בורדו	2.0
ה משטרה חשפה חממה ל ה גידול קנאביס ב ה שטח מיוער סמוך ל זרעית חדשות את הת ימנים >>>	2.0
ל גליזציה ל עישון ב בית ? מעניין . . . …	2.0
צעיר תושב תל שבע נעצר ב חשד ל ה גידול ב - 900 שתילי קנאביס	2.0
"טוגדר משלוח ראשון של 250 ק""ג קנאביס יצא מ אוגנדה ל כיוון ישראל $TGTR"	2.0
"צה""ל מחלק קנאביס כשר לפסח ל מבודדים"	2.0
חמאת קנאביס ב ננות ו עדשים pic.twitter.com/xWZNS9cO8 t	2.0
מעשן אוזו שותה קנאביס	2.0
אלכוהול של הם . כי קנאביס לא מספיק ל מציאות ה זו . pic.twitter.com/Nk8adBl6 z p	2.0
מ הפך ב דעת ה קהל : מ בדיקה של אנחנו עד כה כ - 70 % מ שרי ה ממשלה ה חדשה תומכים ב מוצהר ב לגליזציה של קנאביס ב ישראל . כ - 20 % מתלבטים או לא יודעים . רק פחות מ - 10 % מתנגדים . ב יום ראשון אחרי הקמת ה ממשלה נפרסם פירוט מלא של ה עמדות . מ משלהירוקה	2.0
"היום לפני , שנת 1977 : "" מה תאכל ה ציפור של אני עכשיו ? "" - תושב בית חנינה נתפס מגדל קנאביס ב חצר אך טען ש מדובר ב צמחי קנאביס זכריים ש נועדו ל מזון עבור ציפורים - טיעון ש היה נפוץ ב ה עבר ו הסתמך על פרצה חוקית ש הייתה קיימת עד 1975 ב פקודת ה סמים ו אסרה רק על צמחי קנאביס נקביים ו לא זכריים . pic.twitter.com/wjn96IE x8 I"	2.0
ה שפעת ה ל גליזציה ב אורוגוואי על שימוש של מתבגרים ב קנביס : P ubMed - NCBI	2.0
על פי מחקר ש פורסם ב - , ממצאים ש נמצאו ב מקדש בן כ - 2,700 שנה ב תל ערד מצביעים על כך ש ייתכן שאבות אבות של אנחנו , גם של ליצמן , ש רף של הוא קנביס ב מהלך פולחן דתי …	2.0
ה משטרה מדווחת כי תפסה ה בוקר 27,500 שתילי קנאביס ש גדלו ללא אישור ב - 21 מוקדים ב רחבי שטחי ה אש של צאלים . ה צמחים הועלו ב אש . ל ה פרטים ו תמונות :	2.0
תחשב של הוא את כבוד של הוא ב משפט על ל גליזציה של קנאביס , איזה ניגוד עניינים כבוד של הוא נאלץ להקשיב ל חצי שעה של ה סברים של ה רשות ל מלחמה ב סמים על כמה זה מסוכן ו ממכר , כש חמש דקות לפני הוא עשה ש אכטה ב מרפסת pic.twitter .com/DU7l2sCUkV	2.0
איך גילו קנאביס ב תל ערד אחרי 2000 שנה ? ב טענה ש שימש ל עבודת ה קודש אצל ה יהודים ? …	2.0
"ממולא ממולא : שכבות של בצק פילו עוטפות ב צל ש נדחס ב ריזוט של הוא ב ה ש""ט , כרישה ו עירית ו אז בושל עם עגבניות , גזר מגורר , למון גראס , ג'ינג'ר , שום ו רכז רימונים pic.twitter . com/yULXa f 44 P p"	2.0
גם חברות קנאביס מ חפשות תרופה ל ה קורונה - כלכליסט …	2.0
"סקירה חדשה על ה ספר "" קנאביס ו ח.ה . T ל בריאות ה גוף ו ה נפש ב הוצאת פוקוס … על ה ספר , כאן : …"	2.0
תגיד של הוא לא אמרו פעם ש הולכים לעשות פה ל גליזציה ?	2.0
יש ל אני קנאביס מעורר , מרדים ו אחד ש גורם ל אני להטיל ספקות .	2.0
ב חירות מועד א - קנאביס בעד נגד קורונה משתוללת - שרה נתניהו ו עוגת ה ביסקווטים ב עד ו נגד זהו נגמרו ה צרות ב ישראל אנחנו גן עדן עלי אדמות כולם מאושרים אין עניים ממש חזון אחרית ה ימים ה נביאים ו ה אלוהים נתנו ל ה יהודים מדינה ו הם רבים על עוגה	2.0
קנאביס רפואי ל טיפול באנדומטריוזיס. . . … via	2.0
מצאו שרידי קנאביס ב איזה מקום פולחן של יהודים . אני : ש יבנה בית ה מקדש ב מהרה בימינו.. . .	2.0
"תל אביב : משטרת ישראל חשפה מעבדה ל ה גידול סמים מסוכנים ו ב היא 110 קילו קנאביס ב שווי מוערך של מאות אלפי שקלים . חשוד ( 41 , ת""א ) הובא ל ה חקירה ב תחנת ה משטרה , ו ב תום ה חקירה נכלא . צילום : דוברות ה משטרה pic.twitter . ל ה קפפפויטויויחה"	2.0
אבל הוא בעד ל גליזציה ! ל ה טח.פהחויחה . com/cJg z 46NqZ Y	2.0
אמרתי ל אתם , ל גליזציה של סמים , יכולה להביא ל כל מיני דברים . . . …	2.0
עכשיו כש כולם הם רואים מיהו ב אמת ליצמן , אולי תהיה טיפת הזדהות ל תסכול ה עצום ש הרגשתי כש עמדתי יחד עם אלפי מטופלי קנאביס רפואי ב רגעי ה שפל ו ה הזדקקות ה קשים ביותר ב חיים של הם מול שר אטום , לא בקיא ו חסר מצפון ש ה פקיר את גורל של הם ל חברות ענק ש התעללו ב הם ב תורם . זמן תיקון	2.0
קנאביס כ טיפול נפשי ? ה צעיר נגד ביטוח לאומי	2.0
נתפס של היא מעבדה ל ייצור סם ה אונס ו שמן קנאביס ש התנהלה מדירה ב תל אביב	2.0
יוניב של הוא קבלת ה יתר ייבוא מ חוות קאנופי ל ביצוע בדיקות ל גידולי קנאביס רפואי , ה משך $UNVO	2.0
יוניב של הוא נחתם צו ל הסדרת ייצוא קנאביס רפואי , ב כוונה של היא לפעול ל קבלת רשיון ייצוא ה חקחח	2.0
מה אני חושבת על ל גליזציה ? …pic .twitter.com/3Z2nhbfv a8	2.0
טוגדר הסכם מסגרת ל מכירה תפרחות קנאביס ב תמורה של כ - 9.72מ'$ $TGTR	2.0
"בוחרת עם אחים של אני תוספות ל פיצה "" יש פה ב צל פטריות פפרוני קנאביס . . . אהההה קבנוס """	2.0
ה פריחה ב ה חוץ ש אף אחד לא זוכה לשזוף ב היא את עין של הוא היא ה נמשל של ה סיפור על הסטלן ש עלה ל גיהינום ו גילה ש הוא מורכב משדות של מריחואנה רק ש ל אף אחד אין אש	2.0
צריכת קנאביס או טבק ש לא דרך עישון - שורש עשב בניין פיעל . עישוב , עישב , עישבה , עישבו , עשיבנה , עישבת , עישבתי , עישבנו , מעשב , מעשבת , מעשבים , מעשבות , יעשב , תעשב , יעשבו , תעשבנה , תעשבי , אעשב , עשב , עשבי , עשבו עשבנה , לעשב .	2.0
ניהול של היא השקעות - רעיון השקעה >> האם זה ה זמן לקנות קרנות נאמנות ה משקיעות ב מניות קנאביס ?	2.0
האם טעמתם שייק גזר קנאביס ?	2.0
ניסיתי מריחוא של היא אבל לא לקחתי ל ריאות …	2.0
אז אני רואה ש מתחילים להפיץ את זה ש ה מפגינים מעשנים גראס ( אהלן ו סהלן - זה קורה כבר יותר מ עשור ) ו עושים מלא סמים ( כי הם חייזרים . . . ברור ) . אגב , מה קורה עם ה לגליזציה שביבי ה בטיח ?	2.0
מאוד מדהים מדינת תל אביב מבזבזת כספי ציבור על הפגנות ממומנות של סוחרי קנאביס ( אהוד ברק ) במקום להקיע ב אזרחים תושבי דרום תל אביב ל ה קפפפחויחה . ל ה קפפפפויטויקו אל ה ש /1255852411920490496 …	2.0
טוגדר מכרה תפרחות קנאביס ב - 800 אלף ₪ ש ישמשו ל תשלום ה אגפח	2.0
"1/5 כתבו כאן כבר הרבה דאחקות על חשבון ה אמירה ה אומללה ה זו של מזוז , אבל אני חושב ש כדאי ב כל זאת להרחיב על תפיסת ה עולם של מזוז ש היא מבטאת , ו שמשתקפת היטב ב ה אמירה של יאיר לפיד "" אני מתנגד ל לגליזציה של קנאביס , כי זה לא חוקי "" . היו איתי רגע : pic.twitter.com/FVvwfU K 192"	2.0
אחרי זה גם לא תהיה ל גליזציה . ב אשמת גנץ כמובן …	2.0
איך נראית חוות ה קנאביס של הוא ב קולורדו , ל מה הוא נכנס לתחום , מה ה יתרון של ה חברה של הוא , מתי תהיה ל גליזציה ב ישראל , מה דעה של הוא על מרים אדלסון ו האם יש ל ביבי תחליף - דברים אלו ו אחרים ב ריאיון מיוחד ש ערכנו עם חיים רמון >>	2.0
יחי מריחוא של היא	2.0
ה סכמים מסחריים ל מכירת קנאביס ל חברות שיח ו טוגדר pic.twitter . ל ה קפפפויטוטחיחה	2.0
"קצת על "" יהיר "" לפיד לא יזיק ל אתם ל דעת ! לעולם לא עישנתי מריחוא של היא חחחחחח תשימו לב טוב ל כמה ש קרים בוטים ללא משוא פנים ! השקר פשוט חלק מ השקפת עולם של הוא !"	2.0
אתה מפספס - קנאביס זה רק תירוץ . ניסו להפחיד את הוא בגלל דברים ש הוא כותב .	2.0
את ה בוקר ביליתי ב לקרוא ספר ב כיכר הבימה , בלקנות מריחוא של היא ב בית מרקחת , ו בלקנות טלוויזיה ל עיוור	2.0
מ דענים : נמצא כי ה דנא של מריחואנה הוא חייזרי עוד מ אותם מדענים : אבי הביא את ה פרח ה כי מושלם ל ה ישיבה חחח ל ה ישיבה רגע זה אבי הביא ? חחחח כן כן אבי כי ה הוא זה שלומי ו מה הוא קשור בכלל נו אל תצביע	2.0
קאנומד דירק ' אישר התקשרות חב' ה בת ב הסכמי גידול קנאביס , כפוף , פרטים $CNMD	2.0
משלימים קציר מסחרי ראשון : איך נראית חממת קנאביס חדשה ? pic  _של של אנחה של_	2.0
חולת פיברומיאלגיה ו טרשת נפוצה , טופלה ב קנאביס רפואי איתו הוא הצליחה ל תפקד . אבל יום אחד , כש היא ב חודש ה חמישי ל הריונה , פרצו ל היא לבית ו גנבו את ה קנאביס . היא עשתה את ה מעשה ה מתבקש ו דיווחה ל ה משטרה ו ל משרד ה בריאות . אבל במקום לקבל קנאביס חדש , הודיעו ל היא ש מבטלים ל היא את ה רישיון .	2.0
"רבינו ש ליטחלא האט געלייגט תפילין היינט פאר ה בחור ישראל חיים ב""ר יואל גראס פון ק""י ."	2.0
אני אקח את ה משרד ל ה גידול קנאביס חברתי	2.0
טוב , אני חייב להיות ה ראשון ש כותב את זה כדי לקבל מלא לייקים ו ריטווטים : קנאביס מרפא קורונה .	2.0
דרושים עובדים שרוצים להציל את ה מדינה . ניסיון עם קנאביס - יתרון	2.0
זה נכון ש אם שותים קנביס אין קורונה ?	2.0
"חבר מ אמריקה שואל , אם ה FBI עוצרים ל ה חקירה את "" דון פאבלו ב רח אסקובר "" ב ה עיניין ה "" Lolita ל ה קחפחח "" מה יהיה על "" אימפריית ה סמים "" ? ב רשות של הוא חוות ל ה גידול קנאביס "" רפואי "" ש "" מגלגלות מ ליירדים "" ל 10 מערך שוק האם הם יעברו ל טובת ה שכירים ה עצמאים ו ה נזקקים ? מה יהיה על אימפיריית ה "" סמים "" ? אוהב דקל …"	2.0
משלוח ראשון של 250 ק''ג קנאביס נשלח מ אוגנדה ל ישראל . ליל ה סדר יהיה ב סימן אופוריה .	2.0
לא ידעתי ב וודאות , אבל תמיד חשבתי ש ה השפעות של מריחואנה הן השפעות פסיכדליות . ראיתי דמויות , ו צבעים ו אפילו יכולתי להרגיש את ה תודעה של ה אטומים ש מרחפים סביבי . ( כן , גם אני הייתי בהלם ש ל ה אטומים יש תודעה ) . קיצר , מריחואנה , פסיכדלי , עכשיו אני יודע ש זה נכון	2.0
איזה מ עצבן ! קניתי ה בוקר קנביס ו מסתבר ש ה שמן ש נתנו ל אני הפעם מבוסס על קוקוס ו לא זית ו אני אלרגית ל ה קוקוס . אף אחד לא אמר ל אני כי זו לא אלרגיה נפוצה . לא העלתי ב דעה של אני לבדוק כי מעולם לא נתקלתי ב ה זה ו אין אפשרות להחליף קנביס רפואי תחת שום מצב . ב קיצור אבא של הם זנאי . תביאו לגדל כבר .	2.0
לא יודעת הרבה ארמית לא יודעת הרבה על ביולוגיה ימית לא יודעת הרבה על סוגי גראס לא יודעת הרבה על קונטרבס אבל אני יודעת ש אותך אני אוהבת ו אני יודעת ש אם ב ליבך ישנה ש להבת ה עולם יהיה מוששששלם	2.0
עם שליטה דרך אפליקציה ו טכנולוגיות מתקדמות : כך תבחרו את מאדה ה קנאביס ה מושלם יש לא מעט דרכים ל ה צרוך קנאביס , אך נראה כי ב שנה ה אחרונה ה דרך ה נוחה , ה מהירה ו היעילה ביותר היא באמצעות מאדה . כעת ה מאדים הפכו ל טכנולוגים מתמיד , עם שליטה דרך אפליקציה ו טכנולוגיות מתק. . .	2.0
יצאת מ שליטה אדון ברק . כמה ש אתה משועמם ? מה עם עסקי ה קנביס ? מה מ זג ה אויר ב פנטהאוז ב ה קומה 30 ב ה מגדל אסותא/בזל ? קיבלת משלוח מאחד מ בתי ה קפה ש מתחת ל מיגדל ? עצה : קח כל בוקר כמה טיפות קנאביס ל הרגעה ו ל סוטול . …	2.0
מוזמנים לצפות ב קטע מתוך ה עימות ש השתתפתי ב הוא ב ה ערוץ 20 ב נושא : קנביס - ל גלזיציה כן או לא ? מוזמנים להביע את דעה של הם כאן למטה קישור ל ה עימות ה מלא ב המשך . …	2.0
1 0 . נמאס ל אני לרצות לעשות פעולה , לעשן גראס ו אז לא לזוז במשך שעה ו חצי 2 . זהו בגדול , לא יודעת ל מה מספרתי את זה ב ה רשימה	2.0
היי ה ערב שישי 19:30 , שר ה בריאות אדלשטיין ב ראיון . ליל ה מסיכות עם שוטרים ב גוש דן . כתבות מגזין ראיון עם ה שודד ש הואשם ב רצח דורון שוסטר , חברת קנאביס , תומר ו שונית חמד . ו גם סיכום מנדלבליט רוזן . 13 il מוזמנים .	2.0
"למה מזכיר ל אני טת : "" עישנתי גראס בקולג אבל לא לקחתי ל ריאות "" של קלינטון או אובמבה ? …"	2.0
ש ליחים של חברות קנאביס רפואי ש מסתובבים כל היום בין חולים בלי לשים על עצמכם ציוד מגן , יו אר דואינג איט סו פאקינג טוטאלי רונג	2.0
פרסום ראשון : חוות ה קנאביס של חברת ה קנביטח נפרצה ו נשדדו מן היא שתילי קנאביס , יש ה מעריכים עשרות עד מאות שתילים . ה חווה ממוקמת ב ה ישוב נאות ה כיכר ה סמוך לים ה מלח . פרטים :	2.0
זמן טוב לכתוב ש מי ש לא מוציא את ה אלכוהול מ ה חוק , צריך לתמוך ב לגליזציה של קנביס ? …	2.0
שרשור ! ה הפגנה מחר ב בלפור ו ה הצהרה של ה דיקטטור היום גרמו ל אני לחשוב על זכויות . ה ערב , ראש ה ממשלה אמר ש חוקים זה מסורבל . מעכב . הוא לא אמר את זה כש חוקים מ נעו מ להטב להקים משפחה , או מחולה ב כאב כרוני לטפל ב עצמו עם קנאביס . הוא אמר את זה רק בגלל ש זה מפריע ל הוא לשלוט ב אופן טוטאלי ללא שום הפרעה .	2.0
אחמדיל אבו - שרלועה הוא מגדל קנאביס זעיר מ ה פזורה ה אריתראית ב ה דרום ת״א ש מגיע עד אלייכם הביתה עם הגמל טקסי של הוא ו מביא ל אתם סחורה טובה טובה עם ניחוח של אלכוג׳ל . ממליץ	2.0
לפיד אמר צאו מהבתים אל תקשיב של הוא ל ביבי זו לא דמוקרטיה ו עכשיו אחרי ש אנשים יצאו ו נדבקו הוא צועק ביבי אשם ש אנשים חולים ו סגורים ב בתים ב קיצור ב ה חור על מריחוא של היא …	2.0
"ה יו היה "" גמד "" קטן ש חשב ש הוא "" נפוליאון "" השתחרר מ ה צבא ו קנה דירה ב "" 40 מליון "" מ איפה ה כסף מה הוא עשה ? הכל בגדר תעלומה ! יבא סמים ( קנאביס ) , התעסק עם קטינות ( אפסטיין ) ו עכשיו ב "" פוזות "" את אנחנו מנסה לקנות מופיע ב כל ב מה עם אותה ה "" גחמה "" "" רק לא ביבי "" , ה בן אדם מתוסכל ליראות את ביבי הוא לא מסוגל ! pic.twitter.com/VE0roVGCC o"	2.0
MDMA Extazy מריחואנה מולי קוק ה חברה של מתודלקים יופי טופי …	2.0
מה ב סוף עם ל גליזציה	2.0
שיח : טלקאן עימה חתמה ה חברה על שיתוף פעולה , קיבלה רישיון גידול קנאביס	2.0
"ה משטרה מנצלת את ה עובדה ש בני ה מגזר ה ערבי ש יש ל הם סכסוכים נשארים ב בית , אבל חמושים כמובן . בעקבות מידע מודיעיני , ה תקיים חיפוש ב מתח של הם משפחתי ב כפר קאסם . בלשים ו כוח של מג""ב מצאו קלצ'ניקוב , רובה צלפים , אקדח , רימוני רסס ו שקית מכובדת של קנאביס . עוד אותר ב מתח של הם רכב יוקרה ה חשוד כ גנוב . pic.twitter.com/cq0pMhiMa N"	2.0
"רגע של גאווה : עובר על רשימת מרכיבים ל קארי צהוב ו מגלה ש יש ל אני את כולם ב מקרה ב בית , כולל גבעול למון גראס ש ניערתי מ הירקן ה יקרן ב טכניקת "" מתפעל לפי תומו "" ש מבוצעת לאחר ה רכישה ה מתוכננת"	2.0
להזכירכם את הם ד״ר ג׳מאל זחאלקה רוקח . להזכירכם את הם ה דוקטורט של הוא על קנאביס. . . …	2.0
אייטם מאוזן של מנחה בעד ל גליזציה גיא לרר ו מתנגד צד שלישי בעד ל גליזציה .	2.0
"ה פעם ל מבריחים היה גם ציוד צבאי רב : רובה היא ל 16 , מחסניות , ארגזי תחמושת , ציוד אופטיקה ל ראיית לילה ו קשר . עשרות קילוגרמים קנאביס נתפסו הלילה ליד גדר ה גבול ב הר חריף . נעצרו 3 חשודים מכפרים לא מוכרים ב איזור ב""ש דימונה . pic.twitter.com/LdFajK s 86 b"	2.0
"דרוש ל מגזין קנאביס : כתב בעל יוזמה ו ראש גדול בעל ניסיון ב כתיבת תוכן ( חדשות , כלכלי , מגזין ) יתרון ל בעלי ידע ב ה שוק ה הון ידען ב תחום ה קנאביס קורא ו תיק ו קבוע של מגזין קנאביס מ עוניינים ? קו""ח למייל : admin.com"	2.0
"אהוד ברק : "" עישנתי קנאביס אבל לא לקחתי ל ריאות """	2.0
אולי תעורר את עניין ה גזלה ב קנאביס . צעירים ו מבוגרים עם כישור רפואי צורכים קנאביס ו שילמו 370 ₪ ל חודש . עכשיו את היא כמות 1300 ₪ ל חודש . מה זה ?	2.0
ל ראשונה : רשת Be של שופרסל תמכור קנאביס רפואי ב ה מרשם … דרך	2.0
בלי ש שם של הוא לב ה פרלמנט ה לבנוני העביר אתמול חוק ש מתיר גידול קנאביס ל ה צרכים רפואיים ו תעשייתיים . ה סיעה של חיזבאללה התנגדה . אבל ה חוק עבר	2.0
ל ראשונה : רשת Be של שופרסל תמכור קנאביס רפואי ב ה מרשם ל ה טח.פהחויחה . ל ה קפפפויטויויחה	2.0
יש פה עוד מישהו ש נוסע הביתה עם ה מבורגר יומנגס ב ה מושב ליד ב זמן ש הוא מאדה קנביס ? רק אני ? אעדכן ! !	2.0
סוכלה הברחה ב גבול מצרים : נתפסו אמל”ח לא חוקי ו שקי סם מסוכן מסוג קנאביס	2.0
קנביט קבלת תקני IMC - CSP ל ה מפעל ה ייצור ו לבית ה מסחר ל מוצרי קנאביס ב ה ציפורת $CNBT	2.0
תושב מזרעה מואשם ב גידול 300 שתילים של קנאביס	2.0
מחקר חדש ב איכילוב : האם קנאביס משפיע על חולי קורונה ? – חדשות ל ה קפפפחויחה	2.0
ה ודות ל ה ממשלה ש מאפשרת ל הוא להבריח קנאביס ל ישראל , כמובן ייבוא . …	2.0
אחיי ו רעיי ביהדות ה תורה הערב תרמתם תרומה דרמטית ל בריאות של הם של אזרחי ישראל . נפגעי עישון , מטופלי קנאביס , קורבנות פדופיליה , זקנים ב ה מסדרון - ו מכיוון ש אני לא זוכר מפלגה ש תרמה כל כך הרבה ל אזרחי ישראל ב החלטה אחת אמיצה - אני אתכם אתם ב ה בחירות ה באות ! ט.ל.ח pic.twitter .com/6m5R N9hAR h	2.0
קוקאיןן ן ן ו אלכוהלללל מריחואנה ו ספידים ם הם ם ם ם ם	2.0
"פלוריד של היא : חבית ו ב היא עשרות ק""ג של מריחואנה נשטפה אל ה חוף pic.twitter . com/usZ0em6Xo P"	2.0
"אינטרקיור קנדוק ב הסכם ש ת""פ אסטרטגי נוסף ל הגדלת כושר ה ייצור של קנאביס רפואי $INCR"	2.0
שלום חנוך מעשן גראס . ה שם	2.0
יוניב של הוא מייבאת ל ישראל מאות ק”ג של קנאביס מקנדה	2.0
מ טענים , גראס ו עוד דרכים להתכונן ל ה קטסטרופה	2.0
קובץ חדש עלה לאתר , מוזמנים לעיין צו יצוא חופשי ( קנאביס רפואי )	2.0
קצת מידע מועיל על ה רכיבים ה פעילים של ה קנאביס . קנאביס מריחואנה cannabis CannabisCommunity weed marijuana בריאות news 13pic . twitter . ל ה קפפפויטויויחה	2.0
סט קובני שעון צמיד ו שרשרת גראס …	2.0
ה משטרה חשפה מ עבדת הידרו עם כ - 480 שתילי קנאביס ב ה שטח ה משק ב איזור ה מועצה חוף אשקלון – חשוד נעצר	2.0
חוות קנביט ב נאות ה כיכר קיבלה תקן GACP ל הפצת מוצרי קנאביס רפואי ב אירופה	2.0
ישראל היתה אמורה להיות מעצמת ייצוא קנאביס בינלאומית , ו אולי זה עוד יקרה , אבל בינתיים היא הפכה בתוך 6 חודשים ל מעצמת ייבוא ה קנאביס ה מובילה ב ה עולם . בדקנו מה חושבים על זה ב ה תעשייה ה מקומית , ו זה מעניין >>	2.0
איך לדעת אם צריך להחליף מסכה : אתה עובר ב כיכר דיזינגוף ו כל מה ש אתה מסוגל לקלוט זה ריח של קנאביס , יין ו זיעה תודה תל אביב	2.0
כל מה ש אני רואה זה בצים של גראס …	2.0
רה ״ מ : ה סגר ממשיך לפחות ל עוד שנה כולם : מהההה ל אאאאא רה ״ מ : אבל קנאביס חוקי כולם : יייאיי כן ן ן ןן רה״מ : ב ה מרשם רופא מורשה בלבד כפי ש היה עד עכשיו כולם : רה ״ מ : להפך , נגביר את ה אכיפה על קנאביס ללא מרשם ה מדליק ג׳וינט * אל תנסו את אנחנו	2.0
חיים ש דמי עם רצח בעיניים צמא דם ו רוצה לרצוח את יאיר נתנים של הוא ו להשליך בקבוק תבערה לעבר בית ראש ה ממשלה ב עידוד של הוא של אהוד ברק ה תומך ב חלאות ה נושאים את ה דגלים ה שחורים ו מספק ל הם קנאביס עם חשיש ו לכן הם ב ה סוטול pic.twitter . com/j l6BnNbfL J	2.0
טוגדר : משלוח ראשון של 250 ק”ג קנאביס יצא מ אוגנדה ל ישראל	2.0
שמח לקחת חלק ב פאנל ה מרשים ב וובינר סביב אחת ה סוגיות ה מורכבות ו ה מענינות ב תעשיה - ה יצוא ו ה יבוא של קנאביס מוזמנים להצטרף : …pic.twitter.com/x3KlxfJKo j	2.0
מוח : אני עייף 9001 , רגלים כואבות 5000 , געגועים ל בייבי 9002 סטלת עייפות 40 % + מריחואנה 30 % זה כמעט 50 % רווח ! אז אין ממש ברירה אחרת אלא ל אונן עכשיו שעות . מצטער עולם . אני הולך ל בזבז קצת תאים על טישו אחים שלי אהבה  עצמית	2.0
ה איש ב מלחמת עולם ה שניה נראה על קנביס או ש הוא ראה את ה סרט ה זה כבר .... . …	2.0
ה משטרה איתרה כמויות גדולות קנאביס , חשיש ו קריסטל ב בית של הוא של בן 30 ב קריית גת	2.0
מי צריך מריחואנה כש יש סקרים .	2.0
"ה יותגובות טובות ל השלמת ה מ""מים של זבוטינסקי עבור ה גבח ש מתקשה , אז הנה : מרפא מעון מנתח פלסטי מריחוא של היא משועממתתת …"	2.0
ה סיבה ה עיקרית ש בגין היא אין ל גליזציה - מה יעשו עם כל ה אנשים ה אלה ? …	2.0
"עשרות ק""ג של שתילים , תפרחות ו שמן קנאביס נתפסו אתמול ב שתי דירות ב תל אביב יחד עם 29,000 ש""ח ב מזומן , זאת לאחר ש ב ה משטרה נתקבל מידע מודיעיני . "" פעילות ה משטרה ל מיגור הפשיעה נמשכת ב צל נגיף ה קורונה , "" נמסר . וידאו ו תמונות :"	2.0
"שידוכים 24 סאטמאר סיגעיט : מזל טוב ! ! ה חתן אלימלך ב""ר ישעי' רובין אבד""ק קערעסטיר ( וויליאמסבורג ) חתן ר' חיים אליעזר גראס עב""ג הכלה ב""ר ה ערשל מייזעלס ( רעים מתוקים ) ( מאנסי ) בן הרה""צ ר' יחזקאל אבד""ק אוה על ( וויליאמסבורג ) חתן אדמו""ר מסיגעיט ש ליט""א"	2.0
כתב אישום נגד תושב כ רמיאל ש הקים מעבדה ל ה גידול סמים ב בית ב באר יעקב : בלשי משטרת ישראל הגיעו לפני כ שבועיים ל בית של הוא של ה נאשם , צעיר בן 28 , ו ערכו ב ה מקום חיפוש על פי צו של בית ה משפט . ב מהלך ה חיפוש מצאו ה שוטרים 454 שתילי מריחוא של היא , סמים ב משקל רב ו ציוד ה משמש ל ה גידול ה סם .	2.0
ה שדרה ה חמישית . מ צד אחד רחובות ה עיר ריקים , מ צד שני - ריח של גראס ב כל מקום pic.twitter . com/J Y 52113vB F	2.0
דיונים ב קבוצת מנהלי ה אגף ש גורם ל אני ל צהול ש אני כבר לא מנפק קנאביס .	2.0
בלט ב היעדר של הוא ב הסכם בין בניומין לגנץ : משה פייגלין כשר ה מיוחד ל ענייני ל גליזציה	2.0
איך הוא ישמע הוא עסוק בלארגן לעצמו מ צבור של גראס אם יהיה עוצר ש הוא יוכל לעשן ב שקט …	2.0
מ דענים מצאו שאריות של קנביס על מזבח מ ה מאה ה - 8 ל פנהלס ב תל ערד . …	2.0
אנחנו ( ה ישראלים ) חבורת חולי נפש קיצוניים . רק לפני 3 ימים כמעט ב זזו כאן סופרים ו ה מרכול ה שכונתי נראה היה כמו אחרי פיגוע . היום ה ספקתי דואר - סופרפארם - סופרמרקט , בלי אף אחד בתור או ב רחוב בכלל . מ קיצוניות אחת ל שניה . דחוף קנאביס לכלל ה אוכלוסיה pic.twitter . com/UlRRbzJ5 a T	2.0
1 0 . אני מאושר , לא לצאת מהבית ו לא לארח . 2 . אני צריך לרכוש היום קנאביס מ בית ה מרקחת , אף אחד לא יכול להביא ל אני את זה . אני צריך להיות שם עם תעודת זהות ו רק אני יכול לקחת . אז אולי , רק אולי , תחשבו לחזור ל מתכונת של ה משלוחים ב תקופה ה זו ו לבטל את ה רפורמה ? איך אנחנו אמורים לצאת ? ? .twitter.com/F6KmvgpFl Q	2.0
"אגף פשע פרמצטיבי ב משרד ה בריאות זה שורה ארוכה של משרדים "" קנאביס "" , "" קנאביס "" , "" קנאביס "" ו "" קנאביס "" ו אין אף משרד "" סמי אונס "" ."	2.0
צפו : 2,700 שתילי קנאביס נתפסו ב ה צפון -	2.0
בזבז על חולצות שחורות , קנאביס ו טיסות ל איי ה בתולה ו ב דרך גם תפתח מפעל לחם צוואר.. . . …	2.0
"בוא של הוא נעשה ניסוי נכניס 2 יריבים ל חדר . פעם אחת ניתן ל הם סיגריה רגילה , פעם אחת שתייה חריפה ו ב ה פעם ה 3 קנאביס ה "" צמח ה אסור ו נורא "" מעניין את אני מה יהיה ה פן ה פסיכולוגי ו התוצאות ה סופיות ."	2.0
גבר ב שנות ה - 30 ל חיים של הוא מאשקלון נעצר לאחר שכ - 300 גרם סמים מ סוג קנאביס , מחולקים ל שקיות , שתילי מריחוא של היא , משקל אלקטרוני ו עשרות אלפי שקלים ב מזומן , נתפסו ב בית של הוא ב מהלך חיפוש	2.0
ליברמן : איזה מדינה מיוחדת ב מינה , איזה ממשלה הכי גרועה שקמה ל אנחנו . זוכרים את מסע״ת ב אוגוסט 2019 ? רהמ דיבר ב פאתוס על כלכלה ל יברלית , ייבוא קנאביס ו חתם הסכם עם ה שר ה כלכלי ה מיועד משה פייגלין . פייגלין , מיסגרת את ה הסכם ? תמכור את ה נייר ב eBay . יהיו הרבה קונים ל חתימת מקור של נתניהו . ל ה טח.פהחויחה . ל ה קפפפויטויויחה	2.0
אני אוהב את ה עולם . אני אוהב את יורי ו שרון . אני אוהב את ה בייבי של אני . אני אוהב מריחואנה . אני אוהב חומרה . אני אוהב לפרמט . אני אוהב להכין ל ה ילדים של ה בייבי של אני מחשב מדהים ש ישפר ל הם את ה גוד וויבס ב אמצע ה קורוני . יש התפתחויות ! ו אני לומד מן הן מלא ! חומרה זה מדהים ! ו יורי גאון	2.0
עדכון מ ה מיכלים של ה משובטים : ב זיליקום תאילנדי ו למון גראס חיים pic.twitter .com/MeN3WXeQ K7	2.0
אינטרקיור הסכמים ל אספקת כ - 12 טון מוצרי קנאביס רפואי ב תקן GMP של קנדוק( בת ) ל בתי מרקחת ה חקחח	2.0
קנאביס ל טיפול ב קורונה ?	2.0
גידול קנאביס ב בית ב זמן קורונה	2.0
ה אמת ו רק ה אמת , ה ביקורת על ליצמן כי הוא שם זין על כולנו הם ו מגן ב חירוף נפש על פדופלית , חברות טבק ו רפורמת קנביס כושלת , זה עוד לפני שכל ה התרומה ״ של הוא ב משבר ה זה זה לדחות ה נחיות ל ה מגזר . ב שיח של כתבי ישראל היום יש ארומה של בורות , ו הגנה אוטומטית ב כל חובש כיפה ( אלא אם הוא נגד ביבי או רפורמי ) …	2.0
בנזוג מחפש דבק ב אינטרנט : ״ידעת ש גורילה גלו זה גם שם של גראס?״	2.0
"1973 : מלחמת יום כיפור . שבוע ראשון ל מלחמה , ישראל ב נחיתות מול ה אויב ה ערבי . חוסר קריטי ב נשק ו תחמושת . מבצע "" ניקל גראס "" יוצא ל ה דרך ו רכבת אווירית של נשק ו תחמושת מגיעה ל ה ארץ ב מהלך 6 ימי מאמץ עילאי ב ניצוח של הוא של הנרי קיסינג'ר . 2020 : ל ה טח.פהחויחה . ל ה קפפפויטויויחה"	2.0
לכבוד כמעט אלף עוקבים חשבתי לעשות ניקוי אורוות ו להצהיר קבל עם ו טוויטר ש אני מצייצת המון על מין , אוננות , ניצול מיני , סטראפאון , בדסמ , יצירה , הוראה , פוסט טראומה , קנביס רפואי ו סטיות שונות , ו גם ש אני לא מעלה נודז , לא מחפשת שידוך , לא מעוניינת ב ה פוליטיקה ו לא זקוקה לעצות . אנפלו חופשי	2.0
"אחרי ה חדשות ב "" חמש עם "" ואריה אלדד : ה יועצת ה משפטית של ה כנסת לשעבר נורית אלשטיין , ח""כ אלעזר שטרן מכחול לבן , אריאל כהנא מ ישראל היום , יהודה מ שי זהב , פרופ' יורם לס , ו למה צריך קנאביס רפואי ב בידוד ? הרכיבו ל אתם ב בית מכונת ה נשמה , ו בואו ."	2.0
קאנומד הודעת משרד ה חלקאות ב דבר סיום תקופת ה הסגר של זרעי קנאביס מ יובאים - ה משך ה חקחח	2.0
פייגלין הטריל פה כמה עשרות אלפים ו הוכיח ש הם אכן עגלה ריקה אם בקצת דיבורים על ל גליזציה ו שוק חופשי אפשר לגרום ל הם לתמוך ב מפלצת ש הוא …	2.0
מחקר חדש ב איכילוב : האם קנאביס משפיע על חולי קורונה ? pic.twitter.com/uB0Ylgbod V	2.0
גם כש מושבת ו לא ברור עד מתי ( הרבה בריאות ) , גם כש הוכיח את עצמו כ אחד ה מנותקים ( וואלה מאלה ) , גם אחרי קדנציה מחפירה ו התעללות ב עשרות אלפי מטופלי קנאביס , גם כש הוא לא נספר ב ניהול ה משבר ו נרדם ב ישיבות , גם כש הוא מפר הוראות ב עצמו - עדיין ליצמן הוא ה שר ה יחיד ב ישראל ש אי אפשר להזיז מ תפקיד של הוא	2.0
"תגיד של הוא , אנחנו יודעים מה דעה של הוא של שר ה בט""פ ה חדש , אמיר אוחנה , כלפי קנאביס ?"	2.0
שארלוט פיגי , הילדה ש חשף של היא את ה ציבור ה אמריקני ל תועלות של שמן קנאביס ל טיפול ב אפילפסיה , מתה אתמול לאחר ש נדבקה ב נגיף קורונה . פיגי היתה בת 13 ב מותה . ל סיפור :	2.0
ככה זה . מייל . טלפון . תוך שבוע הם יבקשו מפתח ל דלת של ה בית ו יופיעו ב ה שתים עשרה ב ה לילה עם עציץ גראס ו ארגז בירות ו יגיד של הוא אני יודע ש אני צעיר מן אתה ב עשר שנים ו את לא אוהבת את אני אבל אני חייב מקום לישון	2.0
קובץ חדש עלה לאתר , מוזמנים לעיין תיקים פליליים ו קנסות קנאביס , שימוש עצמי , לפי עיר ( אוק' 19 - אפר' 20 )	2.0
יוניב של הוא קיבלה אישור ל ה ייבוא תפרחות קנאביס רפואי	2.0
470 ק”ג קנאביס של חברת “קנופי” צפויים להגיע ל ישראל KREI RegBioTech Cannabis קנאביס ://bit .ly/ 2R9x0 H s	2.0
בוא של הוא לא נדבר על אם ה סיפוח יהיה הצלחה או פיאסקו ו על ה משמעויות של הוא ה גיאו - פוליטיות של ל גליזציה של ה כיבוש . בוא של הוא נדבר על איך אנחנו מתכוונים להתנגד , להפריע ו לשבש את פעולות ה ממשלה שרוצה את הוא . ו על כמה קסום ו מהפנט ה גור ה זה ש זה לא ייאמן . ל ה פח.פויטויה יויו . ה א h	2.0
פוסט_ראשון אז , גם ביבי ו גם גנץ הבטיחו ל גליזציה , מר פייגלין נכנס תחת אלונקה של הוא של ביבי ו בין ה יתר הציע ל גליזציה . אז מה קרה מ אז ? 3 מערכות בחירות , מגיפה עולמית ו פוסט של עידן ארץ מזכיר ל אנחנו *שוב* כמה חשובות זכויות של אנחנו , ל גליזציה ו ב מה משטרת ישראל עסוקה ב זמן ה מגיפה . ש יהיה ל אנחנו ב הצלחה . …	2.0
רוצים הם לייצא קנאביס רפואי ? קבלו רישיון ממשרד ה בריאות – חדשות ל ה קפפפחויחה	2.0
שם כסף על זה ש לא בדקו אם קנאביס טוב לקורונה כי הם פוחדים מ התוצאות	2.0
ליצמן ב בידוד לא צריך אינטרנט ל ה תקשורת עם ה עולם ה חיצון . כש היונה תגיעה לחלון של הוא עם עלה של גראס הוא כבר ידע ש הכל מ אחור של אנחנו	2.0
כל קהילת מטופלי קנאביס תומכת …	2.0
"""יש אנשים שקונים גראס ו יש גראס שקונה אנשים "" , ב קיצור סוחרי טלגרם זה אשכרה רוכלים ב ה שוק עם סמארטפון pic.twitter.com/4LDWpv E 891"	2.0
פיד מחאות , ב קשה : מי ש מצל של הם וידאו או סטילס ב הפגנה ה ערב , גם ב קטע ממש חובבני , ו יש ל הוא חומרים גם מ הפגנות קודמות של ה עצמאיים , דברו איתי . מוצ'ו - מוצ'ו - גראס	2.0
"האם ה קרן ה חדשה ל ישראל משדלת את "" מפגיני בלפור "" לעבור על ה חוק ? פוסט ש פרסמה לאחרונה ה קרן ה חדשה ל ישראל , מדריך את "" מפגיני בלפור "" כיצד לחמוק מ מעצר • טלפון על מצב טיסה , ב גדים מטשטשים , בלי גראס בכיסים • ה קרן ה חדשה ל אנרכיה ב ישראל ?"	2.0
"אינטרקיור ( ה""ק - נפתחה ב - 15:37 ) שיתוף פעולה אסטרטגי ו בלעדי עם APHRIA ל ייצור ו הפצה מוצרי קנאביס רפואי $INCR"	2.0
ה מגזין קנאביס רפואי )	2.0
תושב של אני ניו זילנד יצביעו בעוד כמה חודשים בעד או נגד הצעת חוק ש תאפשר ל בני 20 ו מעלה לרכוש עד 14 גרם קנאביס ב יום , ו לגדל עד שני צמחים . ה סקרים ה אחרונים מראים כי רוב ה תושבים ( 54 % ) מתכוונים להצביע בעד ל גליזציה . כל ה פרטים :	2.0
רבי מרדכי גראס ביים ש אקלען ד' מינים ביי ר' שמעון בן יוחאי , ו ו עלכע איז א געוויסע סגולה צו פטור ווערן פון מגיפות . pic.twitter.com/e8KY M4lDu m	2.0
שוק ה קנביס ב קנדה לא מצליח להתרומם …	2.0
תיעוד את היא : מגה מעבדת סמים ב - 2 דירות בת&q u ot ;א : נתפס מעל 50 ק&quot ;ג קנאביס	2.0
ואכן גנץ שמע ו עשה את ה מהלך ה נכון ו החליף את יושב ראש ה כנסת ...מה אתה היא אומר אדון קנביס …	2.0
"אלפי מטופלי קנאביס מקבלים הודעות ספאם פרסומיות ב - SM S מ חברת "" פנאקסיה "" בניגוד ל הוראות "" חוק ה ספאם "" , מה ש יכול להביא ל תביעות ב סך מיליוני ש""ח . מבדיקת ה מגזין עולה כי ה חברה אף לא מאבטחת כ נדרש את איסוף ה נתונים . תגובת ה חברה מתעלמת מ ה עובדות . ל סיפור :"	2.0
פנטזי נטוורק קנאדורף ( 24 % ) הצלחה ב פיתוח שיטת ריבוי צמחי קנאביס רפואי ב ה טכנולוגיה של תרביות רקמה $FNTS	2.0
לאחר אישור ועדת ה שרים ל חקיקה : צוות בין משרדי יתכנס ב יום רביעי ל בחינת הצעות ה חוק ל הסדרת אי - הפללת משתמשי קנאביס	2.0
"פורסם דירוג Dun's 100 ל ה סקטור עריכת ה דין ל שנת 2020 דירוג משרדי עוה""ד מחולק ל - 43 תחומי עיסוק . לראשונה מדורגים 4 תחומים נוספים : קנאביס רפואי דיני צבא תחבורה ו גישור ( דירוג אישי ב ה פעם ה ראשונה ב ישראל ) . אז מי הם משרדי עוה""ד ה מובילים ב ישראל ? …"	2.0
ה משטרה עצרה אמש ב ה זכרון יעקב תושב חיפה בן 23 , כש ישב ב אופן חשוד ב מכונית של הוא ב אחד ה חניונים ב ה ישוב , ב חשד ש הגיע לסחור ב סמים . נתפסו עשרות שקיקי גראס ו רכוש ה חשוד כ גנוב . היום ב בית משפט ה שלום ב חדרה מבקשת ה משטרה להאריך את מעצר של הוא . .twitter.com/SnIX5DsPPg	2.0
אמא של אני ראתה את זה מ רחוק ו שאלו הוא את אני אם זה גראס pic.twitter .com/6jks e 046 v i	2.0
יוניבו התקשרות ב הסכם לפי הוא תרכוש מחוות טלקאן עד 3 של טון קנאביס רפואי ב שנה ה חקחח	2.0
"ב מהלך שידור לייב ו שאלות צופים סירב ח""כ נפתלי בנט פעם נוספת להשיב ל שאלות "" מדוע אתה היא נגד ל גליזציה "" ו "" האם של הם אתה מבין ש משמעות התנגדות של אתה היא תמיכה ב ה פשע ו ב טרור "" . ימין . חלש ."	2.0
ו עכשיו ל חידה ה יומית , ב איזו קבוצה ה הודעה ה באה , טלגראס* או מנהלים ב ה סופר פארם : למי יש קנאביס מ גולגל ה 10510 ב איזור גדרה אשדוד אשקלון ? *אני לא חבר ב ה אף קבוצת טלגראס .	2.0
"חובות כבדים של לבנון גרמו ל היא להיות ה מדינה ה ערבית ה ראשונה ש מאפשרת ל גליזציה ל ה גידול קנאביס בכירים ב לבנון לאחרונה כינו את איכות ה מריחואנה ה לבנונית כ "" הטובה ב ה עולם "" ו מצפים ש ענף זה יניב הכנסה ממשלתית צפויה נוספת של מיליארד דולר ל שנה .. . …"	2.0
"עוד סיכון חברתי בן 20 מלוד ש לא הוציא רשיון , נצפה "" נוהג ב צורה פרועה "" , כ דברי ה משטרה , ב רחובות ה עיר . מתחת ל ה מכסה ה מנוע היו 300 ג' קנאביס . סנגור של הוא הכתיב ל ביהמש "" אין סיבה ש על 300 ג' אדם יהיה עצור . על תיק של נהיגה פרועה אף אחד לא יעצר "" , אז ב יהמש ה בהיר ש ה לקוח של הוא מסוכן , ו כלא את הוא ל - 4 ימים"	2.0
"אלפי שתילי קנאביס נתפסו אתמול ב אזור ה כפר ירכא ב ה צפון . "" מ התפיסות ה גדולות ביותר ש היו , "" מדווחים ב ה משטרה . במקביל נתפסו כ ה זכור 27,500 שתילים ב ה דרום . וידאו ו תמונות :"	2.0
Nah ..nak yahudi sgt מוזמנים ל קריית ה ממשלה ב תל אביב צומת עזריאלי נא להגיע בירוק ל גליזציה ב ישראל ל ה טח.פהחויחה . ל ה קפפפויטויויחה	2.0
יוניב של הוא הזמנת קנאביס רפואי מקרס של הוא פארמה קנדה ליצור ו שיווק מוצרי פרימיום ה חקחח	2.0
לא תאמינו. . . מה ה משותף ל אהוד ב רק איתן הן בן אליהו מפקד חי״א גדעון הן נחושה של הן מפקד חי״א ניצן אלון הן יוחנן דנין של אנחנו מפכ״לים לשעבר יודעים ? כולם מגדלים קנביס. . . אח״כ אל תשאלו ל מה ה שמאל מסומם	2.0
חממה עם כ - 900 שתילי קנאביס אותרה ב מתח של הם בית ב תל שבע – חשוד בן 23 נעצר	2.0
"לפיד על מריחואנה : "" יש מספר שרים כמו מספר חולי ה קורונה """	2.0
אנו נרגשים מ כך ש - Calmer® עוזר ל ה אנשים עם ה טינטון של הם . …pic.twitter.com/ftbg ה 1529 t	2.0
צו ייצוא חופשי ל הסדרת ייצוא קנאביס רפואי נחתם היום	2.0
שמחות אין דער קאראנע - קריזיס - שמועס מיט משה אייזענבערג , יעקב שלמה גראס און שלמה יעקב וועבער . ל ה טח.פהחויחה . ל ה קפפפויטויויחה	2.0
ש מישהו יבקש מברק המלצות ל זני קנביס הכי טובים . אפילו מ ה חברה של הוא , ש נדע על מה ל בזבז	2.0
"בית משפט ה שלום ב חיפה ה אריך עד יום שני ה בא את מעצר של הוא של שדאד גורבאן , חבר מועצת ג'סר א - זרקא לשעבר , בן 48 , ב חשד כי ב תום עסקת סמים של חצי ק""ג קנאביס , ניסה להימלט מ מחסום ש פרסו בלשי ה יחידה ה מרכזית של מחוז חוף ש עקבו אחר ה מתרחש , ו תוך כך דרס ב רכב של הוא קצין משטרה ו פצע את הוא ."	2.0
"חיים רמון חוזר ל קנאביס - יוביל פעילות מימון קנאביס פנאי ב ארה""ב - כלכליסט"	2.0
"הרבה מ ה "" איגודים "" ו ה "" התאחדויות "" הם המצאה מתוחכמת ש נועדה ל שרת אינטרסים מסחריים . הנה , "" הסתדרות "" ה רוקחים ש זינקה מול ה רצון של קיש לאפשר מכירת קנביס ישר מ ה מגדלים . הרי הם יורשו למכור גם ב רשתות . משמע , יותר רוקחים . אתם אמורים ל צהול , אבל רואים ל אתם את רשתות ה פארם מאחורי ה גב . הסתדרות עלאק"	2.0
לדעתי זה סיגר קנאביס : - ) …	2.0
תצייץ : עישנתי קנאביס אבל לא לקחתי ל ריאות	2.0
נחשפה מעבדה ו ב היא 1275 שתילי קנאביס ב משקל של כחצי טון ב בניין משרדים ב ראשון ל ציון	2.0
לקנאביס ש התיישן יש השפעה שונה מלקנאביס טרי ו היא נובעת מ שינויים ב ריכוזי ה קנבינואידים . THC ב תפרחות קנאביס עלול לאבד עד כ - 5 % מערך של הוא ב כל חודש ב ממוצע . ו גם - מה קורה ל - THC ש התיישן ? מחקרים ב דקו . כל ה פרטים :	2.0
מדוע יש לחשיש השפעה יותר ל מועכת של היא , מרדימה , ו מרגיעה מ זו של תפרחות קנאביס ? ניתוח ש ערך מגזין קנאביס ל תוצאות בדיקות מעבדה מ רחבי ה עולם מראה כי סיבה אפשרית היא פערים אדירים ב ריכוז של שני קנבינואידים . ראו כאן :	2.0
כל מה ש צריך כדי להחזיר ל ה ארץ את ה זרים של ה כדורסל ו לחדש את ה ליגה זה ל גליזציה	2.0
רק משתלות של קנביס . …	2.0
עיש של הן קנאביס בגן משחקים – ו תקף בסכין לאחר ש העירו ל הוא על כך	2.0
"היכן היה יריב לוין ה דרעק ה מחליא , במקרים ה רבים ש ב ג""צ נתן מ כה ללב של ה מדינה ? הלך לישון ב פינוי עמונה ? עישן גראס ב מרתף של ה כנסת , כש הוחלט על הריסת "" חלק "" מ ה ישוב אפרת ? לעס פטריות ה זייה מתאילנד , כש בג""צ שכח ש יש בני אדם ב נתיב ה אבות ? אין ל אני ספק ש גם כעת , יריב לוין לא מבין את מעשה של הוא . …"	2.0
ה פסיכיאטר ה מחוזי . נוני מעשן גראס . ב זהירות עם קלונקס . תאשפזו את הוא ב תל ה שומר	2.0
אני מתחיל להיות ה פאלנטולוליגח לא אוכל כלום , רק נושמים אוויר של שמש , ניקוטין , גראס , ציפרלקס , קסנאקס קצת ב מבה בגלל ה מאנצח ו זהו . אולי קצת פיצות ו זהו . נ.ב . חוץ מקרייבים רנדומליים , שבאים ו הולכים תכופות , פעם ב איזה כמה שעות , ש אז אני נכנס ב מקרר ו זהו אני חושב .	2.0
ה יוש . אני לא עושה סמים בכלל מ אז ו מעולם כי אני מפחדת להתחרפן , מי רוצה לעשות ל אני סדר ב ה מושגים רק כדי ש אבין על מה מדברים ? מדברת על מריחואנה ב צורה של היא ה שונות , ה שאר עוד יותר רחוק ו אין סיכוי ש אתקל	2.0
אתם בטח שואלים איך אסתר חיות יודעת הכל , מספורט , כיבוי אש , צבא ועד קנאביס ו נגיפים . ה תשובה פשוטה : היא למדה משפטים 3.5 שנים . שם מלמדים את הם הכל מתחילת ה יקום ו עד לרגע סיום ה לימודים . אה ו היא גם שרה ב ה להקה צבאית ( להקת פיקוד מרכז ! )	2.0
תזכר של הוא את זה כל אלו ש ניגנבו מ ה פוליטיקאי ״הישר״ ש בעד ל גליזציה …	2.0
אז ב לבנון תהיה ל גליזציה לפני ישראל ? ספרו ל אני עוד על ה ווילה ב גפונגל של אתם .	2.0
בלשי ה משטרה איתרו מעבדת הידרו ל ה גידול סמים מ סוג קנאביס ב ביתר עלית . נתפסו כ - 120 שתילים מסוג קנאביס ו זרעים ו חומר ה חשוד כסם מסוג קנביס ה מוכן ל מכירה . ב נוסף נתפס ציוד ל הפעלת ה מעבדה , מוצרי דישון , מאווררים , ו עוד . *כל חדשות ה מדיהל …	2.0
קורא כתבה על זה ש בעקבות ייבוא של קנביס רפואי מקנדה יש חשש ש הענף יקרוס תוך כ דיי השמעת יללות ב סגנון ק אוף לא פייר' מבכירים ב ענף . מוצא את עצמי מ ה רהר משהו כמו 'ובכן , אם הייתם מייצרים ב רמה ו ב איכות ו ב כמות ה קנדית - אולי לא היו צריכים לייבא עכשיו? '	2.0
מייק טיסון , מחזיק חווה ל ה גידול קנאביס מרוויח חצי מיליון דולר ב חודש אחרי ש הוא כבש ב צעירות של הוא את ענף ה אגרוף ו הפך ל אלוף ה עולם ב משקל כבד , מייק טייסון מתחיל לעסוק ב חקלאות מגדל קנאביס ל ה קפחחה 'Iron' Mike Tyson's ל ה קחפחח cannabis empire that makes ה 500,000 - per - month …	2.0
"כתבה ב ה ערוץ 13 על קנביס רפואי ב ישראל , כ ה רגיל על ה ענף השתלטו ב כירי צה""ל ו ה משטרה לשעבר , הם בעלי ה מונופול כבר . כך ב רכב ל ה צבא , ב מזון , ביגוד ה נעלה , חלקי חילוף , פינוי מיקוש , משאיות צלולות מטוסים ציוד אופטי , מדובר ב עשרות מ ליארדים כל שנה , ב קצה תמיד תמצאו גנרלים לבנים ב מילל מחלקים את ה שלל ."	2.0
כמה אכיפת קנאביס יש ב ה עיר של אתם ? ב דקו כאן :	2.0
"כשהייתי ב תיכון היה איזה ב ה חור שחילק קופסאות גפרורים עם גראס ל ה תלמידים , ב ה התחלה הוא היה נותן ל אתה חינם , ו אחרי פעם פעמיים הוא היה לוקח כסף . היה ל הוא משפט קבוע כ ה זה "" עזוב , עלי , אם תאהב תשלם "" . אז ה דיון ב בג""ץ אתמול , אהבה של הם ? היום תשלמו ."	2.0
אחרי ברלין ה שר החליט ש אין ל הוא מה להסתיר ו שיתף את ה טלפון של הוא עם ספקי גראס . ש אף הוא על ה פתיחות ! מותר ? …	2.0
אינטליקנה תספק קנאביס ל - IMC ה ישראלית ש נסחרת ב קנדה	2.0
גראס ה משפטים …	2.0
ה משטרה איתרה 29 קילו מריחוא של היא ב פתח תקווה	2.0
מעבדה ל ה גידול קנאביס אותרה ב דירה ב ביתר	2.0
אינטליקנה התקשרה ב הסכם ל מכירת תפרחות קנאביס רפואי ל חבחפוקוס , כפוף $INTL	2.0
הוצאה של אני ה חודש מעל 3,000 שקל על קנביס ו סופר פארם ( ש זה כולל תרופות רגילות מן ה סתם ) איזה טירוף .	2.0
ינון לקחת גראס ? , לך תעיד קודם כ צלול , לאיש ש אתה אחד מעדי ה תביעה נגדו ו לאחר כל זאת פוסקי ה הלכה יפסקו כאוות נפשך . …	2.0
"קאנומד הסכם עם בית מרקחת ל אספקת 800 קג תפרחות קנאביס ב מחיר 10 שח ל ה גרם , כפוף ל אישור ה יק""ר $CNMD"	2.0
יש ערימה של דשא על ה חברחה : ה משטרה פשטה היום על ל מעבדת קנאביס״ ב ה קיבוץ משמרות .	2.0
שיח מדיקל התקשרות ב הסכמי מסגרת למכ' קנאביס רפואי ב בתי מרקחת ה חקחח	2.0
ה לוואי ו ה חיים בלי קנאביס היו בדיוק כמו ה חיים עם קנאביס	2.0
"ה תשובה של אני ל ה שאלה "" האם קנאביס רפואי יכול לטפל ב ה פוסט טרואמה ? "" …"	2.0
"אנשים ש לא יודעים לצלם מ סך , ה פוסט ה זה עלה ב קבוצה "" אני שולמן "" גם שמר כתבה "" איך לרדת ל אישה "" , גם תוכן פיראטי ו גם חשף כנראה ש הוא מגדל קנאביס . pic.twitter.com/DXw9qgsN Y6"	2.0
אין גבול ל ה צביעות של ה שר ה שתיין חובב אנה ה סמים ה נוזליים . מימין , לפני שנה : קנאביס דופק את ה מוח , ממכר ל חוויה נוירופסיכוטית ו מוביל ל סמים קשים . משמאל , אתמול : יאללה סמים זה כיף . pic.twitter.com/IZ7uVR V434	2.0
ל גליזציה ? …	2.0
ל מחוק קבוצות גראס ל מינים של הן ב טלגר של הם ל מי יש שיטה טובה ?	2.0
"הייה של היא ל אני הזכות לשבת היום כ שעה ו חצי עם פרופ' ארי שמיס , ש מסיים את תפקיד של הוא כ מנכ""ל אסותא ב עוד כ חודש . הוא סיפר ב צורה כנה ו מעניינת על מערכת ה בריאות ב ה ארץ , ב ארצות ה ברית , על ניהול ב היקפים כ ה אלה ו גם על קנאביס ו טכנולוגיה . מ ה פרקים ש היה ל אני יותר כיף להקליט . ://geekonomy.net / 2020/05/13/geekonom y 326 / …"	2.0
קנאביס ב ה מרשם : נחשפה ה תכנית ל תיקון רפורמת ה קנאביס ה רפואי … דרך	2.0
בנו בן ה - 23 של סמכות תורנית ו סמכות תזונתית מ ה ישוב אור - ה גנוז ש ליד צפת , נעצר אתמול אחהצ כש ברכב של הוא נמצאה כמות קנאביס שלא ל שימוש עצמי , ו ככל הנראה נהג מסטול . הוא נתפס כש יצא מיער בר - יוחאי , ו טען כי הוא לא יודע איך ה סמים הגיעו ל רכב של הוא . ב יהמש לא קיבל את ה טיעון ה זה , ו הוא נכלא היום לעוד 4 ימים	2.0
זה יוכל להגיע עם : שנה טיפול ב חינם ל ה פוסט טראומתיים בלי צורך למרר ל אנחנו את ה חיים ב מיליון תהליכים ש רק פוגעים יותר ? ב קידום רפורמת קנאביס רפואי ש יאפשר שינה נורמאלית ב ה לילה ו מענק כספי ראוי ש ייקח ב חשבון את ה מחיר ה אישי ש שילם כל מי ש היה שם שנים ? אם לא אני על האות של אני מוותר . הסתדרתי מצוין בלי …	2.0
מומחים מעריכים : עישון מריחואנה מגביר סיכון ל ה סיבוכים ב מקרה של הידבקות ב נגיף pic.twitter.com /730sl0do0 j	2.0
ב מכשיר ה שמאלי - למון גראס ב מכשיר ה ימני - לאון ברידג'ס אחלה שבת ב ה בוקר pic .twitter . com/hp9cXDAAyS	2.0
מעשן גראס>> פותח מ חשבחה קורא את ה כותרת ה זאתחח נלחץ > > מעשן יותר גראס pic.twitter.com/C1OYtETmI i	2.0
"פרשת קפריסין : ה מדינה ה יחידה של ה ציונות ה דתית ל ה גידול מריחואנה עיכבה את יו""ר מועצת ירכא"	2.0
מבקשת עזרתכם , אם אתם מומחים ל טלגר של הם , זה יעזור ל אני מאוד ! פעם אחת נכנסתי ל ה קבוצה / ערוץ הם של ביטקוין או מה ש לא מכנים את זה רק מתוך סקרנות . מ אז אני מקבלת ים הודעות מתוך קבוצות של פשע , קוקאין מריחוא של היא אינדייה כרוניק , כסף מזוייף ו הכל עם שליח עד ה בית ! WTH ? מוחקת מבטלת , חוסמת מדווחת ו שוב פעם !	2.0
לא רק מזון ו נייר טואלט , יש עוד דברים ש צריך ל ארגן כדי להיערך ל סגר : כמה היה ל אתם היום , אם לפני שלוש שנים הייתם משקיעים 100 אלף שקל ב אחת מ שלוש חברות קנאביס ישראליות ? …	2.0
ה משטרה תפסה כ - 2000 שתילי קנאביס ב ה שטחים ה פתוחים ש בנגב ו השמידו את הם ב ה מקום ל ה טח.פהחויחה . ל ה קפפפויטויויחה	2.0
"פרסום : בן של הוא של בכיר ש ב""ס גונדר אשר שריקי נעצר ב ה שבוע ש עבר על ידי משטרת ירושלים לאחר ש גידל לכאורה ב חצר בית של הוא 14 שתילי קנאביס ב משקל ב רוט של הוא של מעל - 18 ק""ג ו ב דירה של הוא נמצאו ל כאורה סמים מסוגים שונים . בן של הוא של שריקי ש ה הי לילה ב מעצר ו שוחרר על ידי בית ה משפט ל ה מעצר בית מלא . ה חקירה נמשכת"	2.0
שני תושבי ה צפון נעצרו ב חשד ל ניהול חממה ל ה גידול קנאביס	2.0
סוף יום עבודה , עומדת ליד ה אוטו לעשן ג'וינט , להוריד מעליי את ה שבוע ה עובר זוג* גבר : אפשר סיגריה ? אני : אין ל אני , זה פייסל אישה : מה ? אני : מריחואנה אישה : סמים ? ! שימי ש לא תעז לגעת ב ה זה , ה בנת ? ! אני : אל תדאגי , אין ל אני עוד1 , ו לא מעבירה מ פה לפה ש ימי : שבת שלום ל אתה אישה : אני אראה ל אתה מ זה ש בת שלום	2.0
לאחר אישור ועדת ה שרים ל חקיקה : צוות בין משרדי יתכנס ב יום רביעי ל בחינת הצעות ה חוק ל הסדרת אי - הפללת משתמשי קנאביס .	2.0
_GA ל גליזציה הייתה מכניסה ל אנחנו כמה כסף ? לא כדאי ש נילחם ב מיתון ה קרב ?	2.0
ה פגנות ב כיכר 2019 - ריח של גראס הפגנות ב כיכר 2020 - ריח של אלכוג׳ל	2.0
חדש מקולגייט : משחת שיניים עם שמן זרעי קנאביס :	2.0
