תתעודדו! לפחות תקבלו לגליזציה!	0.0
אם הייתה כבר לגליזציה הסגר הזה היה עובד לכם הרבה יותר טוב.	0.0
"המרכז לבקרת תחלואה בארה""ב (CDC) מזהיר חולים מוחלשי חיסון מפני הסכנות שבצריכת קנאביס עם עובש. נתונים חדשים שהוא מפרסם מראים מדוע חשוב שחולים אלו יצרכו רק קנאביס רפואי מפוקח, שריכוזי העובשים בו נבדקו במעבדה ועומדים ברף מחמיר. פרטים:  https://knb.is/2ZnWTIm "	0.0
לבנון עשתה לגליזציה של גידול קנאביס לפנינו. אני חוזר, לבנון השיגו אותנו. https://twitter.com/AlMonitor/status/1253267000819777537 …	0.0
אוגרים קנאביס לקראת הסגר: 30% עלייה במכירות בטלגרם https://www.xn--4dbcyzi5a.com/%D7%9C%D7%A7%D7%A8%D7%90%D7%AA-%D7%A1%D7%92%D7%A8-%D7%A7%D7%95%D7%A8%D7%95%D7%A0%D7%94-%D7%A2%D7%9C%D7%99%D7%99%D7%94-%D7%91%D7%9E%D7%9B%D7%99%D7%A8%D7%95%D7%AA-%D7%A7%D7%A0%D7%90%D7%91%D7%99%D7%A1/קנאביס.com/%D7%9C%D7%A7%D …	0.0
"קנאביס במרשם רופא, שיווק ישיר ""מהמפעל למטופל"", סבסוד קנאביס למטופלים, ייצוא לחו""ל, גידולי חוץ, סיבידי וקנבינואידים נוספים חוקיים, העברת תחום הטיפול בקנאביס מהיק""ר להסתדרות הרופאים ועוד - נחשפה התכנית לתיקון הרפורמה. כל הפרטים:  https://knb.is/2PoqoUd "	0.0
אני היחיד שנשאר לו את הדברים השחורים האלה בסוף העישון? הקססה הזו שמצד אחד לא לגמרי שרופה אבל מצד שני לא ממש חדשה? בואו תשמעו רגע מה עושים עם זה https://weed420.co.il/avb/  #AVB #וייפ #קנאביס #וויד #ירוק #וויד420	0.0
לגליזציה בישראל בשנתיים הקרובות	0.0
קנאביס חזק יותר לא בהכרח גם טוב יותר, אבל כן מדובר במדד מעניין שהופך בכל העולם לתחרות: מי ייצר זן חזק יותר. לחנויות בישראל הגיע היום הזן החזק ביותר בישראל, וברשימה כאן 4 זנים חזקים נוספים. תמונות ופרטים:  https://knb.is/2XaH710 	0.0
"N12 - חוקרים מרמב""ם: ""קנאביס עשוי לסייע לחולים קשים בקורונה"" https://www.mako.co.il/news-israel/2020_q2/Article-a983e301472e171027.htm …"	0.0
רק גראס מחכה להיות חוקי, הוא פותר כל בעיה רפואית, חברות התרופות יכולות לסגור את המפעלים שלהם, זאת מתנה שקיבלנו מאלוהים, היא שלנו, גם על הצמח הנדיב הזה, מנסים להשתלט, תנו לו לצמוח בשקט	0.0
ליצמן היקר. נראה לי שזה בדיוק הזמן להנפיק רשיונות קנאביס רפואי לכולם.	0.0
זה אבסורד שביבי מואשם בסיקור אוהד.. הוא האדם הכי מושמץ בתקשורת בישראל אי פעם.  זה כמו שיאשימו אותי שאני לא אוהב קנאביס  טמטום נוסח ישראל	0.0
ברגעים קשים אלו אני שמח שקיים קבינט פיוס שיוריד את הלהבות וימנע מלחמת אזרחים. אני גם שמח על כך שביבי הבטיח לגליזציה של קנאביס - מה שיאפשר לכולם להיות טיפה יותר רגועים.	0.0
... סיום הסכם למכ' קנאביס בין תקונ ופנאק,יאפשר לתקונ לייעד שטחי גידול נוספים לזני תיקון עולם $TKUN...http://maya.tase.co.il/m/1313050 	0.0
הכי אהבתי את הפוטושופ של בנין העיריה מואר כדגל לבנון כשהעץ מוחלף בו בעלה קנאביס כאילו זה אמור להעליב אותנו   קנאביס 	0.0
אגב אורלי לוי קיבלה עכשיו את הרשות למלחמה בסמים, כחלק מהסמכויות שלה במשרד לחיזוק קהילתי, אולי היא תעשה לגליזציה (חחחחחחחחחחחחחחחחחחחחחח)	0.0
המחאה גוברת, לכן אין ספק שבקרוב שוב נשמע על לגליזציה.  עמי, האזרח הקטן אני @tamirbar2018	0.0
אין אפילו סיבה אחת הגיונית לא לאשר עכשיו קנאביס רפואי לכולם  @netanyahu	0.0
היום בשוק הכרמל. נותנים כבוד. מזהים אותי ומדברים.... הצטרפו חברים שהכרתי במחאת העצמאים ונפגעי קנאביס. קצת שינוי ממה שהרגשתי אמש בכנסת עם המחנה שלנו... אני בהלם.  הרבה יותר אנשים עוצרים מרצונם ומזדהים. #הדגליםהשחוריםיחידיםחוזהחדש https://www.facebook.com/groups/302584310652087/permalink/549549269288922/ …	0.0
אי הפללת צרכני קנביס.  כבר יש תוצאות בשטח  https://twitter.com/GLZRadio/status/1277822258153689090 …	0.0
לגליזציה תחילה.   ואז שיעשו ריבונות ויקימו את המסעדה לכל הכל יכול מלבד להכין לעצמו לאכול מצידי.	0.0
החיפאים לא יודעים מה טוב, בתור חולת סרטן רק לי יש זכויות מינימליות במדינה, זה הפתרון. תעשו כולם סרטן וילד לבד, ביחד זה כמעט שכר מינימום מבטל. כולם צריכים. וכמובן קנאביס עד הבית. בואו נשווה זכויות סרטן לכל!	0.0
פייסבוק הזכיר לי שאתמול לפני 4 שנים הייתי באולימפיקו בגמר גביע מילאן-יובנטוס יושבת בקורבה בין אוהדי מילאן בתוך עננת גראס. איזה ערב נפלא. pic.twitter.com/v7RYxYimrq	0.0
לפחות תהיה לגליזציה של קנאביס. ביבי הבטיח	0.0
משהו שאי אפשר לחכות עם זה עד הבוקר. מה עם שר לענייני לגליזציה? @Cannabisrael	0.0
איזה עולם נפלא שיותר קל להשיג קנאביס מביצים	0.0
שמן זרעי ענבים – נוגדי חמצון, נוגדי דלקתיות, מעכבים הצטברות עודפת של טסיות דם, אנטי-מיקרוביאלים ומעכבי תהליכי הזדקנות – זרעי ענבים https://www.thcendcbd.com/%d7%a9%d7%9e%d7%9f-%d7%96%d7%a8%d7%a2%d7%99-%d7%a2%d7%a0%d7%91%d7%99%d7%9d/ … דרך @שמן קנאביס	0.0
אם כבר מדברים על לעשות לגליזציה באילת, למה לא גם בקריית שממה? ככה גם נוריד את כמות האבטלה הסמויה של בלשים באיזור שיתעסקו בגניבות חקלאיות של טובאנים ולא בלהציק לסטודנטים של תל-חי שירדו לעשות שכטה בנחל.	0.0
זכורה לי איזו הבטחת בחירות לגבי לגליזציה של קנאביס או שאני מחוקה מהסמים והזיתי?	0.0
גלעד ארדן עוזב את הכנסת ולא יהיה שר בממשלה הבאה. ברוך שפטרנו. הצד הבא: לגליזציה של סמים קלים	0.0
שנים שאנחנו מנסים להגיע אליו והסאחי הזה מארגן איתו שיחה ב5 דקות. עולם אכזר  @Isaac_Herzog תארגן משהו בחייךhttps://twitter.com/Leah_Lev_/status/1289976528214736897 …	0.0
הלוואי שיגלו שמה שמונע/מרפא קורונה זה גראס	0.0
פתאום נתקפתי כעס וחוסר סבלנות נוראים ללא טריגר. מזל שיש קנביס שיווסת אותי כמו כן אני מעשן	0.0
36 שרים ואפילו לא אחד לענייני לגליזציה. שתפו שכולם יראו את הצביעות!	0.0
"אמא שלי: ""מה הבעיה בנענע? זה עלים ירוקים זה טוב."" אני בתגובה: ""גם גראס זה עלים ירוקים וטוב"" *מצפה מאמא שלי לצעוק עליי או משהו* אמא שלי: *פאקינג צוחקת*"	0.0
סובלים מכאבים?  מה הבעיה?!  מריחואנה, לחיים ללא כאבים.  (פרסומת בעולם מתוקן)	0.0
נתניהו הודיע ליו״ר הכנסת: בכוונתי למנות את פייגלין לשר כלכלי, את ברקת לשר האוצר, את גדי יברקן לשר הקליטה, להחיל ריבונות ביו״ש ובקעת הירדן, לעשות לגליזציה ולמוטט את שלטון החמאס.	0.0
הנחתי את משרד הבריאות לחלק מריחואנה חינם לכולם.	0.0
הלוואי שבאמת היה אפשא לייצר גראס מדשא	0.0
טוגדר - חברת הקנאביס הרפואי מזנקת היום בכ- 8.5%- לאחר דיווח על שת״פ לשיווק קנאביס בברזיל. ״השוק הברזילאי עצום וגדול פי 20 מהשוק בישראל; ויש בה 2 מיליון משתמשים בקנאביס רפואי״, אומר נסים ברכה המנכ״לשלא לדבר, על רבים משאר 198 מיליון הברזילאים מעשנים קנאביס לא רפואי pic.twitter.com/cuiY67UBXb	0.0
"יצא אח!  לכבוד יום הקנאביס הבינלאומי שחל היום (20.4) מציע ח""כ עידן רול לחברי הכנסת והממשלה לתמוך בהצעת חוק ללגליזציה של קנאביס, זאת בין השאר כפתרון למשבר הכלכלי שנגרם עקב מגפת הקורונה. לסרטון המלא:  https://knb.is/2yxHQ3q "	0.0
המשטרה פשטה על החוף כדי ללכוד גולשים שהפרו את הסגר ושהיו עלולים לגרום להדבקה המונית של הדגים בים. לא חבל על כל כוח האדם הזה? בזמן הזה הם יכלו לפשוט על בתים של משתמשי קנאביס תמימים pic.twitter.com/ncOWEeHWFn	0.0
שאלה רצינית האם לפחות דבר אחד טוב יצא מהממשלת שמאל הזאת? שאמיר אוחנה יהיה שר המשטרה  האם תיפסק סוף סוף הרדיפה המוגזמת אחרי צרכני קנביס וניצול משאבי המשטרה למשימה המיותרת ולא מועילה הזאת?	0.0
לא נשכח ולא נסלח 4:20 #לגליזציה pic.twitter.com/iC0Afkj1Ky	0.0
בדיונים מאתמול על אילת שאלו אותי על האפשרות להקים קזינו בעיר, אבל עצם הדיון הזה שגוי. אם אנחנו מעוניינים בבתי קזינו בישראל, צריכה להיות האפשרות להקים אותם בכל מקום שבו היזמים ירצו, לאו דווקא בעיר כזו או אחרת. כך גם לגבי לגליזציה. הגבלת הקזינו לאילת איננה שונה מסובסידיות. >>	0.0
מהיתרונות של לגליזציה: ירידה במחירי הוויד, הריסת השוק השחור של המריחואנה בארץ וחיזוק הכלכלה. מהחסרונות של לגליזציה: אין	0.0
גם הליכוד וגם כחול לבן פיזרו הבטחות בחירות בנוגע לקנביס ומכל השרים שהם יכלו להמציא אין שר לגילזציה או אפילו ועדת קנביס ולא בדקתי אבל מוכנה להתערב שזה לא בקווי היסוד:	0.0
ליצמן, עכשיו זה הזמן להקציב לכל ישראלי מריחואנה. כנס מסיבת עיתונאים pic.twitter.com/ijGYjNlmoi	0.0
"ח""כ מירב כהן, תומכת לגליזציה, תהיה השרה לשוויון חברתי. #ממשלהירוקה"	0.0
רק לגליזציה תפסיק את הטירוף הזה ראש הממשלה השר אמיר אוחנה תראו את השירשור הזה @netanyahu @AmirOhanahttps://twitter.com/akibigman/status/1278964561194909696 …	0.0
"'אפריה' (@aphriainc), ענקית קנאביס קנדית נוספת, תחל לשווק בקרוב את מוצריה בישראל, זאת לאחר שחתמה על הסכם שיתוף פעולה בלעדי עם חברת הקנאביס הישראלית 'קנדוק' בראשות רה""מ לשעבר אהוד ברק. עוד פרטים:  https://knb.is/2XqZ1O5 "	0.0
לפי התכניות שהוצגו עד היום קנאביס למטופלים היה צריך להיות מאושר, שיקום עובדות זנות כבר היו הופך אותן קצינות בצהל, 900 זקנים מתים בשנה היו ניצלים מזיהומים במסדרונות, חאן אל אחמר היה מפונה ונאום בר אילן היה קורה, כסף לא היה עובר לחמאס וגולדין ושאול היו חוזרים, הספורט היה נקי	0.0
היתרונות בעישון קנאביס זה שאתה מסטול ובמאנצ ובא לך הכל אבל אתה מסטול מדי בשביל לקום ולאכול את כל המקרר	0.0
ממשלה נהדרת. נקווה שתקום.  והכי חשוב - לגליזציה עכשיו.	0.0
זה האיש שקיבל כל במה אפשרית בתקשורת, בצורה חסרת פרופורציות ותוך התעלמות מהעובדה שהוא ארכי פשיסט גזען, רק בגלל שאמר את מילת הקסם: קנאביס.  אוהב אותך מלא @guylerer אבל מתכוון גם אליך https://twitter.com/moshefeiglin/status/1291039340169252865 …	0.0
לגליזציה זו לא דקרמינילזציה .	0.0
מחקר ענק גילה: קנביס זה כיף	0.0
"ההסכם להקמת ממשלת אחדות נחתם ומביא עמו בשורה גדולה לתומכי הלגליזציה שמעולם לא היו קרובים יותר להגשים את חלומם. שני הצדדים, נתניהו וגנץ, התחייבו כי יקדמו הסדרת שוק קנאביס חוקי ולמרות התנגדות מפלגות קיצוניות סביר שתמיכת ח""כים באופוזיציה תספיק. פרטים:  https://knb.is/2xB3Hat "	0.0
בשקט מרחיבה חברת הקנאביס הישראלית הותיקה IMC את פעילותה בארץ ובעולם. בשבועות האחרונים קיבלה היתר יוצא דופן לייבוא 4 טון קנאביס לגרמניה, וחתמה על הסכם הפצת 13.5 טון קנאביס דרך סופר-פארם בישראל. פרטים נוספים:  https://knb.is/3gkDZZk 	0.0
תביאו את שלום חנוך ואת מירי אלוני 50 ק''ג מריחואנה מפעל בירה ונפתח וודסטוק בבלפור.  הבייבי בום שהולך להיות בפלורנטין בינואר	0.0
משרד הביטחון דואג לי לפרחים אורגניים משובחים, ו אני האחרון שיכול להתלונן! אבל עדיין,נכון יהיה לתת לצרכני קנביס לגדל 3 צמחים בגינה: חוקית!עלי הצמח,לא רק הפרחים הם למאכל. גם לחתולים וכלבים. מניסיון. https://twitter.com/AmirOhana/status/1268251171501867009 …	0.0
לגליזציה הופכת את כל הסיפור הזה למיותר ותמזער אותו עד כדי תעלים אותו לחלוטין https://twitter.com/akibigman/status/1278964561194909696 …	0.0
קנאביס זה מוצר יסוד	0.0
תדעו שסופר פארם משתפת מלאי קנאביס בבתי מרקחת שלה בטלגרם @guylererpic.twitter.com/18IRNq5PmY	0.0
עוד בשורה טובה: יועז הנדל, תומך לגליזציה, יכהן בועדת השרים לענייני חקיקה. ועדה זו היא כמובן השער הבלעדי לאישור הצעות חוק בישראל.	0.0
הצעת מדיניות: סגר לשנה, לגליזציה של כל הסמים, כולם בעצם בריטריט כפוי עם סמים, אחרי שנה הארה המונית, אבולוציה חברתית ושלום עולמי! https://twitter.com/itztabegarehet/status/1249658841207386113 …	0.0
התחתנתי בגיל 23, נהייתי אבא בגיל 25, התברגנתי למקסימום ומאז שהתחלתי לגדל עציץ קנביס אני יושב לידו לפחות שעה ביום ומסתכל איך הרוח משתובבת בין עליו הבריאים ומרגיש בשל לפנסיה	0.0
הגיע הזמן ללגליזציה של קנאביס לאנשים בוגרים | פרופ' קרסו https://www.maariv.co.il/journalists/Article-775125 …	0.0
שמח לראות שהממשלה מקדמת לגליזציה pic.twitter.com/kySzhsQjG8	0.0
למי שחלם שתהיה לגליזציה כל עוד החרדיםדתיים-שונות יהיו חלק מהקואליציה העתידית: זה לא יקרה. הם בחיים לא יתנו לזה קצה של ידית, ואם כן- זה יהיה במחיר זה שהכל יהיה בשליטת המדינה ובמחיר מופקע (הרי חייבים להכניס את הרבנות בדלת האחורית כי יש שם כסף.), שתהיה סגורה בשבת. עפ'י חוק.	0.0
"ח""כ שלמה קרעי לשאלה האם הוא בעד או נגד לגליזציה: ""זה לא נושא שרלוונטי אלי"". אז בדקנו @shlomo_karhi ומסתבר שלגליזציה בגימטריה זה ""לפי ההלכה"" וגם ""ייטב בעיניו"". שקול שוב!"	0.0
"חוקרים מרמב""ם: ""קנאביס עשוי לסייע לחולים קשים בקורונה"" - https://chadashot.co.il/%d7%97%d7%95%d7%a7%d7%a8%d7%99%d7%9d-%d7%9e%d7%a8%d7%9e%d7%91%d7%9d-%d7%a7%d7%a0%d7%90%d7%91%d7%99%d7%a1-%d7%a2%d7%a9%d7%95%d7%99-%d7%9c%d7%a1%d7%99%d7%99%d7%a2-%d7%9c%d7%97%d7%95%d7%9c/ …pic.twitter.com/erga9uv6cu"	0.0
קחו תכנית בישול הכי בייסיק, הוסיפו קנביס וזכיתם בתשומת לבי הבלתי מעורערת! מריירת קשות ומתה מקנאה על זמינות חמרי הגלם, על הדרך הקלה, הנוחה והטעימה לצרוך טיהייצ׳סי בלי להציק לריאות, מתבאסת שהשפע הזה כה רחוק ובלתי ניתן להשגה, הפומו הכי פראי אי פעם #CookedwithCannabis #בנקהורדות	0.0
זהות: לגליזציה זה רעיון טוב, יאללה לשחרר את הצמח לגליזציה: https://twitter.com/UriMisgav/status/1289995227973877760 …	0.0
"קנאביס טוב בשביל כל דבר כמעט פטריות מדהימות נגד דיכאון, פוסט טראומה ועוד בעיות נפשיות קשות, גם MDMA ועוד לא מעט ""סמים""....תקראו, תלמדו ותתמסטלו באחריות"	0.0
מאז שאני מחלק לי את הצריכת קנביס לקצת במשך על היום במקום להתמסטל ממש בערב לפני השינה אני במצב הרבה יותר טוב. אני ממש שוקל להפסיק תקופה עם הכדורים כדי להעזר רק בקנביס. מישהו ניסה?	0.0
אתם מבינים למה צריך לגליזציה? אנשים ימשיכו לעשן חומר מרוסס ויגמרו כמו פייגלין https://twitter.com/roysharon11/status/1262661838183030793 …	0.0
הממשלה החיה בסרט שלנו ״תאשר״ לאנשים לפגוש חברים. לא פלא שאין ולא תהיה לגליזציה. בטח הם מפחדים שאם יעשו את הוויד חוקי אז אנשים יעשנו.	0.0
-FDA הודיע כי יאפשר לרופאים לרשום את התרופה 'אפידיולקס' של חברת התרופות הבריטית GW המכילה את מולקולת הקנאביס CBD גם עבור חולים שסובלים מהתסמונת הגנטית 'טוברוס סקלרוזיס'. פרטים נוספים:https://knb.is/3guyw1p 	0.0
במקום להקים קבינט פיוס לאומי הרבה יותר פשוט לעשות לגליזציה....	0.0
הרעיון של מוסף 7 ימים של ידיעות היה נחמד. לקיים משאל בין 120 החכים על ליגליזציה של מריחואנה. כמה מנתשובות היו מעניינות, אבל הכישלון היה בכך ש-59 חכים לא השיבו כלל ולכן הממצאים אינם משקפים דבר ולמסקנות אין ערך. היו צריכים לעכב הפרסום עד לאיסוף תשובות מעוד 30-40 ח״כים לפחות.	0.0
אני יזמת קנאביס ובידיים שלי יושב המפתח לגליזציה......הבעיה היא שאני סטלנית בצורה הכי מזוקקת שיש, ככה שלוקח לי טונה זמן לארגן לכם לגליזציה.....איתכם הסליחה #לגליזציה	0.0
שמעו אנחנו צריכים לצאת לרחובות, עד שתהיה לגליזציה. תדמיינו שעכשיו יכלתם ללחוץ על 2 כפתורים בטלפון, היה יורד לכם 80 שקל מהאשראי, וחצי שעה אחרי זה היה מגיע אליכם שליח עם 5 גרם. בלי להתעסק עם מזומן ובמחירים נורמלים. אין שום סיבה שזה לא יקרה, חוץ מאטימות של מקבלי ההחלטות.	0.0
"ח""כ מיכאל ביטון, שר לעתיד במשרד הביטחון (כחול לבן), מסר למגזין קנאביס כי יתמוך בהצעת חוק ללגליזציה בישראל (""בהסדרה מדודה וזהירה"" לדבריו)  @MichaelBiton4"	0.0
אחרי שכל העסק הזה ייגמר, הדבר הראשון שיקרה בעולם זה לגליזציה גלובאלית. כל מקום צריך תעשייה שצומחת במהירות, שתמיד יש לה ביקוש בכדי להניע שווקים מתים. רעיון לא כזה רע, לא?	0.0
פייגלין כבר שר? שואל בשביל חבר שכולם הבטיחו לו לגליזציה.	0.0
ההצעה שלנו: לגליזציה באילת - פיילוט שייכנס לתוקף מיידית ויהפוך את אילת ליעד תיירותי בינלאומי. @asafzamir זורם?pic.twitter.com/L8csAMMYEp	0.0
מדובר בצעד משמעותי ליצואנים ולתעשייה הישראלית, שתאפשר גם הרחבת אפשרויות הייצוא בענף וגם הגדלת התעסוקה והעסקת עובדים חדשים בתחום, במיוחד לאור הביקוש הרב בעולם למוצרי קנאביס רפואי מישראלhttps://www.bizportal.co.il/capitalmarket/news/article/780159 …	0.0
גם באילינוי אפשר לעשן כבר גראס כמו בני אדם, מדכא לחשוב כמה אנחנו תקועים פה. https://twitter.com/chicagotribune/status/1282742492622987275 …	0.0
אם ימינה לא תהיה בממשלה והממשלה תעשה לגליזציה זו תהיה הממשלה הטובה בתולדות	0.0
זה יקרה מיד אחרי שפייגלין ימונה לשר לענייני קנאביס רפואי. ממש יום לאחר מכן:)  https://www.maariv.co.il/news/politics/Article-765295 …	0.0
מכירים את זה שבחי בילה של גראס, יש איזה גבעול בעובי של גזע עץ באובב, שעוקר את השיניים של הגריינדר ואחר כך מעשנים קצת פלסטיק? מכירים??? אהה???	0.0
קאנומד: הסכם נוסף לייצוא קנאביס לגרמניה בהיקף של כ-10 מיליון אירו http://dlvr.it/Rcv4dg 	0.0
"ביומו האחרון בתפקיד מפרסם שר הכלכלה @elicoh1 את הצו הסופי לייצוא קנאביס מישראל, אך ההיתר בפועל עדיין נמצא בידי משרד הבריאות שמתעכב בגלל 3 סיבות מרכזיות. ""אם זה לא יקרה במהרה הענף יקרוס, אין סיבה לעכב מנוע כלכלי עצום כזה,"" טוענים בתעשייה. לפרטים:  https://knb.is/2T2A2y9 "	0.0
פעם  נלחמו על השיח הציבורי תלשו פרח פה ושם רמסו קצת ועקרו כמה  היום נלחמים על עץ החיים על קן הנחשים על כף המאזניים על כד הרגשות על כף נקיה בספטאלסקראב  אם רק היו משאירים את השיח ונותנים לו לגליזציה הרבה היה אחרת	0.0
שמעתי שעושים לגליזציה למריחואנה..  באמת הגיע הזמן!  זה יקל גם כאבים נפשיים, גופניים, ויוזיל את החומר..   אגב יוזיל מה עם לגליציה לטבק?	0.0
העם רוצה מריחואנה!	0.0
אמיר אוחנה השר לבטחון פנים?  אפשר לשתול עציצי קנאביס	0.0
וירוס COVID-19# אילץ מיליוני אנשים להיכנס למצב הסגר בביתם (בידוד). זהו אירוע מלחיץ, ואיננו יכולים להתפשר על בריאותינו הנפשית. אנו, האנשים, דורשים שתינתן לנו הזכות לגדל קנאביס בביתינו והזכות להשתמש בו להורדת הלחץ הנלווה למצבינו הנוכחי. אנא חתמו על העצומה: https://hubs.ly/H0nSdfY0 	0.0
לא צחוק, המדינה צריכה לחלק ל כ ו ל ם גראס רפואי. אחרת נמצא את עצמנו קוברים  מתאבדים כתוצאה מהמשבר הכלכלי	0.0
לגליזציה תעזור גם פה. https://twitter.com/akibigman/status/1278964561194909696 …	0.0
"סקר חדש של מכון המחקר @YouGov מראה כי רוב מוחלט מתושבי מדינות ארה""ב שהתירו שימוש חוקי בקנאביס  (""לגליזציה"") מרוצים מתוצאות המהלך ומגדירים אותו כהצלחה  @netanyahu @AmirOhana לטיפולכםpic.twitter.com/cOnq85RsCn"	0.0
התקלחתי ופשוט נשארתי ערום מול המאוורר חם לי!!! אני לא יכול לחשוב על משהו אחר חוץ מזה שחםםםםםם ואני לא ארגע עד....  אוווווו קנביס 	0.0
בסוף ממשלת האחדות היא לא כל כך גרועה, אנחנו כבר עם לגליזציה חלקית ותיקון לחוק הפונדקאות בדרך אבל הכי קל לצעוק מהיציע.	0.0
"דרך אגב, לא ברור לי איך טראמפ עוד לא עשה לגליזציה לקנאביס בארה""ב. כל מה שדרוש זה להורות ל-FDA להוציא את הקנאביס מרשימת הסמים המסוכנים. הוא לא צריך את הקונגרס בשביל זה. זה הצעד הכי קל ופופוליסטי שהוא יכול לעשות, שייתן לו המון תמיכה לקראת הבחירות בנובמבר. https://twitter.com/RosinJonathan/status/1260999678948192256 …"	0.0
קנאביס רפואי לטיפול באנדומטריוזיס...  http://www.ynet.co.il/articles/0,7340,L-5726202,00.html … דרך @ynetalerts	0.0
הורים יקרים, לפני שאתם נכנסים להיסטריה אחרי שגיליתם שהילד שלכם מעשן קנאביס, זיכרו שאתם דוחפים לו קוק ואמפטמינים בהמלצת רופא המשפחה.	0.0
חוקרים מרמב''ם: ''קנאביס עשוי לסייע לחולים קשים בקורונה''.	0.0
ענף המסעדנות בקריסה. באמת קריסה הפעם. מציע לאפשר להם למכור קנאביס.	0.0
קנאביס ו-CBD לבריאות הגוף והנפש מדריך חיוני לשימוש בתרופה שקיבלנו מהטבע כדי להקל על מתח נפשי, חרדה, כאב כרוני ועוד  https://www.focus.co.il/pl_product~239-630~15~0.htm?fbclid=IwAR2hdPLOcfPu6KUY4o2nhpKGv7WZ677tSd3Z6jE0P8xzdPu0qQWqqywVk4A …	0.0
תקשיבו, יש פה הזדמנות נדירה להשתמש לטובה במסורות היהודיסטיות לדרוש לגליזציה בשם חופש הדת https://twitter.com/Nefolet/status/1266344749360910337 …	0.0
לגליזציה של מריחואנה	0.0
יולי אדלשטיין, תפרסמו את מספר המבריאים מקורונה כי כמעט כולם מבריאים, מלבד החולים ממחלות אחרות. גל שני של הסטריה מיותרת. בישראל אין קורונה. לא מכירה אפילו אחד שחלה או חולה. אם אפשר אירועים עם 50 איש. אפשר גם תפילות בתי כנסת. השתגעתם?! קחו קנאביס ותרגיעו. בורא עולם שולט כאן לא אתם!	0.0
חדשות טובות! 70,000 מטופלי קנאביס יוכלו לקבל כעת מרשמים מרופאים מומחים במקום רישיונות ממשרד הבריאות. בשנים האחרונות מחירי הקנאביס הרפואי זינקו מ-370 ש״ח בחודש, ללא הגבלת כמות, ל-750-3,000 ש״ח בחודש לפי הכמות. במסגרת הרפורמה, מטופלי הקנאביס יקבלו 50% סבסוד. https://www.themarker.com/markets/1.9045323 …	0.0
"ח""כ יואב קיש, תומך לגליזציה מובהק, יהיה סגן שר הבריאות הבא. #ממשלהירוקה"	0.0
הממשל שיקר כדי להפחיד. אז הציבור גילה את השקר ולא מאמין למילה נוספת.   הקורונה והפללת צרכני קנאביס - אותה שיטה, אותו כישלון	0.0
בהיעדר מנועי צמיחה בתוכנית הכלכלית (מודל 4.0) האם דווקא עכשיו זה הזמן לקדם לגליזציה ? מחשבות  1. יתרון יחסי בפריון חקלאי, שימוש נרחב בחממות בחקלאות המקומית, זמן גידול מהיר יחסית וידע מקומי קיים יכולים להפוך את תהליך ההסבה לקצר וזול יחסית.   >>>	0.0
הבעיות הקשות בישראל שאפשר לעשות משהו כדי לקדם להן פיתרון, לפי סדר חשיבות.   1. משפט של ראש ממשלה מכהן על חשד בשוחד מרמה והפרת אמונים.  2. שאין לגליזציה של קנאביס ומוצריו.   3. קריסה כלכלית של אנשים בגלל הקורונה.   שאר הדברים אין ממש הרבה מה לעשות	0.0
"כשניסחו את החוק הזה במאי 2018 קבעו בתחילה שהקנס יהיה 500-1000 ש""ח בפעם הראשונה ו-1000-2000 ש""ח בפעם השנייה - שזה פחות מהקנסות שנקבעו בחוק קנסות הקנאביס של ארדן. פנינו אז אל שרת המשפטים דאז שקד  בשאלה האם זה אומר שהיא חושבת שצריכת זנות חמורה פחות מצריכת קנאביס. אז הכפילו. https://twitter.com/kann_news/status/1281479352526528512 …"	0.0
התיקונים ברפורמת הקנאביס הרפואי עליהם עמל סגן שר הבריאות יואב קיש מאז נכנס לתפקידו, יוצגו ביום רביעי ב-9:35 בוועדת העבודה, הרווחה והבריאות של הכנסת.	0.0
הבעיה עם זה שכל הילדים בבית זה שאי אפשר לעשן קנביס רפואי בלי שאיזה ילד ישאל: ״אמא, מה זה הריח הזה?״. משמועות אני יודעת	0.0
Standing in line to see the show tonight כל כך מתגעגע להיות בהופעת רוק, ענן עדין של גראס סביבי, לאבד את זה בחברת זרים.  https://www.youtube.com/watch?v=ayjDEbWF7f0 …	0.0
"אתם חושבים שהקורונה נרגעה מספיק כדי שנדבר שוב על קנביס רפואי? אז נזכיר שיש אנשים חולים מאוד שממשיכים לשלם 1000-1500 וגם 2000 ש""ח *מדי חודש* לקנביס כדי להרגיש קצת יותר טוב. חולי סרטן. ילדים עם אוטיזם. מחלות מעי דלקתיות... 370 ש""ח הפכו ל1500 ש""ח ברפורמה, והבטחות לתיקון נזרקו לפח>>"	0.0
די אירוני שמחלקים סמים במחאות בבלפור כשהדבר הטוב היחיד שיצא מהממשלה הזאת זה לגליזציה	0.0
מסעדנים... @GGyNH6x0BgFqGr5  מציע לבקש שיאשרו לכם למכור קנאביס, בסגנון אמסטרדם. תרוויחו הרבה יותר ואז אולי גם האוכל יעלה פחות.	0.0
לגליזציה עכשיו ובתמיכת המפלגות החרדיות! pic.twitter.com/DLhrCNpCOJ	0.0
הפסיכאטרית שלי: לא ממליצה על קנביס, זה יכול להפוך אותך אדיש ולא חברתי  גם הפסיכיאטרית שלי: קח כדורים שהופכים אותך לאדיש ולא חברתי	0.0
מתי מגיע השלב שמשרד הבריאות מאשר לכל ההורים קנאביס רפואי?? מקווה מאוד שבשעה הקרובה	0.0
במהדורה של @N12News מדווחים על עליה בצריכת קנאביס בעקבות הקורונה.  הקנאביס כאן והוא לא הולך להיעלם. הצריכה רק תגדל. הגיע הזמן ללגליזציה שתאפשר הסדרה ופיקוח על התחום לטובת הצרכנים והמדינה.	0.0
מחשבות של לילה, מה קורה עם חולים צורכי קנאביס? מה מונע מהליכוד וכחול לבן ימינה וכו לבצע עכשיו ליגלזיציה לחולים, שעליה כולם הצהירו שהם מסכימים? איך זה שאף אחד בכלל לא דיבר/מדבר על זה? הרי מעבר לעזרה המטורפת לחולים , צעד כזה יגרור בוודאות תמיכה מכל סוגי האוכלוסייה.  @Cannabisrael	0.0
ראש חודש שמח לכולם. א בסיון, יום ראשון. הרגשה נעימה מציפה אותי בחזה, השמש אט אט שוקעת, עננת עשן של גראס עטה עליי, החיים טובים.	0.0
אתם מטופלים בקנאביס - יש לכם חברת קנאביס או בית מרקחת שמוכר קנאביס - הכתבה הזו https://www.themarker.com/markets/1.9045323 …  עשויה לעניין אתכם	0.0
בענף הקנאביס הישראלי קיבלו בשמחה את הבשורה על התיקונים הצפויים ברפורמת הקנאביס הרפואי, כפי שנחשפו אתמול במגזין קנאביס, אך יש גם מי שחושב ששכחו להתייחס לסוגיות מהותיות נוספות שגרמו מלכתחילה לבעיות בתעשייה, ויש 15 כאלה לפחות… כאן:  https://knb.is/31h4eJk 	0.0
אם הייתי שרת הבריאות הייתי מחלקת לכל האזרחים מריחואנה רפואית וציפרלקס בחינם ע-כ-ש-י-ו	0.0
"רוב בציבור:  בעד שחבר כנסת נאשם לא יקבל מנדט הרכבה בעד תחב""צ בשבת בעד נישואין אזרחיים בעד לגליזציה של קנאביס בעד שיוויון ללהט""ב בעד חוק יסוד: השיווין בעד פתרון שתי מדינות או נגד מדינה אחת  בני גנץ, ממש את רצון הרוב שבחר בך. העבר חוקים אלו, במקום לנסות ולהקים ממשלת אחדות עם הנאשם."	0.0
הכלב קיבל תוסף עם מיצוי שמן קנביס. אחלה.	0.0
מתי האנשים שם בממשלה יבינו שגם אם הם רוצים וגם אם לא - אנשים ימשיכו לצרוך וויד בכמויות. עדיף לפחות שזה יהיה מפוקח ולא פרוץ כמו שזה כרגע בטלגראס. לגליזציה עכשיו!	0.0
"פשוט מטורף. זאת הסיבה שכל עוד לא משנים את החוק בספר החוקים, כל רפורמות ה""אי-הפללה"" ברמת הממשלה או המשטרה לא שוות כלום. בסופו של דבר, אם קנאביס נחשב ""סם מסוכן"" כל השרשרת בסיכון. מהמגדלים והסוחרים ועד אחרון הסטודנטים שעישן פעם שאכטה. https://twitter.com/Idaneretz/status/1256629683044651008 …"	0.0
במקום מעצמת ייצוא קנאביס רפואי, נהיינו מעצמת ייבוא.  כמה פוטנציאל יש כאן!  איך אנחנו תמיד מצליחים להרוס כל דבר טוב??? חבל חבל חבל. https://twitter.com/Cannabisrael/status/1278299596603756544 …	0.0
תתעוררו! ברק מתחת לאפינו שולט בשוק הקנאביס בארץ ועושה מיליירדים! ברשות ברק 8 חוות קנאביס מיתוך 14 קיימות עלות חווה 50 מליון₪ גודלה 22 דונם חולים היו משלמים 370 שח ל 100 גר היום הם משלמים לברק 300 ממוצע ל10 גר בודדים! הרווח של ברק פי 10! המימון הגיע מאפשטיין סרסרות בקטינות צדק?! pic.twitter.com/6gMxFcQbok	0.0
"משפט ששמעתי היום וקשה לי לשמור אותו רק לעצמי: ""קבלתי קנאביס, אבל הרופא לא ידע להסביר לי איך משתמשים בזה"""	0.0
"הרב אשר זנזורי קובע כי עישון קנאביס מותר בשבת כאשר מדובר בעישון לצורך הקלה על כאבים וכאשר צורות מתן אחרות כגון שמן או עוגיה אינן חזקות מספיק. ""זה פיקוח נפש,"" הוא מסביר, ""גם כאב מסכן חיי אדם"". לפרטים:  https://knb.is/2YCu9uS "	0.0
עשנו קנאביס, זו ערובה להצלחה pic.twitter.com/5ooTvJbK38	0.0
ליצמן בתגובה: תנו לי קנאביס	0.0
"סיבה לאופטימיות? אם חוק הפיקדון אינו חוקתי, הפללת צרכני קנאביס בודאי אינה חוקתית. בעוד חודש וחצי דיון ראשון בבג""ץ הלגליזציה. https://twitter.com/baruchikra/status/1253326135993135106 …"	0.0
"לאור הדיון היום בבג""צ שמענו את נציגי הממשלה העתידית מדברים המון על ""רצון הבוחר"". יש נושא אחד שהוא בבירור רצון הבוחר- לגליזציה לקנאביס. שתי המפלגות שנציגיהם יעמדו בראשות הממשלה הבטיחו לקדם זאת, רוב המפלגות בכנסת הביעו בכך תמיכה  האם הם יממשו את רצון הבוחר? לצערי אני פסימי בקשר לכך"	0.0
אין לי יכולת אפילו להסביר כמה אני צוחק כשאני מקבל הודעות דוברות של המשטרה שחוגגת תפיסה של כמה שתילי קנאביס בבית פרטי כאילו היא מיגרה את הפשע המאורגן. ארגון שחזק על חלשים וחלש על חזקים	0.0
"כמה אני נואש לסמים? פייק בטוויטר שמעולם לא פגשתי הציע לתת לי בחינם עט לאידוי שמן והשאיר אותו מתחת לרכב בפ""ת. הלכתי לקחת אותו. חיכיתי שבוע עד שהשתמשתי בו ושרדתי כדי לספר לכם שהיה מדהים ושעכשיו אני מכור לשמן קנאביס."	0.0
"לכבוד יום הקנאביס הבינלאומי שחל היום (20.4) מציע ח""כ עידן רול לחברי הכנסת והממשלה לתמוך בהצעת חוק ללגליזציה של קנאביס, זאת בין השאר כפתרון למשבר הכלכלי שנגרם עקב מגפת הקורונה. לסרטון המלא:  https://knb.is/2yxHQ3q "	0.0
קיבלתי את הרשיון החדש שלי + העלאת מינון. ברוך השד קנביס לא יחסר לי בזמן הזה. דאגה אחת פחות.	0.0
אמן ביבי עומד במילה שלו ומאשר לגליזציה	0.0
מתי לגליזציה? @Cannabisrael	0.0
רגע אז עכשיו תהיה לגליזציה נכון?	0.0
"תתעדו את עצמכם ככל האפשר, כי השאלה העיקרית שתעסיק את ההיסטוריונים עוד 100 שנה זה למה הם התעסקו בהחלפת יו""ר הכנסת כשמה שהם באמת היו צריכים זה לגליזציה לקנאביס."	0.0
"לדעתי הטיעון שקנאביס זה ""סם מעבר"" הוא טיעון בעד קנאביס ולא נגד"	0.0
"לקראת המשבר הכלכלי נזכיר: לגליזציה שווה כ-3 מיליארד ש""ח בשנה לקופת המדינה + אלפי מקומות עבודה חדשים  @netanyahu"	0.0
אגב הסיפור עם טחינת אל ארז: לפני כמה שנים (?), ראיתי תמונה של איימן עודה עורך סיור VIP לחברה הטובה ביותר של פרחאן פה בארץ - אותו פרחאן שטוען שטרנסג׳נדריזם זאת מזימה יהודית כנגד שחורים ונובעת מזיהום של מריחואנה כדי לנייש גברים שחורים.  ספרו לי שוב כמה ׳השמאל׳ בעדי.	0.0
ליצמן בתגובה : רק קנאביס עוזר	0.0
"ח""כ יזהר שי, שר המדע והטכנולוגיה החדש (כחול לבן), מסר למגזין קנאביס כי יתמוך בהצעת חוק ללגליזציה בישראל  @Izhars7"	0.0
מסקרן באיזה תחנה מספקים מהחומר הזה. לגליזציה עכשיו! https://twitter.com/ReshefRafi/status/1265163876104114176 …	0.0
אם כבר גל שני אז למה לא לגליזציה?	0.0
בדיוק נזכרתי בחוק הקנאביס שכללל המפלגות הבטיחו להעביר. ובשר @AmirOhana שהבטיח לבטל רישום פלילי בעבירות קנאביס.	0.0
"""אני נגד לגליזציה כי זה לא חוקי"" https://twitter.com/hanangershuni/status/1240714830954274816 …"	1.0
"מפגיני בלפור רובם נרקומנים ועבריינים ההוכחה לכך לפניכם : האגודה לזכויות האזרח, אותו צירפה הקרן החדשה לפוסט, נכתב בין היתר: ""אז איך להתכונן להפגנה? חשוב לנו שתכיר/י כמה כללי אצבע"". בין היתר המליצו בפוסט שלא להביא להפגנה קנאביס, אולר וסכינים  https://www.0404.co.il/?p=632500 "	1.0
לגליזציה וסמים יביאו להרס החברה שלנו! תפסיקו לדלקם ססמאות ותחשבו קצת עם הראש! הסכנה הכי גדולה לחברה שלנו היא אשרור מכירת מריחואנה וגראס.	1.0
יש לי ראדר לאנשים חלקקים וערמומיים בני זונות מלחכי פניכה  שרמוטות פרחות ערסים מעשני גראס מעשני נרגילות וסתם מנאייק יושבי מדרגות.	1.0
אני מתערב איתכם שאם וכאשר תאושר הלגליזציה, תהיה עלייה דראסטית ברמת הפשיעה בארץ.	1.0
סוחרי הזרעי קנאביס בטלגרם מטומטמים בדיוק כמו סוחרי הירוק אם לא יותר pic.twitter.com/jjg0FkmKJt	1.0
הם לא הרוב הם לא הריבון מדובר בסך הכל בחבורה של מעשני קנאביס ממורמרים שנגמר להם החומר בתוספת של אנשי שמאל רדיקאלים שונאי ביבי ההפגנה הזאת נראת כמו בורדל אחד גדול וכנראה לא תגיע רחוק https://twitter.com/ayeletsl/status/1289706836724047872 …	1.0
דורון ידיד. תיפלוש לוילה של נוני עם צו שופט. יש לו כמות מסחרית של גראס בכספת	1.0
הי אזרחי ישראל - חבורה של חייזרים מובטלים חובבי גראס ומימון זר - אתם מצחיקים את ביבי ואת הבן שלו! יושבים בבית מריצים עליכם דאחקות! אתם יודעים למה נכון?!? https://twitter.com/kushnir_al/status/1290217541252481025 …	1.0
נחשפה חממה לגידול קנאביס בשטח מיוער סמוך ליישוב זרעית – קטין ובגיר תושבי הכפר עראמשה נעצרו https://all-world.news/60764/ 	1.0
"הנאשם הצליח לממש את התוכניות שלו עד עכשיו באופן חלקי, כן הצליח: לקבל מביה""מ הכשר לכהן כר""מ, והצליח לדחות את המשפט בחצי שנה. לא הצליח: לדחות את הדיון השני, להשיג 61 להתגברות. עכשיו הנאשם בבעיה נשאר לו עד סוף אוגוסט לצאת לבחירות בזק, וביחד עם השולמנים/ לגליזציה/ יפעת ביטון  》》》"	1.0
ניצן הורוביץ את יישום החוק להפללת צרכני קנאביס	1.0
מעניין, מתי תבא הדרישה, לפתוח באסטות של מריחואנה במוקדי ההפגנות? גם דמוקרטי.  גם חופש העיסוק. גם ביזנס טוב - חשוב מאוד בימי הקורונה. pic.twitter.com/f7geRHBMsI	1.0
וואלק יא אבו אבנר היקר - @netanyahu - מרוב שהמצב של העם קשה, והעבודה מדאיגה ואין איך להכניס פרנסה, רק אם נמכור קנאביס, חס וחלילה שלא תחשוב שאני מעודד אנשים למכור או להשתמש בקנאביס, כל אחד שיעשה מה שטוב לו לראש, הרי אם נעשן ככה הבעיות יעלמו לכמה רגעים...ואחד/תלאתי https://twitter.com/N12News/status/1280572296382554115 …	1.0
כאן: תינוק בן שנה פונה לבית החולים הדסה הר הצופים בירושלים כשהוא סובל מאפטיות. בגופו התגלו שאריות סם מסוג מריחואנה	1.0
מריחואנה חוקית אבל להסתפר לא תוכלו. אחרי 50 שנה ההיפים ניצחו.	1.0
לא מבין למה דחוף לנכים קנאביס רפואי,תחכו שנה שנתיים ותהפכו לצמח 	1.0
לגליזציה מלאה, תעלה את המחירים בטירוף. מסתפקים באי הפללה https://twitter.com/idanroll/status/1252203830374289408 …	1.0
"הסדר מקל ביותר לחייל סדיר שנתפס סוחר בסם מסוג קנאביס – חייל המשרת שירות סדיר בצה""ל, נתפס ברכבו עם 95 גרם של קנאביס מחולק לשקיות ונעצר בחשד לסחר בסמים. בעקבות י... https://www.dok.co.il/%d7%94%d7%a1%d7%93%d7%a8-%d7%98%d7%99%d7%a2%d7%95%d7%9f-%d7%9e%d7%a7%d7%9c-%d7%91%d7%99%d7%95%d7%aa%d7%a8-%d7%9c%d7%97%d7%99%d7%99%d7%9c-%d7%a9%d7%a0%d7%aa%d7%a4%d7%a1-%d7%a1%d7%95%d7%97%d7%a8-%d7%91%d7%a1%d7%9e%d7%99%d7%9d-%d7%95%d7%a0%d7%95%d7%94%d7%92-%d7%aa%d7%97%d7%aa-%d7%94%d7%a9%d7%a4%d7%a2%d7%aa-%d7%a1%d7%9e%d7%99%d7%9d/ …pic.twitter.com/LCM5RMViVO"	1.0
הייתי צריך לעשות unfollow לחבר הודי בפייסבוק כי הוא כל היום מעלה פוסטים כועסים של לגליזציה ואני מתפתה לשתף בגלל יצר ההרס העצמי של הפיד	1.0
"וגם השבוע הזוכה בפינת ""שר בממשלה ממליץ לצרוך סמים ומתנגד במקביל ללגליזציה של קנאביס"": @bezalelsmpic.twitter.com/R27PU4k00Y"	1.0
"קרן וקסנר העבירו לאהוד ""ברח""                2.3 מליון $ אהוד ""ברח"" אומר הכסף הלך ל""מחקר"" יש למישהו איזה רעיון או מחשבה על איזה מחקר הוא ""שרף"" 2.3 מליון $? ""מחקרים טובים עושים היום"" אולי אפסטיין? אולי שם יד על איזה מישלוח של  250 קילו של קנאביס? אולי... https://twitter.com/ErelSegal/status/1252645748056915971 …"	1.0
"קנאביס רפואי ינתן במרשם רפואי ולא ברישיון משה""ב. נחמד. אבל שם *לא* הכשל העיקרי. הכשל נותר המחיר הבלתי סביר שחולים קשים צריכים לשלם מדי חודש. *אל תתעסקו בתפל*. טפלו מיידית כך שחולה סרטן גרורתי לא יצטרך לשלם 2000 שח מכיסו מדי חודש.כפי שהובטח *לפני שנה*..!  https://www.ynet.co.il/health/article/r1J7hydbD …"	1.0
ראם של לפני 15 ו-20 שנה היה ממש מתבאס על ראם שהקליט את הפרק הזה של גיקונומי נראה לי. פעם הייתי מגן בכל הזדמנות על קנאביס והשימוש בו. בפרק הזה עם פרופ' שאולי לב-רן, הגעתי בגישה הרבה יותר מפוכחת ועם ההבנה שיש המון מכורים משלל סוגים בינינו. http://geekonomy.net/2020/08/03/geekonomy350/ …	1.0
בשבוע הבא צריכת נשים תוגדר בישראל כחמורה מעט פחות מצריכת קנאביס https://twitter.com/AviNissenkorn/status/1277522483432828928 …	1.0
"מתי אז הביביסטים עושים קמפיין נגד לגליזציה של קנאביס כחלק מהקטע של ""המפגינים מסוממים זה מה שלגליזציה תעשההה"""	1.0
בפשטות, ארגון אחריות לאומית מארגן הפגנות שמאל. לא במקרה בראשות הרקוב שיש לו חלק בגידול שיווק והפצה של גראס רפואי. ההוצאות רבות וחייבים לכסות עלות של פעילים ודגלים שחורים. מה גם שחשוב להגדיל את נפח הפעילים ובלי שימוש בחומר מטשטש, קשה מאד עד בלתי אפשרי להפיץ את האג'נדה הפאתטית שלו. https://twitter.com/65347_osnat/status/1251989081665556481 …	1.0
ממליץ לא להשתמש בקנביס למעט חולים. בארה״ב נאסר פרסום על קנביס וקנבידיול לטיפול בקורונה. בכל מקרה כללי זהירות באתר https://www.rollingstone.com/culture/culture-news/pot-weed-corona-covid-19-high-safe-norml-969654/ …	1.0
טוב אחי בחרת לא להיות שר בממשלה  מישהו מפקח על כמה קנביס בוא צורך? https://twitter.com/moshefeiglin/status/1262068811815157761 …	1.0
קצת על קנאביס, מחקרים ולגליזציה. למרות שלא מעט מומחי בעייני עצמם ופופוליסטיים למיניהם עם אינטרסים שונים מציגים את הקנאביס כצמח בריא ומשמח, יש לו צד אפל. *באנשים בריאים* מחקרים רפואיים מראים שקנאביס הוא סם שגורם להתמכרות, פסיכוזה, פגיעה התפתחותית בנוער וירידה בהישגי חיים. pic.twitter.com/wNm0lj7y6s	1.0
אתם עדיין בעד להצביע לאיש סרוח הכיפה הזה?! קנאביס וזה.... https://twitter.com/moshefeiglin/status/1291039340169252865 …	1.0
אני יודע שזו לא דעה פופולרית, אך אגיד אותה בכל זאת: אני נגד הלגליזציה! לא מבין למה צריך לאשר צריכה של מוצרים כל כך לא בריאים ומסוכנים.	1.0
העפולאים יעשו מהם חמוצים לשבת ,חבורת ליצנים מגלגלי גראס ואוהבי קטינות https://twitter.com/ronitlev12/status/1290173108683505664 …	1.0
מסתדרים פה יופי בלי לגליזציה.  https://twitter.com/RotemShtarkman/status/1264587546740379648?s=19 …	1.0
"יש דברים שאי אפשר למנוע.  במגזר הדתי קוראים לזה ""גזירה שהציבור לא יכול לעמוד בה ""  כך היה עם האלכוהול בתקופת היובש , סמים ברחבי העולם וכמובן המקצוע העתיק מכולם ""זנות"". לקבוע שאלכוהול/מריחואנה/זנות לא חוקיים לא מקטין את השימוש בהם רק הופך נורמטיבים לפושעים."	1.0
מאז שאהוד ברק החל לעשן קנאביס מצבו החל להידרדר והמוח החל להיות כמו ספוג ודימנציה מדרדרת את חייומתבכייןעל חייו שעברו בלי שוב ודעתו לא משפיעה על אזרחי ישראל ויותר מכך הוא הגיע לשפל שבשפלגורם לצעירים להיות גם מסוממים ומדרדר את הנוער לצרוך סמים והרס החברה מוחלטת pic.twitter.com/5SsPMcN03u	1.0
לך תצטרף לפדופיף , אין אדם יותר מושחת ממך , ראש הממשלה הגרוע מקום המדינה , במקום למכור קנביס חבור לקדישא , בתור קברן מוסמך של מפלגות https://twitter.com/N12News/status/1264593266411880449 …	1.0
דורון ידיד. תעצור את נוני. הוא מעשן גראס	1.0
נחשפה מעבדת סמים עם למעלה מ-600 שתילי קנאביס ונתפסו 150 מנות קוקאין והירואין – חמישה חשודים נעצרו https://all-world.news/56371/ 	1.0
כשאתה בעד קנאביס אבל מסטול רצח pic.twitter.com/APIWWNVK5z	1.0
צריך להגיד את האמת!  לההפגנות הממומנות יש ״הזרמה״ מטורפת של סמים אחרת אין לצעירים מה לחפש שם. החלק הקל מקבל גראס. החלק ההזוי מקבל LSD, MD, כדורי טריפים ונוזל שנמצא על גבי קרטון. הכל בחינם אין כסף רק תבואו!!! כל מי שנכח ביניהם יודע, רואה ומריח את הריחות.  כל כתבי השטח יודעים!!	1.0
בגלל זה אסור לגליזציה https://twitter.com/BoazGolan/status/1290046557702639616 …	1.0
"איזה נחמד זה לראות את כולכם מזועזעים מפייגלין עכשיו, זה לא נגיד שידענו שהמטורלל הזה בעד להשמיד את הר הבית כדי לבנות את בית המקדש. אבל היי ""לגליזציה"""	1.0
"ההפגנה בכיכר רבין: היו גם כמה שבאו לדרוש לגליזציה. פתחו שם ""ישיבה"", הפרענו להם בדיוק באמצע הבאנג.   תכלס, הם היו הכי רגועים שם pic.twitter.com/DxFfRmsExL"	1.0
"אהוד ברק ייבא עכשיו 250 ק""ג קנאביס כי יש לו לחלק בהפגנות הממונות המון ."	1.0
אם הרשימה המשותפת הייתה בעד לגליזציה מרצ הייתה מתה סופית, ואני ותמי היינו יושבים על פייסל מחוץ לסופר יודה ותוהים מה אם	1.0
4 בני אדם נעצרו בחשד להפעלת מעבדת סמים ובה כחצי טון קנאביס https://www.mivzaklive.co.il/archives/363123 pic.twitter.com/LWb9lkUNNO	1.0
"""רכש נכסים והפך אותם לבתי גידול"": סוכן נדל""ן בקליפורניה חשוד בהפצת מריחואנה https://hebrewnews.com/article/33611 pic.twitter.com/h12DBt7SY4"	1.0
קנאשור: רשות החדשנות תשתתף במימון תכשיר קנאביס רפואי לטיפול בפסוריאזיס http://dlvr.it/Rcr6Xv 	1.0
קטטה המונית בין צעירים שיכורים בבריכת השחיה במרחבים?,הפגנות ברוטאליות ומוצגים לא מוסריים מול ביתו של ראש הממשלה,המות בכבישים בעליה קשה,והממשלה מחלקת קנאביס לכל  דורש?,האלכוהול  נימצא בפיצוחיות בתווח יד לכל דורש,הוירוס מביט על כל ההמולה הזו ונהנה לחשוב שהאזרחים במדינה מקלים עליו.	1.0
זה למה אני נגד לגליזציה. https://twitter.com/yairlapid/status/1290570924660600832 …	1.0
אהוד ברק מחפש עובדים לחוות מריחואנה בנגב, חיים שדמי מנהל עבודה, יאללה שמאל, זה שבכאילו בנה את ישראל לכו לקצור בדמעה במקום לשבת בבלפור על בולבול מבלון קחו איתכם את ברק כהן, שישיר ויצלם למזכרת..... https://twitter.com/TopazLuk/status/1289995516751646723 …	1.0
ראיתי שמחה לאיד על האירוע אתמול בפיד. ראיתי פוליטיקאי מטונף שרבים רצו להצביע לו כי הוא הציע לגליזציה לקנאביס. איזה עולם מסריח. https://twitter.com/SharonaMazalian/status/1291035007889416192 …	1.0
4 בני אדם נעצרו בחשד להפעלת מעבדת סמים ובה כחצי טון קנאביס https://www.mivzaklive.co.il/archives/363123 	1.0
"שאריות מריחואנה התגלו בגופו של תינוק בן שנה שפונה לביה""ח הדסה הר הצופים. האירוע דווח למשטרה  @Meir_Marciano"	1.0
"צעיר תושב משמרות נעצר השבוע עם 16 ק""ג קנאביס ו-2 ק""ג שמן קנאביס, זאת בזמן שהוא מנהל תיק בבימ""ש על החזקת כ-110 גרם קנאביס איתם נתפס לפני כשנתיים. פרטים נוספים:  https://knb.is/2zglpRr "	1.0
"10 ק""ג חשיש בירכא, 3 ק""ג קנאביס באשקלון. שלל משתלת ישראל היום (בינתיים). pic.twitter.com/Qubn84EF2S"	1.0
"לגליזציה צריכה להיות מותרת כשמדובר במשהו רפואי אבל לא יותר מזה . למדתי ביולוגיה ועל ההשפעה של סמים על מערכת העצבים והגוף . זה סכנת נפשות גם אם זה נראה לנו ""סם קל"" . כל עוד וזה רפואי אני בעד . הדרך הטובה ביותר להוריד את הפשיעה בתחום הסמים היא מדיניות נוקשה כלפיהם, לא אישור שלהם. https://twitter.com/Yonty11/status/1251065121755017216 …"	1.0
לא ייאמן שהאיש הזה היה פסע מהכנסת מפלגתו לכנסת, באדיבות חובבי קנאביס קלי דעת https://twitter.com/moshefeiglin/status/1291039340169252865 …	1.0
ביבי..תכניס מגב לבית של נוני. יש לו כמות גראס בכספת. אל תפחד ממנו	1.0
"בימ""ש השלום חדרה האריך ב-3 ימים, עד יום רביעי, את מעצרו של מתן אגם, בן 23 מקיבוץ משמרות, שנעצר אתמול בפשיטה שערכו שוטרי חדרה על מעבדה להפקת שמן קנאביס שע""פ החשד הפעיל בקיבוץ. נתפסו כ-16 קג גראס ו-2 ליטר שמן. הש' יניב הלר ישקול מעצר בית אצל הוריו בפרדס חנה מחרתיים. @WallaNewspic.twitter.com/HJPhkZEbve"	1.0
אתם לא מבינים שוויד מנוון לכם את המוח?! לא מבין אנשים שתומכים בלגליזציה הזאת	1.0
הפסיכיאטר המחוזי סביון. תציץ על נוני מוזס. כל המישפחה שם מופרעת לגמרי. תיזהר עם תרופות. נוני לוקח גראס	1.0
אתם לא מבינים שלגליזציה עלולה לגרום לפריצות ולהרבה יותר מסוממים ברחובות! זו סכנה לחברה שלנו!	1.0
לדיירים שלום, כבר ערב שני ברציפות יש לנו ריח חזק מאד של גראס שמגיע מהשכנים, זה מאד מסריח, מאד מפריע לנו ואנחנו עם ילדים קטנים בבית. בבקשה הפסיקו לעשן לתוך חלונות הדירה שלי. שחר מדירה 9. קומה 3. צד חזית פונה לגינה. תודה.	1.0
כתבה על מריחואנה בחדשות 12 ויונית דופקת מבט של ״עידו, שים לב!״	1.0
"שמעתי שהבדואים מגדלים קנאביס והמשטרה אינה עושה דבר שמעתי שהבדואים פורצים לבסיס צאלים ועושים בשטחי האימונים כבשלהם שמעתי שערבים משתלטים על אדמות בגליל והמדינה לא עושה דבר שמעתי שהבדואים מביאים נשים עם ידלים מאיו""ש ומעזה ובתרגילי נישואין/גרושין סוחטים את בטוח לאומי של כולנו"	1.0
"מפכ""ל המשטרה לשעבר חושב שצריך לבטל את הפללת צרכני הקנאביס לחלוטין, אבל הוא לא בטוח שצריך לגליזציה. בעד פיקוח מחירים על ענף הקנאביס הרפואי ומאמין שבקרוב יגדל מספר צרכני הקנאביס בישראל. לדברים המלאים:  https://knb.is/2M4nfaO "	1.0
אתם שותים גראס @Yossi_eli @TzurMaorhttps://twitter.com/c_shlomit/status/1290505341793427456 …	1.0
ביבי. יש לנוני כמות מיסחרית של גראס. תכניס מישטרה לוילה שלו בסביון. אל תפחד מימנו. עם צו שופט	1.0
צריך להגיד את האמת! הצעירים המשולהבים משתמשים בסמים מסוג 'מריחואנה', שמכניס אותם להתקף מסוג 'טראנס' ומעורר אצלם הזיות על משטר מסוג 'דמוקרטיה'!	1.0
נוני מעשן גראס. מסטול	1.0
"עכשיו במרפאה. מטופל שלי חולה מלנומה שנעזר בקנביס רפואי במינון גבוה של 60ג' בחודש. משלם 1600 ש""ח *כל חודש* מתקיים מהכנסה של 6000 ש""ח (פנסיה +קצבה). באיזה עולם חולה צריך לשלם שליש משכורת על קנביס שמאוד עוזר לו? איך אפשר לתרץ את השינוי מ370 ש""ח ששילם לפני הרפורמה למחיר הנוכחי?? "	1.0
מחר ב- 15:00, בבית המשפט ברחובות, מדינת ישראל תדרוש להכניס את ניר יופטרו לכלא. האשמה:  הוא הכין שמן קנאביס לחולי סרטן, בהתנדבות מלאה, מהקנאביס הרפואי שלהם שהם קיבלו במירשם. pic.twitter.com/QQK8M7Xc0W	1.0
בעקבות הכתבה המרתקת של @yossi_melman במוסף הארץ (כל המוסף היה מעולה השבוע) - עד כמה חשוב לשירותי הביטחון שלא תהיה בישראל לגליזציה מלאה אם זו, קרי סחר לא חוקי בסמים, הדרך שלהם במקרים רבים ליצור קשר עם סוכנים פוטנציאלים בלבנון, סוריה ואולי מקומות אחרים?	1.0
הגיע הזמן לעדות לזה סוף אב לשבעה גורש מביתו בגלל 4 שתילי קנאביס https://www.xn--4dbcyzi5a.com/%d7%91%d7%92%d7%9c%d7%9c-4-%d7%a9%d7%aa%d7%99%d7%9c%d7%99-%d7%a7%d7%a0%d7%90%d7%91%d7%99%d7%a1-%d7%90%d7%91-%d7%9c%d7%a9%d7%91%d7%a2%d7%94-%d7%9e%d7%95%d7%a8%d7%97%d7%a7-%d7%9e%d7%94%d7%91%d7%99/?fbclid=IwAR2OCPQBoAEZAyrX9kLIt0Vyu-D-unNx_5gyyvuXLEtVPMx9L2MhyhCeW8g#sthash.ybz3kbj1.dpbsקנאביס.com/%d7%91%d7%92%d …	1.0
N12 – השוטרים הופתעו: חממה לגידול שתילי מריחואנה על גלגלים https://www.mokednews.co.il/archives/373871 pic.twitter.com/x0QYpcof5Y	2.0
שלומית, את יודעת שאהוד ברק הוא שותף בחברת קנביס? https://www.calcalist.co.il/markets/articles/0,7340,L-3777088,00.html …https://twitter.com/c_shlomit/status/1290505341793427456 …	2.0
גרעפס מבירה עם עשן של קנאביס	2.0
"גם זה קרה הלילה: תינוק בן שנה וחצי מאזור כפר קאסם אושפז בבי""ח ""שניידר"" בפתח תקווה לאחר שהובא כשהוא לא במיטבו, לאחר סדרת בדיקות נרחבת התגלה כי בגופו נמצאו שרידים של מריחואנה. @N12News"	2.0
אין ספק בכלל, כשמגיע מגיע. @YoavKisch הוא בינתיים מתנה גדולה גם למטופלים וגם לעוסקים בענף הקנאביס הישראלי.  הוא וצוותו קודם כל קשובים ובגובה העיניים, שזה משהו שלא היה קיים במשרד הבריאות אולי אף פעם בעבר, בטח לא בימי ליצמן. ושנית, הם באמת פועלים למציאת פתרונות וגם מיישמים.  מרענן.https://twitter.com/guylerer/status/1291048364268761089 …	2.0
התפיסה של פייגלין שטילי חיזבאללה יאוכסנו בלב ביירות, למרות שידוע שהם מועברים ממזרח המדינה, מראה בדיוק מה דעתו על לגליזציה, גם של סמים קשים	2.0
"""המרכז החדש יוקם בהובלת חברת האחזקות וההשקעות אריאלי קפיטל (Arieli Capital) ובהשתתפות מועצת רמת הנגב ומשקיעים נוספים, ויתמקד בתחומי ההתמחות של האזור - חקלאות, חקלאות מדברית, חקלאות ימית, קנאביס ועוד."" https://www.globes.co.il/news/article.aspx?did=1001329386 …"	2.0
קאנומד הסכם למכירת תוצרת גידול קנאביס רפואי בהיקף של כ-6מ'שח לטבע אדיר $CNMDhttp://maya.tase.co.il/m/1312827 	2.0
היי! מי מכיר מי יודע על אנימטור שירצה להנפיש סרטון של 3 דק' על לגליזציה של כל הסמים?	2.0
יום המסחר ננעל בעליות שערים דוחות שפורסמו היום: פרשמרקט זינקה 9.8% על בד בתוצאות שיא המניה סיימה טיסה של 31.4%. שיח (קנאביס) עלתה 2.76% וואן טכנולוגיות ירידות של 2% (השוק לא אוהב שלא מחלקים דיבידנד מביע חוסר אמון). דנאל עלתה ב-0.4%  מניית ספאנטק עלתה ב-0.7% pic.twitter.com/spYqrlYSmS	2.0
אחד המתנגדים הקולניים לליגליזציה של קנאביס, מעודד ואף ממליץ בפומבי על סם מסוכן פי כמה וכמה.  כפיים. https://twitter.com/bezalelsm/status/1259575009703575553 …	2.0
מיקרומדיק עדכון לעסקת המיזוג בדרך של החלפת מניות עם חב נקסטייג' קנאביס,מועד אחרון להשלמה עד 30.6.20 $MCTChttp://maya.tase.co.il/m/1305790 	2.0
השכנים שלי מעשנים גראס במרפסת וזה מסריח לי את כל הבית, אבל אני רגועה בקשר לזה.	2.0
אלפי שתילי קנאביס הושמדו השבוע ברחבי הארץ - מחריש בצפון ועד קיבוץ רביבים בדרום. מגפת הקורונה לא עוצרת את ייצור הקנאביס הלא-חוקי וגם לא את פעילות המשטרה בנסיון לאכוף זאת. תמונות ופרטים נוספים:  https://knb.is/3cLZnnH 	2.0
קנביס לא , זה מזיק אחושבלוע  קנאביס כעע זה טיל pic.twitter.com/kPDufYVs7X	2.0
אני רואה בטוויטר את חיים שדמי ועוד חולה לא מזוהה צועקים ומאיימים על יאיר נתניהו תוך שהם מעבירים את המקרופון מאחד לשני כאילו זה היה גראס כנראה זה מרעיל להם את המוח	2.0
בלשי המשטרה איתרו מעבדת הידרו לגידול סמים מסוג קנאביס בביתר עלית. נתפסו כ-120 שתילים מסוג קנאביס וזרעים וחומר החשוד כסם מסוג קנביס המוכן למכירה. בנוסף נתפס ציוד להפעלת המעבדה, מוצרי דישון, מאווררים, ועוד.	2.0
סרטון שהכנו עם מחלקת הדיגיטל של @kann_news  על התחדשות המחאה בלבנון נגד הממשלה בשל צניחת הלירה המקומית. על הניסיון של חיזבאללה להסיט את המחאה לבנקים וגם על הניסיון של המדינה להכניס קצת כסף לקופה המרוקנת באמצעות קנאביס. כל מה שקורה בארץ הארזים בסרטון אחד https://www.facebook.com/kan.news/videos/4012315525452722/UzpfSTcyNDE1NDA4OToxMDE1ODYxMTAwNDc0OTA5MA/ …	2.0
כ-27,500 שתילי קנאביס נתפסו ב-21 מוקדים שונים בשטחי אש בצאלים https://all-world.news/54075/ pic.twitter.com/eH9bKeH5OQ	2.0
יומני היקר, העיריה עיקלה לי את חשבון הבנק בגלל חוב ארנונה ובלילה אני חולם על חברים שלי מרוב שאני מתגעגע אליהם. או שאפשר לסכם את זה בזה שמזל שנשאר לי קצת גראס חבל שהוא קצת מעופש.	2.0
"איך האב געהערט פון אונזער רב כ""ק גאב""ד אודווארי שליט""א אין קאנטרי ""גיטי גארדענס "" נעכטן בזה""ל  "" איך האב מקבל געווען פון מיין פעטער החסיד רבי ישעי' גראס זצ""ל מבערבעשט-קערעסטיר (ובלשונו 'וואס איז געווען א עכטער סאטמארער חסיד ער האט קיינמאל נישט פארפעלט קיין סליחות אדער תפילה ביים https://twitter.com/hasidic1/status/1277528793821982720 …"	2.0
נראה שהוא לוקח קנביס לא הכי רפואי.... https://twitter.com/aviyalou/status/1290966460970532866 …	2.0
"תפקיד אחד בלבד נותר פנוי למינוי: יו""ר הועדה למאבק בנגעי הסמים והאלכוהול (ועדת הסמים). במשך שנים מילאו את התפקיד נציגי המפלגות הערביות וש""ס עד שלאחר בחירות 2015 נבחרה לראשונה לתפקיד תומכת לגליזציה מובהקת - ח""כ תמר זנדברג. מי ימלא את התפקיד כעת? לא ברור."	2.0
האם לימור לבנת נגד סמים (שהיא לא משתמשת בהם) בגלל ש...  1. היא חקרה ומצאה שנכון להמשיך להפליל צרכני קנאביס 2. היא נגד כל מה שביבי עושה, לא משנה מה זה 3. אדלסון הרימה טלפון @LivnatLimorpic.twitter.com/ifLegGPazi	2.0
סקר בשיתוף אוניברסיטת חיפה בדק איך השפיעה מגפת הקורונה והסגר שבא איתה על צריכת הקנאביס בישראל. כמעט 40% התחילו לעשן קנאביס מוקדם יותר, לפני 12 בצהריים, ומעל 50% אגרו קנאביס לימי הסגר. כל הממצאים להלן:  https://knb.is/2ycI54k 	2.0
בעלי חברת הקנאביס הישראלית 'מדיוי' מבוקש במקדוניה בעבירות של ייצור סם ופשע מאורגן, זאת בחשד כי גידל קנאביס 'רגיל' במסווה של קנאביס 'המפ'. מניות החברה בבורסה צונחות. לסיפור:  https://knb.is/3cHT58m 	2.0
מחקר חדש באיכילוב: האם קנאביס משפיע על חולי קורונה? https://www.mivzaklive.co.il/archives/339823 pic.twitter.com/CmV8Wa31O7	2.0
75 שתילי קנאביס נתפסו בדירה בקרית ים. בן 27 נעצר. pic.twitter.com/RlXcHqe0JK	2.0
פארמוקן השלמת גידול ראשוני של תפרחת קנאביס רפואי בתנאי מעבדה,פרטים,המשך $PMCN http://maya.tase.co.il/m/1304760 	2.0
"נתניהו ממש פרייר שהוא מתעקש לעשות למען מדינת ישראל. אהוד ברק במקום הרביעי בצמרת מקבלי השכר בבורסה, כיו""ר חברת קנאביס עמד התגמול הכולל שקיבל ב 2019 על 37.1 מיליון שקל."	2.0
120 שתילי קנאביס נתפסו היום בדירה בביתר עילית pic.twitter.com/RsuG08bDiO	2.0
"""אני נגד לגליזציה של קנביס, קודם כל, כי זה לא חוקי"" מי הגאון שחיבר את המשפט הזה"	2.0
קאנומד נשתלו במתקן הגידול כ-4,000 שתילי קנאביס רפואי,צפי למכירת התוצרת ביולי 2020,כ-1.66מ'שח,המשך $CNMD http://maya.tase.co.il/m/1289473 	2.0
היי הערב #שישי 19:30, שר הבריאות אדלשטיין בראיון. YuliEdelstein  ליל המסיכות  עם שוטרים בגוש דן. כתבות מגזין ראיון עם השודד שהואשם ברצח דורון שוסטר, חברת קנאביס, תומר ושונית חמד. וגם סיכום מנדלבליט רוזן. AyalaHasson channel13il מוזמנים.	2.0
לראשונה: רשת Be של שופרסל תמכור קנאביס רפואי במרשם https://yigallavivblog.wordpress.com/2020/07/13/%d7%9c%d7%a8%d7%90%d7%a9%d7%95%d7%a0%d7%94-%d7%a8%d7%a9%d7%aa-be-%d7%a9%d7%9c-%d7%a9%d7%95%d7%a4%d7%a8%d7%a1%d7%9c-%d7%aa%d7%9e%d7%9b%d7%95%d7%a8-%d7%a7%d7%a0%d7%90%d7%91%d7%99%d7%a1-%d7%a8%d7%a4/ …	2.0
"איכשהוא בשם ההיסטוריה היהודית זה תמיד ""בואו נספח פלסטינים"" ואף פעם לא ""בואו נאשר לגליזציה"" https://twitter.com/Nefolet/status/1266344749360910337 …"	2.0
עכשיו רק נשאר ששר הביטחון המיועד יפסיק לשלם לחמאס 45,000,000$ בחודש. אתה תעצור את הזרמת הכסף? אגב - זה שהצטרפת לממשלה שמתנגדת לליגליזציה של קנאביס ובעקיפין גורמת לישראלים נורמטיביים לממן ארגוני טרור (ביניהם חיזבאללה) עם כספים שהולכים אליהם דרך סוחרי ״סמים״ - מה עם זה? https://twitter.com/gantzbe/status/1255756693180428288 …	2.0
"במדינות ארה""ב שהתירו קנאביס רפואי הייתה ירידה שנתית ממוצעת של כ-20% בשיעור המרשמים למשככי כאבים אופיואידים, לעומת מדינות בהן קנאביס רפואי אסור, שם לא נרשמה ירידה דומה. פרטים:  https://knb.is/2ZMs6oV "	2.0
שוטר סמוי תפס מאות מנות של סם ה”דוסה”, עשרות כדורי אקסטזי, 320 גרם קנאביס ושני בקבוקי חומרי אבקת סמים – החשוד נעצר https://all-world.news/54431/ 	2.0
קנאשור חתמה על הסכם לרכישת תפרחות קנאביס מחוות בר לב http://dlvr.it/RTKcb7 	2.0
לא נותרה לי ברירה, אדפוק את הראש עם קנאביס וויסקי עד שאפול למיטה שיצאתי ממנה לפני 8 שעות. #בידוד	2.0
4 זני קנאביס נוספים הגיעו בשבועות האחרונים לישראל מחוות בקנדה, ספרד ואורוגוואי. בעקבות משלוחים אלו הפכה ישראל ליבואנית הקנאביס הגדולה בעולם. תמונות ופרטים:  https://knb.is/3dPNc9x 	2.0
"אורן לייבוביץ' ממגזין קנאביס מספר ל-@Galgush ואפי בן אברהם: ""אנשים אוגרים קנאביס לקראת הסגר, יש 30% עלייה ברכישות. חלק מהסוחרים מספרים לנו שהם יתחפשו לשליחים של וולט, כי זה הוגדר כשירות חיוני"" (צילום: רויטרס) pic.twitter.com/TYoBSxYizk"	2.0
מנסה להחליף זן קנאביס שהחברה דחפה לי, וזה תהליך די מייאש.	2.0
יש בעיראק נשק להשמדה המונית קנאביס יגרום לכם להזריק הירואין אין חשד לפדופיליה במלוכה ובאליטות הבנקים המרכזיים דואגים לרווחת הכלל לא היה כלום כי אין כלום  אתם סתם לחוצים	2.0
הכנתי נס ונפל לתוכו קצת קנאביס. יש לי נס רפואי	2.0
אביב גפן:   וילה מכונית פורשה נוצצת  מיליוני שקלים מהופעות של שנים בארץ ובעולם  תגמולים מיוטיוב בכל רגע נתון  800 אלף על השתתפות ב The  Voice  ייעוץ לחברת קנאביס תמורת מאות אלפי שקלים ואחוזים במניות  אל תטיף על ״אסון תרבותי״! פשוט תכניס את היד לכיס ותעזור לכל חבריך... https://twitter.com/Haaretz/status/1253408813857693696 …	2.0
להעביר ביקורת על משרד הבריאות בגלל קנאביס https://twitter.com/guylerer/status/1241847450303954951 …	2.0
קנדוק חתמה על הסכם הפצה למוצרי קנאביס באנגליה, סקוטלנד ואירלנד http://dlvr.it/RXMQJ9 	2.0
"""תפקיד האזרח - להשאיר את פיו פתוח"" גינטר גראס סופר גרמני (פרס נובל) נפטר (1927-2015): ""התביישתי. הייתי נאצי צעיר וטיפש...עד היום אני מתבייש. הדבר העיקרי שניסיתי להבין ועד היום אני שואל את עצמי: כיצד קרה שלא שאלתי שאלות""  @KarenLHaber @TheOnionGodpic.twitter.com/0OWwZ8JWyb"	2.0
לא יכול פשוט להחזיק מעמד לרגע זה השנה שטעמתי מריחואנה בפעם הראשונה pic.twitter.com/uq7xP7SmN9	2.0
גראס במדינת ישראל אינו חוקי ומי שרוכש או משתמש נתון לסנקציות כספיות וכמובן תיק פלילי וכו'. לכן אחרי כל זה מאוד מעניין למצוא את חבר הכנסת ושר המשפטים אמיר אוחנה נמצא בקבוצה שדרכה מתארגנים. וכן, זה המספר טלפון שלו. @AmirOhana תגובתך?pic.twitter.com/TSOjFtZgjG	2.0
"בהצלחה לנפתלי ""יכולתי לעשות מיליונים בהייטק"" בנט ואיילת ""יו""ר דירקטוריון חברת קנאביס בפוטנציה"" שקד באופוזיציה.  הלוואי שיהיו נחושים ומקצועיים כמו בשנים האחרונות גם שם."	2.0
קנאביס זה הירוק היחיד שכשיש לך אותו אתה לא חושב ששל השני ירוק יותר	2.0
טיול לילה עם בלה, ראיתי: את תקופת ההתבגרות, גשם אבקנים, עץ בסיכון גבוה, פיצול אישיות, ניסוי בבית ספר, סקין של תן, דבק אנושי, מאגר ליוויתן, את הפטשופ בויז על גראס.	2.0
דברים שקרו לי ב13 ביולי: 2006 עברתי טסט 2007 התנחלתי אצל דודה שלי בתל אביב כי בחיפה היו אזעקות של לבנון 2 2009 סיימתי קורס קצינים  2014 התחלתי לעבוד משרה מלאה בתל אביב ובדרך מירושלים היו אזעקות של צוק איתן 2020 נפרדתי מעציץ הלמון גראס שהחתולה הרסה לי בפחות משלוש שעות	2.0
גקי דורסי מתחיל איתי. יש לו מישתלת גראס בבית	2.0
אתגר מעולם לא:  1. אכלתי שווארמה 2. עישנתי גראס  3. לבשתי סגול  עכשיו אתם ...	2.0
כמו כן, @gantzbe ו@yairlapid דברו עם נציגי המפלגה שלכם על הקמת ממשלה עם המשותפת, אם תצליחו, לכו לנשיא. אם לא, קחו קנביס או איזה משהו להירגע. גם לא מסוגלים להשתלט על המפלגה שלכם וגם מבלבלים במוח. הסיבה שאין ממשלה היא אתם	2.0
בקיצור כל הנהלים נגד צרכני קנאביס תקפים מעכשיו על כולם? pic.twitter.com/WUqGjyGWhD	2.0
איך הקורונה משפיעה על צריכת סמים שאינם קנאביס?	2.0
אמש דיברנו לייב עם ערן צור על מוזיקה, קנאביס, ספונג'ה ועוד דברים שעוזרים לשמור אותנו שפויים בתקופה הזאת. פספסתם? אפשר לצפות פה: https://timeout.co.il/%D7%A2%D7%A8%D7%9F-%D7%A6%D7%95%D7%A8-%D7%91%D7%9E%D7%99%D7%A5-%D7%A9%D7%9C-%D7%94%D7%96%D7%91%D7%9C/ …	2.0
"נודה על האמת: זו לא ""עזיבה"" כי האדמו""ר ביקש וזו לא הקורונה. ליצמן הולך כי נכשל בתפקיד שהוא בעיני קודש הקודשים של החברה. האמת, כמיטה במסדרון, כמטופל קנאביס שנשדד, כתור של חודשים לאמ.אר.איי - סופה לצוף. האמת היא קו הגבול של הציניות והאטימות. הקו הזה נמתח מאוחר מדי, אבל טוב שנמתח"	2.0
ברק אף אחד לא שאל אותך שב בבית בשקט ותשתוק. ראינו מה עשית כאשר היית ראש ממשלה ואת כל הדיבור המלוכלך שלך נגד ביבי והימין כך גראס ולך לישון. https://twitter.com/barak_ehud/status/1245722087135817729 …	2.0
מהי עמדתך לגבי לגליזציה של קנאביס? https://twitter.com/ramivered/status/1276970324295323652 …	2.0
"הערב, בניוזלטר העין השביעית: כל חדשות התקשורת מישראל והעולם, כולל - הבעלים של מגזין ""היי טיימס"" יחל למכור מריחואנה. להרשמה: http://the7eye.org.il/signup pic.twitter.com/BnWQZZDqK4"	2.0
לא הבנתי איך עם כל הסטרס הזה מריחואנה ונוטלה לא הפכו למוצר צריכה בסיסי	2.0
עמית אולמן (פדרו גראס) - שיר לאהובה חירשת https://youtu.be/rGZOxM-BPGE  via @YouTube	2.0
כדי לאשפז רבנים חולים במחלקות נבחרות ולשכן את בני משפחתם במיטות של חולים, כדי לתעדף סיגריות על טבק לגלגול, כדי להקשות על רכישת קנאביס רפואי. ואידך זיל גמור. קל, נכון? https://twitter.com/talschneider/status/1251583742591864836 …	2.0
שוקולד השחר עם בננה בתנור בטמפורת אבקות מריחואנה וחוסר שינה. וואלה יצא בסט pic.twitter.com/zkE98jLXyT	2.0
לפני כשבועיים מר @haggai_segal סירב לפרסם טור שעוסק בצדדים חיוביים אפשריים של לגליזציה של קנאביס אצלו בעיתון המוערך @MakorRishon.  הוא סירב אפילו לעיין בטור, וסירב גם להסביר מדוע הוא מתעלם מפניה לגיטימית בנושא.  ואז הרגע נזכרנו ש...pic.twitter.com/z5ra9Nlofu	2.0
כשנהיה קר  צץ חם-צוואר לוליטות אין  שנאה-קנאה IN כשלון מוכח, מהדהד שרק שמח לאיד איש קטן, חרמן,  יצור נלעג, טרחן קנביס הפתרון  לבעל השיגעון מהעיניים לנו עוף  מוכשר אבל חצוף. https://twitter.com/ReshefRafi/status/1240697996209041408 …	2.0
אני עדיין ערה אחריי המשמרת לילה ואני מתכתבת עם אנשים מהתחנה ואני בטוויטר ואני רואה שהדברים שאני מקלידה לא הגיוניים אני מפספסת מלא מילים אז ככה זה שמעשנים מריחואנה כאילו?	2.0
אני לא צריך קנאביס ואלכוהול כדי להנות, זה הם צריכים אותי	2.0
רק אם יחליפו לנו את עלי הכרפס בעלי קנאביס בליל הסדר נצליח להבין מה קרה לנו השנה. מה נשתנה מכל השנים.	2.0
בהפגנות הימין מניפים דגלי כחול לבן  עם מגן דוד במרכז שרים שירי אהבה משירי ארץ ישראל האהובה והיקרה, @netanyahu  בהפגנות השמאל  מניפים דגלים שחורים, משפילים את דגל ישראל, שרים שירי סטלנים הרה אקסטזי מריחואנה גראס ועוד מריעין בישין,...בעיקר מתבכיינים. @yairlapid	2.0
"המשטרה מדווחת כי ""בתום פעילות מורכבת"" נעצר תושב הדרום בן 60 בחשד שגידל 480 שתילי קנאביס בתוך ומחוץ לביתו >> https://knb.is/3dDgI2k pic.twitter.com/RHPMK7duS9"	2.0
גם הגיע הזמן שיחלקו לכולם מסכות, על מנת שלא יכולו לעשן. ממתי עישון של סמים זה נורמלי. מאז שראש ממשלה פושע מושחת הפך לנורמה בישראל.  הגיע הזמן ללגליזציה של קנאביס לאנשים בוגרים https://m.maariv.co.il/journalists/Article-775125 …	2.0
"על אף שלטענתו היא מנסה לכאורה להסוות זאת, קופת חולים 'כללית', כמו שאר הקופות, מחוייבת לשלם החזר הוצאות לנפגעי תאונות עבודה גם בגין רכישת קנאביס רפואי. בתום משפט נאלצה הקופה להעביר למטופל 17,950 ש""ח פלוס הוצאות. לסיפור המלא:  https://knb.is/2xGdnAq "	2.0
"אינטרקיור קנדוק בהסכם שת""פ נוסף להגדלת כושר הייצור של קנאביס רפואי  $INCRhttp://maya.tase.co.il/m/1289607 "	2.0
עצומה: להוסיף למנות קרב גם שקית קנאביס	2.0
כל מי שחושב שעכשיו ביונימין תיכף רץ לאשר פה לגליזציה, וכל מי שחושב שגם המפלגות החילוניות באופוזיציה לא יתקעו לממשלה אצבע בעין כדי למנוע מהם הישג חקיקתי- הוא נאיבי בואכה תמים ברמת השה.	2.0
יונית מארחת כל לילה את ברק הפדופיל,תזכורת: ברח מצהלים ברח לאשתו ברח מלבנון ברח לאי עם פדופיל אפשטיין עסקאות נשק מפוקפקות עסקאות סמים[מריחואנה] קיבל 10 מיליון מ/וקסנר ברח עמותות ברק  קנה דירה 12 מיליון מכר ב 27  אבי אבות הטומאה אבי אבות השחיתות https://twitter.com/ErezZadok1/status/1152812053008179200 …	2.0
פעם ראשונה שאני מתה להפסיק לעשן, אבל אני מעשנת גם קנאביס רפואי ומפחדת שזה יקשה עליי.חוץ מההיריון שאז לא יכולתי לסבול סיגריות,אני מעשנת כבר מעל שלושים שנה ואני מרגישה שדי,הגיע הזמן שאני והסיגריות נפרד כידידים.אם יש למישהו רעיונות איך עושים את זה בלי בלי יותר מדי סבל,  פתוחה להצעות	2.0
עם כל האמפתיה לתעשיית התיירות כאן  עד שהמלונות והצימרים כאן לא יפסיקו עם המחירים החזיריים שלהם (10 ימים במונטנגרו=3 ימים באילת)  מצידי שיעשו הסבה למחסנים וחממות קנאביס.	2.0
קאנומד התקשרה בהסכם למכירת תפרחות קנאביס בהיקף של 1.6 מ'שח, אספקה 9-10/2020 $CNMDhttp://maya.tase.co.il/m/1290888 	2.0
הקורונה שיתקה את המשק הישראלי, אך עבור סוחרי הקנאביס בטלגרם העסקים דווקא טובים מאי-פעם. פנינו אליהם כדי לשאול איך משפיע המצב הנוכחי על המכירות, ואיך מספקים משלוחי קנאביס ללקוחות שנמצאים בבידוד. לסיפור:  https://knb.is/3dgHxtN 	2.0
"קשיש בן 88 נעזר במנוף כדי לבקר את אימו - והוביל את ניצחון לליכוד תמורת שירותים לחברת קנאביס ב21 מוקדים שונים: ""רוצים ניצחון בכורה לאצילי, 1:2 למכבי נתניה: אלמוג כהן סוגר מעגל בכותל המערבי"	2.0
קנביס ובירה ליד הנחל פוצץ!  pic.twitter.com/vadSOmbWFn	2.0
תל אביב: נחשפה מעבדה לגידול סמים ובה 110 קילו ברוטו מריחואנה בשווי מוערך של מאות אלפי שקלים https://all-world.news/48463/ pic.twitter.com/d5eHCGreVJ	2.0
אוקי.. אז אזהרת ספין x2 - 1. נכונים בדעותיהם, שזה אומר לגליזציה, הפיכת ישראל למדינת מאפיה תחת שלטון ירדני ועותומאני בזמן מצטבר של 16 מלשח. תעשו את המתבקש מהשטן שאתם.	2.0
"""אז מה, רק בגלל שאנחנו כל יום יחד, ובזמן האחרון אפילו יותר מהרגיל, שכחת שהיום זה היומולדת שלי? לא מגניב"" - מריחואנה, העשרים לאפריל"	2.0
באר שבע: נעצרו 2 חשודים בגידול כ-32 ק”ג קנאביס בחממת הידרו תוך גניבת חשמל https://all-world.news/54771/ 	2.0
"הקמפיין נגד לגליזציה של תומכי נסראללה מהימין הישראלי נמשך, והפעם, תאמינו או לא, ד""ר חנה קטן מציגה באתר @arutz7heb את ""תקופת היובש"" של האלכוהול בארה""ב כטיעון **נגד** לגליזציה של קנאביס וטוענת שקנאביס מסכן חיים. טרלול pic.twitter.com/EuFEdcg8UW"	2.0
"מטופלי קנאביס רפואי, שרוצים לעבור לאסדרה ישנה ב-370 שח אז עמותת הקנאביס הרפואי, צריכה נתונים כדי להגיש בג""צ בנושא תשלחו דחוף לעמותה מייל: amuta.cannabis@gmail.com לציין: 1. פרטים מזהים מלאים (שם מלא, ת.ז, כתובת… https://www.instagram.com/p/B-Ewk_9g_h2/?igshid=tfrjpkcst0vr …"	2.0
"אינטרקיור (ה""ק - נפתחה ב- 10:18) קבלת רישיון מהיקר לריבוי וגידול קנאביס במתקן קנדוק(בת) הדרומי $INCRhttp://maya.tase.co.il/m/1297835 "	2.0
גת- יש בירה- יש מריחואנה- יש שמש- יש שקט- יש תלונות-אין!	2.0
הלוואי ששרן השכל תקדם הימורים באותה נחישות שהיא קידמה לגאליזציה של קנביס	2.0
שחרור לקוח לביתו בעבירות של גידול קנאביס 	2.0
תיעוד: לוחמי מג&quot;ב איתרו 42 חממות קנאביס בשטחי אש של צה&quot;ל בנגב https://tinyurl.com/ya8mplfr 	2.0
שיח מדיקל קבלת אישור ראשוני לגידול, יבוא וייצוא קנאביס לחברה בפורטוגל  $SEMGhttp://maya.tase.co.il/m/1284450 	2.0
"אני ממליץ ללהב 433 לבדוק את חשבון הבנק של חיים שדמי, סתם בשביל לדעת אם יש לשם ""תזרים"" של מזומנים ומאיפה, אני ממליץ לבדוק במצלמות של עקירוב כמה פעמים הוא ביקר בבניין ובאיזה שעות ואם היתה ""הפקדה"" למחרת היום, אני ממליץ להם ליבדוק למה הוא קיבל רשיון ליבוא קנאביס ולא אדם אחר,  שווה.."	2.0
אחחח, חברי הטוב קנאביס	2.0
It's all about the money .  תגובת הצבא לפריצה בצאלים...  בשטחי אש בדרום: שוטרי משמר הגבול של משטרת ישראל תפסו כ- 27,500 שתילי קנאביס ב21 מוקדים שונים בשטחי אש בצאלים. במהלך הפעילות אותרו 21 מוקדים ובהם חממות לגידול לא חוקי של קנאביס בתוך תעלות שחפרו במקום ושהן מסוות ברשתות שונות pic.twitter.com/JkClgJAjyj	2.0
"נתפסו בהחזקת 1 ק""ג קנביס • מאת: מערכת חי פה - חדשות חיפה • לכתבה המלאה ולהשארת תגובה - הקליקו על הקישור... https://haipo.co.il/item/200195 "	2.0
היה לי פה חבר יקר שיום אחד אותי אינפל. הוא רצה את ה-  לעצמו כמו שנינה את ה-  ואני פרגנתי לו.  היה קל אבל אני לא יודעת מה נתקל אז עד שעלה של קנביס יקבל אימוג׳י כי עכשיו זה מחרתי. ה-  שלי. 	2.0
חשקה נפשי במוקפץ ירוק חריף. מצאתי מתכון, 40 דקות עבודה היה כתוב. זה היה ב19:00. והנה, 3:24 שעות אחרי, אני גאה לבשר שסיימתי. אין הנחתום מעיד על מוקפצו, אבל יצא בן זונה. על הדרך גם הספקתי להכיר לעומק מונחים קולינריים אסיאתיים כמו קארי ירוק, שורש למון גראס, באק צ'וי ונטיות אובדניות. pic.twitter.com/i2CFC3qCZX	2.0
יהיה סיפוח כמו שיהיה לגליזציה וכמו שיהיה קמפיין ממשלתי נגד 5G https://twitter.com/OmerDahan5/status/1278251704811696129 …	2.0
האם עישון קנאביס מעלה את הסיכון לסיבוכי קורונה? https://healthy.walla.co.il/item/3351684 	2.0
למון גראס	2.0
"רבינו שליט''א האט געלייגט תפילין היינט פאר הב' יושע העשיל ב''ר יואל גראס און מחנה דברי יואל,דערנאך איז מען געפארן דאווענען ביי ישיבה קטנה סניף ר' משה יודל פריעדמאן און כוונת הלב קעמפ"	2.0
הכנתי עוגיות קנביס ואני כל יום אוכל כמה ולא מצליח להוריד את החיוך מהפנים אני ככ מאושר תיכף העוגיות נגמרות בא לי לבכות	2.0
גם אני רוצה כיוון כזה גם בכמות גם במחיר   #קנאביס https://twitter.com/TASE_maya/status/1251757063870599168 …	2.0
דברים שמעסיקים אותי בימים כתיקונם: לאיזה רצפטורים נקשר CBD? איזה מנגנון מתווך את הפעילות האנטי דלקתית של קנאביס? איך נשפר את חיי האנושות? דברים שמעסיקים אותי בשבועיים האחרונים: איפה החולצה הבורדו	2.0
המשטרה חשפה חממה לגידול קנאביס בשטח מיוער סמוך לזרעית   חדשות ימנים >>> https://bit.ly/2Vsw2bk 	2.0
לגליזציה לעישון בבית? מעניין... https://twitter.com/JulieBorowski/status/1240730651520839680 …	2.0
צעיר תושב תל שבע נעצר בחשד לגידול ב-900 שתילי קנאביס	2.0
"טוגדר משלוח ראשון של 250 ק""ג קנאביס יצא מאוגנדה לכיוון ישראל $TGTRhttp://maya.tase.co.il/m/1289146 "	2.0
"צה""ל מחלק קנאביס כשר לפסח למבודדים"	2.0
חמאת קנאביס בננות ועדשים pic.twitter.com/xWZNS9cO8t	2.0
מעשן אוזו שותה קנאביס	2.0
אלכוהוליזם. כי קנאביס לא מספיק למציאות הזו. pic.twitter.com/Nk8adBl6zp	2.0
מהפך בדעת הקהל:  מבדיקתנו עד כה כ-70% משרי הממשלה החדשה תומכים במוצהר בלגליזציה של קנאביס בישראל. כ-20% מתלבטים או לא יודעים. רק פחות מ-10% מתנגדים. ביום ראשון אחרי הקמת הממשלה נפרסם פירוט מלא של העמדות. #ממשלהירוקה @netanyahu @gantzbe	2.0
"#היוםלפני, שנת 1977: ""מה תאכל הציפור שלי עכשיו?"" - תושב בית חנינה נתפס מגדל קנאביס בחצר אך טען שמדובר בצמחי קנאביס זכריים שנועדו למזון עבור ציפורים - טיעון שהיה נפוץ בעבר והסתמך על פרצה חוקית שהייתה קיימת עד 1975 בפקודת הסמים ואסרה רק על צמחי קנאביס נקביים ולא זכריים. pic.twitter.com/wjn96IEx8I"	2.0
השפעת ה #לגליזציה באורוגוואי על שימוש של מתבגרים ב #קנביס: PubMed - NCBI https://www.ncbi.nlm.nih.gov/pubmed/32388170 	2.0
על פי מחקר שפורסם ב-@TelAvivUni, ממצאים שנמצאו במקדש בן כ-2,700 שנה בתל ערד מצביעים על כך שייתכן שאבות אבותינו, גם של ליצמן, שרפו קנביס במהלך פולחן דתי https://www.bbc.com/news/world-middle-east-52847175 …	2.0
המשטרה מדווחת כי תפסה הבוקר 27,500 שתילי קנאביס שגדלו ללא אישור ב-21 מוקדים ברחבי שטחי האש של צאלים. הצמחים הועלו באש. לפרטים ותמונות:  https://knb.is/2YsMTxd 	2.0
תחשבו את כבודו במשפט על לגליזציה של קנאביס, איזה ניגוד עניינים כבודו נאלץ להקשיב לחצי שעה של הסברים של הרשות למלחמה בסמים על כמה זה מסוכן וממכר, כשחמש דקות לפני הוא עשה שאכטה במרפסת pic.twitter.com/DU7l2sCUkV	2.0
איך גילו קנאביס בתל ערד אחרי 2000 שנה? בטענה ששימש לעבודת הקודש אצל היהודים? https://www.bbc.com/news/world-middle-east-52847175 …	2.0
"ממולא ממולא: שכבות של בצק פילו עוטפות בצל שנדחס בריזוטו בש""ט, כרישה ועירית ואז בושל עם עגבניות, גזר מגורר, למון גראס, ג'ינג'ר, שום ורכז רימונים pic.twitter.com/yULXaf44Pp"	2.0
גם חברות קנאביס מחפשות תרופה לקורונה - כלכליסט https://www.calcalist.co.il/local/articles/0,7340,L-3809148,00.html …	2.0
"סקירה חדשה על הספר ""קנאביס וC.B.T לבריאות הגוף והנפש בהוצאת פוקוס https://www.facebook.com/photo.php?fbid=10158516803357422&set=a.10154983910102422&type=3&theater …  על הספר, כאן:https://www.focus.co.il/pl_product~239-630~15~0.htm …"	2.0
תגידו לא אמרו פעם שהולכים לעשות פה לגליזציה?	2.0
יש לי קנאביס מעורר, מרדים ואחד שגורם לי להטיל ספקות.	2.0
בחירות מועד א - קנאביס בעד נגד  קורונה משתוללת - שרה נתניהו ועוגת הביסקווטים בעד ונגד זהו נגמרו הצרות בישראל אנחנו גן עדן עלי אדמות כולם מאושרים אין עניים ממש חזון אחרית הימים הנביאים והאלוהים   נתנו ליהודים מדינה והם רבים על עוגה	2.0
קנאביס רפואי לטיפול באנדומטריוזיס...  http://www.ynet.co.il/articles/0,7340,L-5726202,00.html … via @ynetalerts	2.0
מצאו שרידי קנאביס באיזה מקום פולחן של יהודים. אני: שיבנה בית המקדש במהרה בימינו....	2.0
"תל אביב: משטרת ישראל חשפה מעבדה לגידול סמים מסוכנים ובה 110 קילו קנאביס בשווי מוערך של מאות אלפי שקלים.  חשוד (41, ת""א) הובא לחקירה בתחנת המשטרה, ובתום החקירה נכלא.  צילום: דוברות המשטרה pic.twitter.com/RCmxUYKosM"	2.0
אבל הוא בעד לגליזציה! pic.twitter.com/cJgz46NqZY	2.0
אמרתי לכם, לגליזציה של סמים, יכולה להביא לכל מיני דברים... https://twitter.com/ynetalerts/status/1290958271432593413 …	2.0
עכשיו כשכולם רואים מיהו באמת ליצמן, אולי תהיה טיפת הזדהות לתסכול העצום שהרגשתי כשעמדתי יחד עם אלפי מטופלי קנאביס רפואי ברגעי השפל וההזדקקות הקשים ביותר בחייהם מול שר אטום, לא בקיא וחסר מצפון שהפקיר את גורלם לחברות ענק שהתעללו בהם בתורם. זמן תיקון @YuliEdelstein	2.0
קנאביס כטיפול נפשי? הצעיר נגד ביטוח לאומי https://www.mokednews.co.il/archives/369329 	2.0
נתפסה מעבדה לייצור סם האונס ושמן קנאביס שהתנהלה מדירה בתל אביב https://tinyurl.com/y9os5qv5 	2.0
יוניבו קבלת היתר ייבוא מחוות קאנופי לביצוע בדיקות לגידולי קנאביס רפואי,המשך $UNVOhttp://maya.tase.co.il/m/1286105 	2.0
יוניבו נחתם צו להסדרת ייצוא קנאביס רפואי,בכוונתה לפעול לקבלת רשיון ייצוא  $UNVOhttp://maya.tase.co.il/m/1295341 	2.0
מה אני חושבת על לגליזציה?   https://m.facebook.com/story.php?story_fbid=159063739024257&id=103228657941099 …pic.twitter.com/3Z2nhbfva8	2.0
טוגדר הסכם מסגרת למכירה תפרחות קנאביס  בתמורה של כ- 9.72מ'$ $TGTRhttp://maya.tase.co.il/m/1304772 	2.0
"בוחרת עם אחים שלי תוספות לפיצה ""יש פה בצל פטריות פפרוני קנאביס... אהההה קבנוס"""	2.0
הפריחה בחוץ שאף אחד לא זוכה לשזוף בה את עיניו היא הנמשל של הסיפור על הסטלן שעלה לגיהינום וגילה שהוא מורכב משדות של מריחואנה רק שלאף אחד אין אש	2.0
צריכת קנאביס או טבק שלא דרך עישון- שורש עשב בניין פיעל. עישוב, עישב, עישבה,עישבו, עשיבנה, עישבת, עישבתי, עישבנו, מעשב, מעשבת, מעשבים, מעשבות, יעשב, תעשב, יעשבו, תעשבנה, תעשבי, אעשב, עשב, עשבי, עשבו עשבנה, לעשב.	2.0
ניהול השקעות - רעיון השקעה >> האם זה הזמן לקנות קרנות נאמנות המשקיעות במניות קנאביס ? https://ift.tt/2ZbNWBr 	2.0
האם טעמתם שייק גזר קנאביס?	2.0
ניסיתי מריחואנה אבל לא לקחתי לריאות https://twitter.com/LeonSlepyan/status/1266828842980773888 …	2.0
אז אני רואה שמתחילים להפיץ את זה שהמפגינים מעשנים גראס (אהלן וסהלן - זה קורה כבר יותר מעשור) ועושים מלא סמים (כי הם חייזרים... ברור).   אגב, מה קורה עם הלגליזציה שביבי הבטיח?	2.0
מאוד מדהים מדינת תל אביב מבזבזת כספי ציבור על הפגנות ממומנות של  סוחרי קנאביס(אהוד ברק) במקום להקיע באזרחים תושבי דרום תל אביב @ItayBlumental @iTelAvivYafo @sheffipazhttps://twitter.com/ItayBlumental/status/1255852411920490496 …	2.0
טוגדר מכרה תפרחות קנאביס ב-800 אלף ₪ שישמשו לתשלום האג”ח http://dlvr.it/RSz8hw 	2.0
"1/5 כתבו כאן כבר הרבה דאחקות על חשבון האמירה האומללה הזו של מזוז, אבל אני חושב שכדאי בכל זאת להרחיב על תפיסת העולם של מזוז שהיא מבטאת, ושמשתקפת היטב באמירה של יאיר לפיד ""אני מתנגד ללגליזציה של קנאביס, כי זה לא חוקי"". היו איתי רגע: pic.twitter.com/FVvwfUK192"	2.0
אחרי זה גם לא תהיה לגליזציה. באשמת גנץ כמובן  https://twitter.com/akivanovick/status/1240971613123772419 …	2.0
איך נראית חוות הקנאביס שלו בקולורדו, למה הוא נכנס לתחום, מה היתרון של החברה שלו, מתי תהיה לגליזציה בישראל, מה דעתו על מרים אדלסון והאם יש לביבי תחליף - דברים אלו ואחרים בריאיון מיוחד שערכנו עם חיים רמון >>  https://knb.is/3iVTx6S 	2.0
יחי מריחואנה	2.0
הסכמים מסחריים למכירת קנאביס לחברות שיח וטוגדר http://ow.ly/4aho102hQcz pic.twitter.com/TjOSi8Ossi	2.0
"קצת על ""יהיר"" לפיד לא יזיק לכם לדעת! לעולם לא עישנתי מריחואנה חחחחחח תשימו לב טוב לכמה שקרים בוטים ללא משוא פנים ! השקר פשוט חלק מהשקפת עולמו!https://youtu.be/H-bued6DjOQ "	2.0
@ErelSegal אתה מפספס - קנאביס זה רק תירוץ. ניסו להפחיד אותו בגלל דברים שהוא כותב.	2.0
את הבוקר ביליתי בלקרוא ספר בכיכר הבימה, בלקנות מריחואנה בבית מרקחת, ובלקנות טלוויזיה לעיוור 	2.0
מדענים: נמצא כי הדנא של מריחואנה הוא חייזרי עוד מאותם מדענים: אבי הביא את הפרח הכי מושלם לישיבה חחח לישיבה רגע זה אבי הביא? חחחח כן כן אבי כי ההוא זה שלומי ומה הוא קשור בכלל נו אל תצביע	2.0
קאנומד דירק' אישר התקשרות חב' הבת בהסכמי גידול קנאביס,כפוף,פרטים $CNMD http://maya.tase.co.il/m/1293656 	2.0
משלימים קציר מסחרי ראשון: איך נראית חממת קנאביס חדשה? http://ow.ly/PymD102i3Q1 pic.twitter.com/FivhczcQxd	2.0
חולת פיברומיאלגיה וטרשת נפוצה, טופלה בקנאביס רפואי איתו הצליחה לתפקד. אבל יום אחד, כשהיא בחודש החמישי להריונה, פרצו לה לבית וגנבו את הקנאביס. היא עשתה את המעשה המתבקש ודיווחה למשטרה ולמשרד הבריאות. אבל במקום לקבל קנאביס חדש, הודיעו לה שמבטלים לה את הרישיון.	2.0
"רבינו שליט''א האט געלייגט תפילין היינט פאר הבחור ישראל חיים ב""ר יואל גראס פון ק""י."	2.0
אני אקח את המשרד לגידול קנאביס חברתי	2.0
טוב, אני חייב להיות הראשון שכותב את זה כדי לקבל מלא לייקים וריטווטים:  קנאביס מרפא קורונה.	2.0
דרושים עובדים שרוצים להציל את המדינה. ניסיון עם קנאביס - יתרון https://buff.ly/2AkCOIZ 	2.0
זה נכון שאם שותים קנביס אין קורונה?	2.0
"חבר מאמריקה שואל, אם ה FBI עוצרים לחקירה את ""דון פאבלו ברח אסקובר"" בעיניין ה ""Lolita Express"" מה יהיה על ""אימפריית הסמים""? ברשותו חוות לגידול קנאביס ""רפואי"" ש""מגלגלות מליירדים"" P10 מערך שוק האם הם יעברו לטובת השכירים העצמאים והנזקקים? מה יהיה על אימפיריית ה""סמים""? אוהב דקל https://twitter.com/ArielleBenO/status/1289607451243712513 …"	2.0
משלוח ראשון של 250 ק''ג קנאביס נשלח מאוגנדה לישראל. ליל הסדר יהיה בסימן אופוריה.	2.0
לא ידעתי בוודאות, אבל תמיד חשבתי שההשפעות של מריחואנה הן השפעות פסיכדליות. ראיתי דמויות, וצבעים ואפילו יכולתי להרגיש את התודעה של האטומים שמרחפים סביבי. (כן, גם אני הייתי בהלם שלאטומים יש תודעה).  קיצר, מריחואנה, פסיכדלי, עכשיו אני יודע שזה נכון 	2.0
איזה מעצבן! קניתי הבוקר קנביס ומסתבר שהשמן שנתנו לי הפעם מבוסס על קוקוס ולא זית ואני אלרגית לקוקוס. אף אחד לא אמר לי כי זו לא אלרגיה נפוצה. לא העלתי בדעתי לבדוק כי מעולם לא נתקלתי בזה ואין אפשרות להחליף קנביס רפואי תחת שום מצב. בקיצור אבא שלהם זנאי. תביאו לגדל כבר.	2.0
לא יודעת הרבה ארמית לא יודעת הרבה על ביולוגיה ימית לא יודעת הרבה על סוגי גראס לא יודעת הרבה על קונטרבס  אבל אני יודעת שאותך אני אוהבת ואני יודעת שאם בליבך ישנה שלהבת העולם יהיה מוששששלם	2.0
עם שליטה דרך אפליקציה וטכנולוגיות מתקדמות: כך תבחרו את מאדה הקנאביס המושלם  יש לא מעט דרכים לצרוך קנאביס, אך נראה כי בשנה האחרונה הדרך הנוחה, המהירה והיעילה ביותר היא באמצעות מאדה. כעת המאדים הפכו לטכנולוגים מתמיד, עם שליטה דרך אפליקציה וטכנולוגיות מתק...  https://tech.walla.co.il/item/3363512 	2.0
יצאת משליטה אדון ברק. כמה שאתה משועמם? מה עם עסקי הקנביס? מה מזג האויר בפנטהאוז  בקומה 30 במגדל אסותא/בזל?  קיבלת משלוח מאחד מבתי הקפה שמתחת למיגדל?  עצה: קח כל בוקר כמה טיפות קנאביס להרגעה ולסוטול. https://twitter.com/barak_ehud/status/1241454969573838850 …	2.0
מוזמנים לצפות בקטע מתוך העימות שהשתתפתי בו בערוץ 20 בנושא: קנביס-לגלזיציה כן או לא? מוזמנים להביע את דעתכם כאן למטה קישור לעימות המלא בהמשך. https://twitter.com/arutz20/status/1278321553789288449 …	2.0
1. נמאס לי לרצות לעשות פעולה, לעשן גראס ואז לא לזוז במשך שעה וחצי 2. זהו בגדול, לא יודעת למה מספרתי את זה ברשימה	2.0
היי הערב #שישי 19:30, שר הבריאות אדלשטיין בראיון. @YuliEdelstein  ליל המסיכות  עם שוטרים בגוש דן. כתבות מגזין ראיון עם השודד שהואשם ברצח דורון שוסטר, חברת קנאביס, תומר ושונית חמד. וגם סיכום מנדלבליט רוזן. @AyalaHasson @channel13il מוזמנים.	2.0
"למה מזכיר לי טת:"" עישנתי גראס בקולג אבל לא לקחתי לריאות"" של קלינטון או אובמבה? https://twitter.com/jacky_Hasson/status/1266341833799610368 …"	2.0
שליחים של חברות קנאביס רפואי שמסתובבים כל היום בין חולים בלי לשים על עצמכם ציוד מגן, יו אר דואינג איט סו פאקינג טוטאלי רונג	2.0
פרסום ראשון: חוות הקנאביס של חברת ‘קנביט‘ נפרצה ונשדדו ממנה שתילי קנאביס, יש המעריכים עשרות עד מאות שתילים. החווה ממוקמת בישוב נאות הכיכר הסמוך לים המלח. פרטים:  https://knb.is/351ld3C 	2.0
זמן טוב לכתוב שמי שלא מוציא את האלכוהול מהחוק, צריך לתמוך בלגליזציה של קנביס? https://twitter.com/naftalibennett/status/1257727467319681025 …	2.0
שרשור! ההפגנה מחר בבלפור וההצהרה של הדיקטטור היום גרמו לי לחשוב על זכויות. הערב, ראש הממשלה אמר שחוקים זה מסורבל. מעכב. הוא לא אמר את זה כשחוקים מנעו מלהטב להקים משפחה, או מחולה בכאב כרוני לטפל בעצמו עם קנאביס. הוא אמר את זה רק בגלל שזה מפריע לו לשלוט באופן טוטאלי ללא שום הפרעה.	2.0
אחמדיל אבו-שרלועה הוא מגדל קנאביס זעיר מהפזורה האריתראית בדרום ת״א שמגיע עד אלייכם הביתה עם הגמל טקסי שלו ומביא לכם סחורה טובה טובה עם ניחוח של אלכוג׳ל. ממליץ	2.0
לפיד אמר  צאו מהבתים אל תקשיבו לביבי זו לא דמוקרטיה ועכשיו אחרי שאנשים יצאו ונדבקו הוא צועק ביבי אשם שאנשים חולים וסגורים בבתים בקיצור בחור על מריחואנה https://twitter.com/n5H3NOHWGtsdxit/status/1240536761899638786 …	2.0
"היו היה ""גמד"" קטן שחשב שהוא ""נפוליאון"" השתחרר מהצבא וקנה דירה ב ""40 מליון"" מאיפה הכסף מה הוא עשה? הכל בגדר תעלומה! יבא סמים(קנאביס), התעסק עם קטינות (אפסטיין) ועכשיו ב""פוזות"" אותנו מנסה לקנות מופיע בכל במה עם אותה ה""גחמה"" ""רק לא ביבי"", הבן אדם מתוסכל  ליראות את ביבי הוא לא מסוגל! pic.twitter.com/VE0roVGCCo"	2.0
MDMA Extazy מריחואנה מולי  קוק החברה של מתודלקים יופי טופי https://twitter.com/BoazGolan/status/1289912484535705600 …	2.0
מה בסוף עם לגליזציה	2.0
שיח: טלקאן עימה חתמה החברה על שיתוף פעולה, קיבלה רישיון גידול קנאביס http://dlvr.it/RWs7Wf 	2.0
"המשטרה מנצלת את העובדה שבני המגזר הערבי שיש להם סכסוכים נשארים בבית, אבל חמושים כמובן.  בעקבות מידע מודיעיני,  התקיים חיפוש במתחם משפחתי בכפר קאסם. בלשים וכוח של מג""ב מצאו קלצ'ניקוב, רובה צלפים, אקדח, רימוני רסס ושקית מכובדת של קנאביס. עוד אותר במתחם רכב יוקרה החשוד כגנוב. pic.twitter.com/cq0pMhiMaN"	2.0
"רגע של גאווה: עובר על רשימת מרכיבים לקארי צהוב ומגלה שיש לי את כולם במקרה בבית, כולל גבעול למון גראס שניערתי מהירקן היקרן בטכניקת ""מתפעל לפי תומו"" שמבוצעת לאחר הרכישה המתוכננת"	2.0
להזכירכם ד״ר ג׳מאל זחאלקה רוקח. להזכירכם הדוקטורט שלו על קנאביס... https://twitter.com/zahalkajamal/status/1240416205820878850 …	2.0
https://youtu.be/-0CeAOMEGKk    אייטם מאוזן של מנחה בעד לגליזציה גיא לרר ומתנגד צד שלישי בעד לגליזציה.	2.0
"הפעם למבריחים היה גם ציוד צבאי רב: רובה M16, מחסניות, ארגזי תחמושת, ציוד אופטיקה לראיית לילה וקשר. עשרות קילוגרמים קנאביס נתפסו הלילה ליד גדר הגבול בהר חריף. נעצרו 3 חשודים מכפרים לא מוכרים באיזור ב""ש דימונה. pic.twitter.com/LdFajKs86b"	2.0
"דרוש למגזין קנאביס: כתב  בעל יוזמה וראש גדול בעל ניסיון בכתיבת תוכן (חדשות, כלכלי, מגזין) יתרון לבעלי ידע בשוק ההון ידען בתחום הקנאביס קורא ותיק וקבוע של מגזין קנאביס  מעוניינים? קו""ח למייל: admin@knbis.com"	2.0
"אהוד ברק: ""עישנתי קנאביס אבל לא לקחתי לריאות"" https://www.israelhayom.co.il/article/674407 "	2.0
@yoaveven אולי תעורר את עניין הגזלה בקנאביס. צעירים ומבוגרים עם כישור רפואי צורכים קנאביס ושילמו 370₪ לחודש. עכשיו אותה כמות 1300₪ לחודש. מה זה?	2.0
לראשונה: רשת Be של שופרסל תמכור קנאביס רפואי במרשם https://yigallavivblog.wordpress.com/2020/07/13/%d7%9c%d7%a8%d7%90%d7%a9%d7%95%d7%a0%d7%94-%d7%a8%d7%a9%d7%aa-be-%d7%a9%d7%9c-%d7%a9%d7%95%d7%a4%d7%a8%d7%a1%d7%9c-%d7%aa%d7%9e%d7%9b%d7%95%d7%a8-%d7%a7%d7%a0%d7%90%d7%91%d7%99%d7%a1-%d7%a8%d7%a4/ … דרך @yigallaviv	2.0
בלי ששמנו לב הפרלמנט הלבנוני העביר אתמול חוק שמתיר גידול קנאביס לצרכים רפואיים ותעשייתיים. הסיעה של חיזבאללה התנגדה. אבל החוק עבר	2.0
לראשונה: רשת Be של שופרסל תמכור קנאביס רפואי במרשם https://bit.ly/2ZkMKvS pic.twitter.com/lyhHbHrkHL	2.0
יש פה עוד מישהו שנוסע הביתה עם המבורגר יומנגס במושב ליד בזמן שהוא מאדה קנביס? רק אני? אעדכן!!	2.0
סוכלה הברחה בגבול מצרים: נתפסו אמל”ח לא חוקי ושקי סם מסוכן מסוג קנאביס https://all-world.news/54992/ 	2.0
קנביט קבלת תקני IMC-CSP למפעל הייצור ולבית המסחר למוצרי קנאביס בציפורת  $CNBThttp://maya.tase.co.il/m/1297183 	2.0
תושב מזרעה מואשם בגידול 300 שתילים של קנאביס https://www.mivzaklive.co.il/archives/355202 	2.0
מחקר חדש באיכילוב: האם קנאביס משפיע על חולי קורונה? – חדשות MivzakLive https://www.mokednews.co.il/archives/384330 	2.0
הודות לממשלה שמאפשרת לו להבריח קנאביס לישראל,כמובן ייבוא. https://twitter.com/BarashiKinneret/status/1257596481785204736 …	2.0
אחיי ורעיי ביהדות התורה הערב תרמתם תרומה דרמטית לבריאותם של אזרחי ישראל. נפגעי עישון, מטופלי קנאביס, קורבנות פדופיליה, זקנים במסדרון - ומכיוון שאני לא זוכר מפלגה שתרמה כל כך הרבה לאזרחי ישראל בהחלטה אחת אמיצה - אני אתכם בבחירות הבאות!   ט.ל.ח pic.twitter.com/6m5RN9hARh	2.0
קוקאיןןןן ואלכוהלללל מריחואנה וספידיםםםםםם	2.0
"פלורידה: חבית ובה עשרות ק""ג של מריחואנה נשטפה אל החוף https://hebrewnews.com/article/33169 pic.twitter.com/usZ0em6XoP"	2.0
"אינטרקיור קנדוק בהסכם שת""פ אסטרטגי נוסף להגדלת כושר הייצור של קנאביס רפואי $INCRhttp://maya.tase.co.il/m/1285462 "	2.0
שלום חנוך מעשן גראס. השם	2.0
יוניבו מייבאת לישראל מאות ק”ג של קנאביס מקנדה http://dlvr.it/RbSCKn 	2.0
מטענים, גראס ועוד דרכים להתכונן לקטסטרופה https://bit.ly/2x8txCf 	2.0
קובץ חדש עלה לאתר, מוזמנים לעיין צו יצוא חופשי (קנאביס רפואי) http://zpr.io/t4kZ6 	2.0
קצת מידע מועיל על הרכיבים הפעילים של הקנאביס.  #קנאביס #מריחואנה #cannabis #CannabisCommunity #weed #marijuana #בריאות @kann_news @newsisrael13pic.twitter.com/HBqyvdzaew	2.0
סט קובני שעון צמיד ושרשרת גראס https://bracelet-shop.info/product/%d7%a1%d7%98-%d7%a7%d7%95%d7%91%d7%a0%d7%99-%d7%a9%d7%a2%d7%95%d7%9f-%d7%a6%d7%9e%d7%99%d7%93-%d7%95%d7%a9%d7%a8%d7%a9%d7%a8%d7%aa-%d7%92%d7%a8%d7%90%d7%a1/?feed_id=9911&_unique_id=5ebbd50712ed8 …	2.0
המשטרה חשפה מעבדת הידרו עם כ-480 שתילי קנאביס בשטח המשק באיזור המועצה חוף אשקלון – חשוד נעצר https://all-world.news/55157/ 	2.0
חוות קנביט בנאות הכיכר קיבלה תקן GACP להפצת מוצרי קנאביס רפואי באירופה http://dlvr.it/RSKzbB 	2.0
ישראל היתה אמורה להיות מעצמת ייצוא קנאביס בינלאומית, ואולי זה עוד יקרה, אבל בינתיים היא הפכה בתוך 6 חודשים למעצמת ייבוא הקנאביס המובילה בעולם. בדקנו מה חושבים על זה בתעשייה המקומית, וזה מעניין >>  https://knb.is/3iWhbQB 	2.0
איך לדעת אם צריך להחליף מסכה: אתה עובר בכיכר דיזינגוף וכל מה שאתה מסוגל לקלוט זה ריח של קנאביס, יין וזיעה  תודה תל אביב	2.0
כל מה שאני רואה זה בצים של גראס https://twitter.com/Nature_Is_Lit/status/1256297371215912960 …	2.0
רה״מ: הסגר ממשיך לפחות לעוד שנה  כולם: מהההה לאאאאא רה״מ: אבל קנאביס חוקי כולם: יייאיי כןןןןן רה״מ: במרשם רופא מורשה בלבד כפי שהיה עד עכשיו כולם: רה״מ: להפך, נגביר את האכיפה על קנאביס ללא מרשם *מדליק ג׳וינט* אל תנסו אותנו	2.0
חיים שדמי עם רצח בעינייםצמא דם ורוצה לרצוח את יאיר נתניהו ולהשליך בקבוק תבערה לעבר בית ראש הממשלה בעידודו של אהוד ברק התומך בחלאות הנושאים את הדגלים השחורים ומספק להם קנאביס עם חשיש ולכן הם בסוטול pic.twitter.com/jl6BnNbfLJ	2.0
טוגדר: משלוח ראשון של 250 ק”ג קנאביס יצא מאוגנדה לישראל http://dlvr.it/RTFYxk 	2.0
שמח לקחת חלק בפאנל המרשים בוובינר סביב אחת הסוגיות המורכבות והמענינות בתעשיה - היצוא והיבוא של קנאביס  מוזמנים להצטרף: https://pearlcohen.zoom.us/webinar/register/2015896993925/WN_-RiYB03RToCCi4uacqebaw …pic.twitter.com/x3KlxfJKoj	2.0
מוח: אני עייף 9001 , רגלים כואבות 5000 , געגועים לבייבי 9002 סטלת עייפות 40%+ מריחואנה 30% זה כמעט 50% רווח!  אז אין ממש ברירה אחרת אלא לאונן עכשיו שעות. מצטער עולם. אני הולך לבזבז קצת תאים על טישו אחים שלי #אהבה_עצמית	2.0
האיש במלחמת עולם השניה נראה על קנביס או שהוא ראה את הסרט הזה כבר ..... https://twitter.com/benjilachkar/status/1277517289861066753 …	2.0
המשטרה איתרה כמויות גדולות קנאביס, חשיש וקריסטל בביתו של בן 30 בקריית גת https://www.mokednews.co.il/archives/394880 	2.0
מי צריך מריחואנה כשיש סקרים.	2.0
"היותגובות טובות להשלמת המ""מים של זבוטינסקי עבור הגב' שמתקשה, אז הנה: מרפא מעון מנתח פלסטי מריחואנה משועממתתת https://twitter.com/LiberalRiWo/status/1282007178988138496 …"	2.0
הסיבה העיקרית שבגינה אין לגליזציה - מה יעשו עם כל האנשים האלה? https://twitter.com/beersehva/status/1265349388802691074 …	2.0
"עשרות ק""ג של שתילים, תפרחות ושמן קנאביס נתפסו אתמול בשתי דירות בתל אביב יחד עם 29,000 ש""ח במזומן, זאת לאחר שבמשטרה נתקבל מידע מודיעיני. ""פעילות המשטרה למיגור הפשיעה נמשכת בצל נגיף הקורונה,"" נמסר. וידאו ותמונות:  https://knb.is/2RjLZP2 "	2.0
"שידוכים 24  סאטמאר סיגעיט: מזל טוב!! החתן אלימלך ב""ר ישעי' רובין אבד""ק קערעסטיר (וויליאמסבורג) חתן ר' חיים אליעזר גראס עב""ג הכלה ב""ר הערשל מייזעלס (רעים מתוקים) (מאנסי) בן הרה""צ ר' יחזקאל אבד""ק אוהעל (וויליאמסבורג) חתן אדמו""ר מסיגעיט שליט""א"	2.0
כתב אישום נגד תושב כרמיאל שהקים מעבדה לגידול סמים בבית בבאר יעקב: בלשי משטרת ישראל הגיעו לפני כשבועיים לביתו של הנאשם, צעיר בן 28, וערכו במקום חיפוש על פי צו של בית המשפט. במהלך החיפוש מצאו השוטרים 454 שתילי מריחואנה, סמים במשקל רב וציוד המשמש לגידול הסם.	2.0
השדרה החמישית. מצד אחד רחובות העיר ריקים, מצד שני - ריח של גראס בכל מקום pic.twitter.com/JY52113vBF	2.0
דיונים בקבוצת מנהלי האגף שגורם לי לצהול שאני כבר לא מנפק קנאביס.	2.0
בלט בהיעדרו בהסכם בין בניומין לגנץ: משה פייגלין כשר המיוחד לענייני לגליזציה	2.0
איך הוא ישמע הוא עסוק בלארגןלעצמו מצבור של גראס  אם יהיה עוצר שהוא יוכל לעשן  בשקט https://twitter.com/sari_azoulay/status/1240163422957903872 …	2.0
מדענים מצאו שאריות של קנביס על מזבח מהמאה ה- 8 לפנה״ס בתל ערד. https://www.inverse.com/science/scientists-discover-biblical-weed …	2.0
אנחנו (הישראלים) חבורת חולי נפש קיצוניים. רק לפני 3 ימים כמעט בזזו כאן סופרים והמרכול השכונתי נראה היה כמו אחרי פיגוע.  היום הספקתי דואר-סופרפארם-סופרמרקט, בלי אף אחד בתור או ברחוב בכלל.  מקיצוניות אחת לשניה.  דחוף קנאביס לכלל האוכלוסיה pic.twitter.com/UlRRbzJ5aT	2.0
1. אני מאושר, לא לצאת מהבית ולא לארח. 2. אני צריך לרכוש היום קנאביס מבית המרקחת, אף אחד לא יכול להביא לי את זה. אני צריך להיות שם עם תעודת זהות ורק אני יכול לקחת. אז אולי, רק אולי, תחשבו לחזור למתכונת של המשלוחים בתקופה הזו ולבטל את הרפורמה? איך אנחנו אמורים לצאת?? @Cannabisraelpic.twitter.com/F6KmvgpFlQ	2.0
"אגף פשע פרמצטיבי במשרד הבריאות זה שורה ארוכה של משרדים ""קנאביס"", ""קנאביס"", ""קנאביס"" ו""קנאביס"" ואין אף משרד ""סמי אונס""."	2.0
צפו: 2,700 שתילי קנאביס נתפסו בצפון - https://buzznet.co.il/video/47541/ 	2.0
בזבז על חולצות שחורות, קנאביס וטיסות לאיי הבתולה ובדרך גם תפתח מפעל לחם צוואר.... https://twitter.com/hrsharh/status/1281834580677451777 …	2.0
"בואו נעשה ניסוי נכניס 2 יריבים לחדר. פעם אחת ניתן להם סיגריה רגילה, פעם אחת שתייה חריפה ובפעם ה3 קנאביס ה""צמח האסור ונורא"" מעניין אותי מה יהיה הפן הפסיכולוגי והתוצאות הסופיות."	2.0
גבר בשנות ה-30 לחייו מאשקלון נעצר לאחר שכ-300 גרם סמים מסוג קנאביס, מחולקים לשקיות, שתילי מריחואנה, משקל אלקטרוני ועשרות אלפי שקלים במזומן, נתפסו בביתו במהלך חיפוש	2.0
ליברמן: איזה מדינה מיוחדת במינה, איזה ממשלה הכי גרועה שקמה לנו.  זוכרים את מסע״ת באוגוסט 2019? רהמ דיבר בפאתוס על כלכלה ליברלית, ייבוא קנאביס וחתם הסכם עם השר הכלכלי המיועד משה פייגלין.  פייגלין, מיסגרת את ההסכם? תמכור את הנייר ב eBay. יהיו הרבה קונים לחתימת מקור של נתניהו. pic.twitter.com/cPnlBfMOMU	2.0
אני אוהב את העולם. אני אוהב את יורי ושרון. אני אוהב את הבייבי שלי. אני אוהב מריחואנה. אני אוהב חומרה. אני אוהב לפרמט. אני אוהב להכין לילדים של הבייבי שלי מחשב מדהים שישפר להם את הגוד וויבס באמצע הקורוני.  @CrackedUpDawn  יש התפתחויות! ואני לומד מהן מלא! חומרה זה מדהים! ויורי גאון	2.0
עדכון מהמיכלים של המשובטים: בזיליקום תאילנדי ולמון גראס חיים pic.twitter.com/MeN3WXeQK7	2.0
אינטרקיור הסכמים לאספקת כ-12 טון מוצרי קנאביס רפואי בתקן GMP של קנדוק(בת) לבתי מרקחת $INCRhttp://maya.tase.co.il/m/1292939 	2.0
קנאביס לטיפול בקורונה? http://ch7.io/abQc7$Fw 	2.0
גידול קנאביס בבית בזמן קורונה https://www.atzuma.co.il/growcannabis 	2.0
האמת ורק האמת, הביקורת על ליצמן כי הוא שם זין על כולנו ומגן בחירוף נפש על פדופלית, חברות טבק ורפורמת קנביס כושלת, זה עוד לפני שכל ״התרומה״ שלו במשבר הזה זה לדחות הנחיות למגזר.  בשיח של כתבי ישראל היום יש ארומה של בורות, והגנה אוטומטית בכל חובש כיפה (אלא אם הוא נגד ביבי או רפורמי) https://twitter.com/judash0/status/1245921428278374403 …	2.0
בנזוג מחפש דבק באינטרנט: ״ידעת שגורילה גלו זה גם שם של גראס?״ 	2.0
"1973: מלחמת יום כיפור . שבוע ראשון למלחמה , ישראל בנחיתות מול האויב הערבי. חוסר קריטי בנשק ותחמושת. מבצע ""ניקל גראס"" יוצא לדרך ורכבת אווירית של נשק ותחמושת מגיעה לארץ במהלך 6 ימי מאמץ עילאי בניצוחו של הנרי קיסינג'ר.  2020 : pic.twitter.com/cfbxulOWKC"	2.0
לכבוד כמעט אלף עוקבים חשבתי לעשות ניקוי אורוות ולהצהיר קבל עם וטוויטר שאני מצייצת המון על מין, אוננות, ניצול מיני, סטראפאון, בדסמ, יצירה, הוראה, פוסט טראומה, קנביס רפואי וסטיות שונות, וגם שאני לא מעלה נודז, לא מחפשת שידוך, לא מעוניינת בפוליטיקה ולא זקוקה לעצות. אנפלו חופשי	2.0
"אחרי החדשות ב""חמש עם"" @BenCaspit ואריה אלדד: היועצת המשפטית של הכנסת לשעבר נורית אלשטיין, ח""כ אלעזר שטרן מכחול לבן, אריאל כהנא מישראל היום, יהודה משי זהב, פרופ' יורם לס, ולמה צריך קנאביס רפואי בבידוד? הרכיבו לכם בבית מכונת הנשמה, ובואו."	2.0
קאנומד הודעת משרד החלקאות בדבר סיום תקופת ההסגר של זרעי קנאביס מיובאים-המשך  $CNMD http://maya.tase.co.il/m/1295746 	2.0
פייגלין הטריל פה כמה עשרות אלפים והוכיח שהם אכן עגלה ריקה אם בקצת דיבורים על לגליזציה ושוק חופשי אפשר לגרום להם לתמוך במפלצת שהוא https://twitter.com/odedshalev/status/1290882381814083584 …	2.0
מחקר חדש באיכילוב: האם קנאביס משפיע על חולי קורונה? https://www.mivzaklive.co.il/archives/339823 pic.twitter.com/uB0YlgbodV	2.0
גם כשמושבת ולא ברור עד מתי (הרבה בריאות), גם כשהוכיח את עצמו כאחד המנותקים (וואלה מאלה), גם אחרי קדנציה מחפירה והתעללות בעשרות אלפי מטופלי קנאביס, גם כשהוא לא נספר בניהול המשבר ונרדם בישיבות,  גם כשהוא מפר הוראות בעצמו - עדיין ליצמן הוא השר היחיד בישראל שאי אפשר להזיז מתפקידו	2.0
"תגידו, אנחנו יודעים מה דעתו של שר הבט""פ החדש, אמיר אוחנה, כלפי קנאביס?"	2.0
שארלוט פיגי, הילדה שחשפה את הציבור האמריקני לתועלות של שמן קנאביס לטיפול באפילפסיה, מתה אתמול לאחר שנדבקה בנגיף קורונה. פיגי היתה בת 13 במותה. לסיפור:  https://knb.is/2RiHUKX 	2.0
ככה זה. מייל. טלפון. תוך שבוע הם יבקשו מפתח לדלת של הבית ויופיעו בשתים עשרה בלילה עם עציץ גראס וארגז בירות ויגידו אני יודע שאני צעיר ממך בעשר שנים ואת לא אוהבת אותי אבל אני חייב מקום לישון	2.0
קובץ חדש עלה לאתר, מוזמנים לעיין תיקים פליליים וקנסות קנאביס, שימוש עצמי, לפי עיר (אוק' 19 - אפר' 20) http://zpr.io/t4BbZ 	2.0
יוניבו קיבלה אישור לייבוא תפרחות קנאביס רפואי http://dlvr.it/RSZyBt 	2.0
 470 ק”ג קנאביס של חברת “קנופי” צפויים להגיע לישראל #KREI #RegBioTech #Cannabis קנאביס# @univosm @CanopyGrowth @tilrayhttps://bit.ly/2R9x0Hs 	2.0
בואו לא נדבר על אם הסיפוח יהיה הצלחה או פיאסקו ועל המשמעויות שלו הגיאו-פוליטיות של לגליזציה של הכיבוש.  בואו נדבר על איך אנחנו מתכוונים להתנגד, להפריע ולשבש את פעולות הממשלה שרוצה אותו. ועל כמה קסום ומהפנט הגור הזה שזה לא ייאמן. pic.twitter.com/QUVgccVr0h	2.0
#פוסט_ראשון אז, גם ביבי וגם גנץ  הבטיחו לגליזציה, מר פייגלין נכנס תחת אלונקתו של ביבי ובין היתר הציע  #לגליזציה. אז מה קרה מאז? 3 מערכות בחירות, מגיפה עולמית ופוסט של עידן ארץ מזכיר לנו *שוב* כמה חשובות זכויותנו, לגליזציה ובמה משטרת ישראל עסוקה  בזמן המגיפה. שיהיה לנו בהצלחה. https://twitter.com/Idaneretz/status/1256629683044651008 …	2.0
רוצים לייצא קנאביס רפואי? קבלו רישיון ממשרד הבריאות – חדשות MivzakLive https://www.mokednews.co.il/archives/398505 	2.0
שם כסף על זה שלא בדקו אם קנאביס טוב לקורונה כי הם פוחדים מהתוצאות	2.0
ליצמן בבידוד לא צריך אינטרנט לתקשורת עם העולם החיצון. כשהיונה תגיעה לחלון שלו עם עלה של גראס הוא כבר ידע  שהכל מאחורינו	2.0
כל קהילת מטופלי קנאביס תומכת https://twitter.com/guylerer/status/1243568835409653762 …	2.0
"""יש אנשים שקונים גראס ויש גראס שקונה אנשים"", בקיצור סוחרי טלגרם זה אשכרה רוכלים בשוק עם סמארטפון pic.twitter.com/4LDWpvE891"	2.0
פיד מחאות, בקשה: מי שמצלם וידאו או סטילס בהפגנה הערב, גם בקטע ממש חובבני, ויש לו חומרים גם מהפגנות קודמות של העצמאיים, דברו איתי. מוצ'ו-מוצ'ו-גראס	2.0
"האם הקרן החדשה לישראל משדלת את ""מפגיני בלפור"" לעבור על החוק?  פוסט שפרסמה לאחרונה הקרן החדשה לישראל, מדריך את ""מפגיני בלפור"" כיצד לחמוק ממעצר • טלפון על מצב טיסה, בגדים מטשטשים, בלי גראס בכיסים • הקרן החדשה לאנרכיה בישראל ? https://www.meshekil.com/ReadNews/404 "	2.0
"אינטרקיור (ה""ק - נפתחה ב- 15:37) שיתוף פעולה אסטרטגי ובלעדי עם APHRIA לייצור והפצה מוצרי קנאביס רפואי  $INCRhttp://maya.tase.co.il/m/1312919 "	2.0
המגזין קנאביס רפואי)	2.0
תושבי ניו זילנד יצביעו בעוד כמה חודשים בעד או נגד הצעת חוק שתאפשר לבני 20 ומעלה לרכוש עד 14 גרם קנאביס ביום, ולגדל עד שני צמחים. הסקרים האחרונים מראים כי רוב התושבים (54%) מתכוונים להצביע בעד לגליזציה. כל הפרטים:  https://knb.is/2SvCxZy 	2.0
רבי מרדכי גראס ביים שאקלען ד' מינים ביי ר' שמעון בן יוחאי, וועלכע איז א געוויסע סגולה צו פטור ווערן פון מגיפות. pic.twitter.com/e8KYM4lDum	2.0
שוק ה #קנביס בקנדה לא מצליח להתרומם https://news.yahoo.com/cannabis-pandemic-sales-uptick-not-enough-save-struggling-012347069.html …	2.0
תיעוד: מגה מעבדת סמים ב-2 דירות בת&quot;א: נתפס מעל 50 ק&quot;ג קנאביס https://tinyurl.com/y79k39vh 	2.0
ואכן גנץ שמע ועשה את המהלך הנכון והחליף את יושב ראש הכנסת ...מה אתה אומר אדון קנביס https://twitter.com/barak_ehud/status/1242741394231476224 …	2.0
"אלפי מטופלי קנאביס מקבלים הודעות ספאם פרסומיות ב-SMS מחברת ""פנאקסיה"" בניגוד להוראות ""חוק הספאם"", מה שיכול להביא לתביעות בסך מיליוני ש""ח. מבדיקת המגזין עולה כי החברה אף לא מאבטחת כנדרש את איסוף הנתונים. תגובת החברה מתעלמת מהעובדות. לסיפור:  https://knb.is/3cmLxI6 "	2.0
פנטזי נטוורק קנאדורף(24%) הצלחה בפיתוח שיטת ריבוי צמחי קנאביס רפואי בטכנולוגיה של תרביות רקמה $FNTS http://maya.tase.co.il/m/1298382 	2.0
לאחר אישור ועדת השרים לחקיקה: צוות בין משרדי יתכנס ביום רביעי לבחינת הצעות החוק להסדרת אי-הפללת משתמשי קנאביס @ErelYuval	2.0
"פורסם דירוג Dun's 100 לסקטור עריכת הדין לשנת 2020  דירוג משרדי עוה""ד מחולק ל- 43 תחומי עיסוק. לראשונה מדורגים 4 תחומים נוספים: קנאביס רפואי  דיני צבא  תחבורה  וגישור  (דירוג אישי בפעם הראשונה בישראל). אז מי הם משרדי עוה""ד המובילים בישראל? https://www.calcalist.co.il/local/articles/0,7340,L-3817455,00.html …"	2.0
המשטרה עצרה אמש בזכרון יעקב תושב חיפה בן 23, כשישב באופן חשוד במכוניתו באחד החניונים בישוב, בחשד שהגיע לסחור בסמים. נתפסו עשרות שקיקי גראס ורכוש החשוד כגנוב. היום בבית משפט השלום בחדרה מבקשת המשטרה להאריך את מעצרו. @WallaNewspic.twitter.com/SnIX5DsPPg	2.0
אמא שלי ראתה את זה מרחוק ושאלו אותי אם זה גראס pic.twitter.com/6jkse046vi	2.0
יוניבו התקשרות בהסכם לפיו תרכוש מחוות טלקאן עד  3 של  טון קנאביס רפואי בשנה  $UNVOhttp://maya.tase.co.il/m/1308688 	2.0
"במהלך שידור לייב ושאלות צופים סירב ח""כ נפתלי בנט פעם נוספת להשיב לשאלות ""מדוע אתה נגד לגליזציה"" ו""האם אתה מבין שמשמעות התנגדותך היא תמיכה בפשע ובטרור"".  @naftalibennett ימין. חלש. @yeminaparty"	2.0
ועכשיו לחידה היומית, באיזו קבוצה ההודעה הבאה, טלגראס* או מנהלים בסופר פארם: למי יש קנאביס מגולגל T10C10 באיזור גדרה אשדוד אשקלון? *אני לא חבר באף קבוצת טלגראס.	2.0
"חובות כבדים של לבנון גרמו לה להיות המדינה הערבית הראשונה שמאפשרת לגליזציה לגידול קנאביס  בכירים בלבנון לאחרונה כינו את איכות המריחואנה הלבנונית כ""הטובה בעולם ""ומצפים שענף זה יניב הכנסה ממשלתית צפויה נוספת של מיליארד דולר לשנה ...   https://www.newsweek.com/can-lebanon-turn-drugs-money-minister-plan-cash-world-famous-cannabis-1012808 …"	2.0
"עוד סיכון חברתי בן 20 מלוד שלא הוציא רשיון, נצפה ""נוהג בצורה פרועה"", כדברי המשטרה, ברחובות העיר. מתחת למכסה המנוע היו 300 ג' קנאביס. סניגורו הכתיב לביהמש ""אין סיבה שעל 300 ג' אדם יהיה עצור. על תיק של נהיגה פרועה אף אחד לא יעצר"", אז ביהמש הבהיר שהלקוח שלו מסוכן, וכלא אותו ל-4 ימים"	2.0
"אלפי שתילי קנאביס נתפסו אתמול באזור הכפר ירכא בצפון. ""מהתפיסות הגדולות ביותר שהיו,"" מדווחים במשטרה. במקביל נתפסו כזכור 27,500 שתילים בדרום. וידאו ותמונות:  https://knb.is/2YwJi1h "	2.0
Nah..nak yahudi sgt מוזמנים לקריית הממשלה בתל אביב צומת עזריאלי נא להגיע בירוק  לגליזציה בישראל pic.twitter.com/xnEdRQKbVg	2.0
יוניבו הזמנת  קנאביס רפואי מקרסו פארמה קנדה  ליצור ושיווק מוצרי פרימיום $UNVOhttp://maya.tase.co.il/m/1308349 	2.0
לא תאמינו... מה המשותף                      לאהוד ברק                     איתן בן אליהו מפקד חי״א                     גדעון נחושתן מפקד חי״א                     ניצן אלון                     יוחנן דנינו מפכ״לים לשעבר יודעים? כולם מגדלים קנביס... אח״כ אל תשאלו למה השמאל מסומם	2.0
חממה עם כ-900 שתילי קנאביס אותרה במתחם בית בתל שבע – חשוד בן 23 נעצר https://all-world.news/57196/ 	2.0
"לפיד על מריחואנה: ""יש מספר שרים כמו מספר חולי הקורונה"""	2.0
אנו נרגשים מכך ש- Calmer® עוזר לאנשים עם הטינטון שלהם. https://www.flareaudio.com/pages/calmer-life …pic.twitter.com/ftbgd1f29t	2.0
צו ייצוא חופשי להסדרת ייצוא קנאביס רפואי נחתם היום http://dlvr.it/RWYXhn 	2.0
שמחות אין דער קאראנע-קריזיס - שמועס מיט משה אייזענבערג, יעקב שלמה גראס און שלמה יעקב וועבער. pic.twitter.com/bZGmznURkx	2.0
שמישהו יבקש מברק המלצות לזני קנביס הכי טובים. אפילו מהחברה שלו, שנדע על מה לבזבז	2.0
"בית משפט השלום בחיפה האריך עד יום שני הבא את מעצרו של שדאד גורבאן, חבר מועצת ג'סר א-זרקא לשעבר, בן 48, בחשד כי בתום עסקת סמים של חצי ק""ג קנאביס, ניסה להימלט ממחסום שפרסו בלשי היחידה המרכזית של מחוז חוף שעקבו אחר המתרחש, ותוך כך דרס ברכבו קצין משטרה ופצע אותו. @WallaNews"	2.0
"חיים רמון חוזר לקנאביס - יוביל פעילות מימון קנאביס פנאי בארה""ב - כלכליסט http://www.tmuna.info/ "	2.0
"הרבה מה""איגודים"" וה""התאחדויות"" הם המצאה מתוחכמת שנועדה לשרת אינטרסים מסחריים. הנה, ""הסתדרות"" הרוקחים שזינקה מול הרצון של קיש לאפשר מכירת קנביס ישר מהמגדלים. הרי הם יורשו למכור גם ברשתות. משמע, יותר רוקחים. אתם אמורים לצהול, אבל רואים לכם את רשתות הפארם מאחורי הגב. הסתדרות עלאק"	2.0
לדעתי זה סיגר קנאביס :-) https://twitter.com/antonia_yamin/status/1240574054962257920 …	2.0
תצייץ: עישנתי קנאביס אבל לא לקחתי לריאות	2.0
נחשפה מעבדה ובה 1275 שתילי קנאביס במשקל של כחצי טון בבניין משרדים בראשון לציון https://bit.ly/3k9AMgZ 	2.0
לקנאביס שהתיישן יש השפעה שונה מלקנאביס טרי והיא נובעת משינויים בריכוזי הקנבינואידים. THC בתפרחות קנאביס עלול לאבד עד כ-5% מערכו בכל חודש בממוצע. וגם - מה קורה ל-THC שהתיישן? מחקרים בדקו. כל הפרטים:  https://knb.is/3edOegM 	2.0
מדוע יש לחשיש השפעה יותר 'מועכת', מרדימה, ומרגיעה מזו של תפרחות קנאביס? ניתוח שערך מגזין קנאביס לתוצאות בדיקות מעבדה מרחבי העולם מראה כי סיבה אפשרית היא פערים אדירים בריכוז של שני קנבינואידים. ראו כאן:  https://knb.is/3ahIm3D 	2.0
כל מה שצריך כדי להחזיר לארץ את הזרים של הכדורסל ולחדש את הליגה זה לגליזציה	2.0
רק משתלות של קנביס. https://twitter.com/levydor/status/1243083395044950022 …	2.0
עישן קנאביס בגן משחקים – ותקף בסכין לאחר שהעירו לו על כך https://www.mivzaklive.co.il/archives/355269 	2.0
"היכן היה יריב לוין הדרעק המחליא, במקרים הרבים שבג""צ נתן מכה ללב של המדינה?  הלך לישון בפינוי עמונה?  עישן גראס במרתף של הכנסת,  כשהוחלט על הריסת ""חלק"" מהישוב אפרת?  לעס פטריות הזייה מתאילנד, כשבג""צ שכח שיש בני אדם בנתיב האבות?  אין לי ספק שגם כעת, יריב לוין לא מבין את מעשיו. https://twitter.com/liorchorev/status/1242060178360610816 …"	2.0
הפסיכיאטר המחוזי. נוני מעשן גראס. בזהירות עם קלונקס. תאשפזו אותו בתל השומר	2.0
אני מתחיל להיות ״פאלנטואוליג״ לא אוכל כלום, רק נושמים אוויר של שמש, ניקוטין, גראס, ציפרלקס, קסנאקס קצת במבה בגלל המאנצ׳ וזהו. אולי קצת פיצות וזהו.  נ.ב. חוץ מקרייבים רנדומליים, שבאים והולכים תכופות, פעם באיזה כמה שעות, שאז אני נכנס במקרר וזהו אני חושב.	2.0
היוש. אני לא עושה סמים בכלל מאז ומעולם כי אני מפחדת להתחרפן, מי רוצה לעשות לי סדר במושגים רק כדי שאבין על מה מדברים? מדברת על מריחואנה בצורותיה השונות,   השאר עוד יותר רחוק ואין סיכוי שאתקל	2.0
אתם בטח שואלים איך אסתר חיות יודעת הכל, מספורט, כיבוי אש, צבא ועד קנאביס ונגיפים. התשובה פשוטה: היא למדה משפטים 3.5 שנים. שם מלמדים אותם הכל מתחילת היקום ועד לרגע סיום הלימודים. אה והיא גם שרה בלהקה צבאית (להקת פיקוד מרכז!)	2.0
תזכרו את זה כל אלו שניגנבו מהפוליטיקאי ״הישר״ שבעד לגליזציה https://twitter.com/ynetalerts/status/1290958271432593413 …	2.0
אז בלבנון תהיה לגליזציה לפני ישראל? ספרו לי עוד על הווילה בג'ונגל שלכם.	2.0
בלשי המשטרה איתרו מעבדת הידרו לגידול סמים מסוג קנאביס בביתר עלית. נתפסו כ-120 שתילים מסוג קנאביס וזרעים וחומר החשוד כסם מסוג קנביס המוכן למכירה. בנוסף נתפס ציוד להפעלת המעבדה, מוצרי דישון, מאווררים, ועוד.  *כל חדשות המדיה* https://chat.whatsapp.com/D47fdJnOjnGCQp1ERzL1BT …	2.0
קורא כתבה על זה שבעקבות ייבוא של קנביס רפואי מקנדה יש חשש שהענף יקרוס תוך כדיי השמעת יללות בסגנון 'אוף לא פייר' מבכירים בענף. מוצא את עצמי מהרהר משהו כמו 'ובכן, אם הייתם מייצרים ברמה ובאיכות ובכמות הקנדית- אולי לא היו צריכים לייבא עכשיו?' 	2.0
מייק טיסון, מחזיק חווה לגידול קנאביס מרוויח חצי מיליון דולר בחודש  אחרי שהוא כבש בצעירותו את ענף האגרוף והפך לאלוף העולם במשקל כבד, מייק טייסון מתחיל לעסוק בחקלאות מגדל קנאביס Inside 'Iron' Mike Tyson's amazing cannabis empire that makes £500,000-per-month https://www.thesun.co.uk/sport/11309670/mike-tyson-cannabis-empire-ranch?utm_source=twitter&utm_medium=social&utm_campaign=sharebarweb …	2.0
"כתבה בערוץ 13 על קנביס רפואי בישראל, כרגיל על הענף השתלטו בכירי צה""ל והמשטרה לשעבר, הם בעלי המונופול כבר. כך ברכב לצבא, במזון, ביגוד הנעלה, חלקי חילוף, פינוי מיקוש, משאיות צלולות מטוסים ציוד אופטי, מדובר בעשרות מליארדים כל שנה, בקצה תמיד תמצאו גנרלים לבנים במי'ל מחלקים את השלל."	2.0
כמה אכיפת קנאביס יש בעיר שלכם? בדקו כאן:  https://knb.is/2Wv4mUk 	2.0
"כשהייתי בתיכון היה איזה בחור שחילק קופסאות גפרורים עם גראס לתלמידים, בהתחלה הוא היה נותן לך חינם, ואחרי פעם פעמיים הוא היה לוקח כסף. היה לו משפט קבוע כזה ""עזוב, עלי, אם תאהב תשלם"". אז הדיון בבג""ץ אתמול, אהבתם? היום תשלמו."	2.0
אחרי ברלין השר @AmirOhana החליט שאין לו מה להסתיר ושיתף את הטלפון שלו עם ספקי גראס. שאפו על הפתיחות!  #מותר?https://twitter.com/shaulig/status/1241358629573472256 …	2.0
אינטליקנה תספק קנאביס ל-IMC הישראלית שנסחרת בקנדה http://dlvr.it/RSNfvM 	2.0
גראס המשפטים https://twitter.com/shaulig/status/1241358629573472256 …	2.0
המשטרה איתרה 29 קילו מריחואנה בפתח תקווה https://bit.ly/2zACIwg 	2.0
מעבדה לגידול קנאביס אותרה בדירה בביתר https://beitarillit-online.com/27787 	2.0
אינטליקנה התקשרה בהסכם למכירת תפרחות קנאביס רפואי לחב'פוקוס,כפוף $INTLhttp://maya.tase.co.il/m/1285146 	2.0
הוצאתי החודש מעל 3,000 שקל על קנביס וסופר פארם (שזה כולל תרופות רגילות מן הסתם) איזה טירוף.	2.0
ינון לקחת גראס?, לך תעיד קודם כצלול, לאיש שאתה אחד מעדי התביעה נגדו ולאחר כל זאת פוסקי ההלכה יפסקו כאוות נפשך. https://twitter.com/YinonMagal/status/1263769479969939456 …	2.0
"קאנומד הסכם עם בית מרקחת לאספקת 800 קג תפרחות קנאביס במחיר 10 שח לגרם, כפוף לאישור היק""ר $CNMDhttp://maya.tase.co.il/m/1290725 "	2.0
יש ערימה של דשא על החבר׳ה: המשטרה פשטה היום על ״מעבדת קנאביס״ בקיבוץ משמרות. @WallaNews	2.0
שיח מדיקל התקשרות בהסכמי מסגרת למכ' קנאביס רפואי בבתי מרקחת $SEMG http://maya.tase.co.il/m/1304767 	2.0
הלוואי והחיים בלי קנאביס היו בדיוק כמו החיים עם קנאביס	2.0
"התשובה שלי לשאלה ""האם קנאביס רפואי יכול לטפל בפוסט טרואמה?"" https://he.quora.com/%D7%94%D7%90%D7%9D-%D7%A7%D7%A0%D7%90%D7%91%D7%99%D7%A1-%D7%A8%D7%A4%D7%95%D7%90%D7%99-%D7%99%D7%9B%D7%95%D7%9C-%D7%9C%D7%98%D7%A4%D7%9C-%D7%91%D7%A4%D7%95%D7%A1%D7%98-%D7%98%D7%A8%D7%95%D7%90%D7%9E%D7%94/answers/207361719?share=90680756 …"	2.0
"אנשים שלא יודעים לצלם מסך, הפוסט הזה עלה בקבוצה ""אני שולמן"" גם שמר כתבה ""איך לרדת לאישה"", גם תוכן פיראטי וגם חשף כנראה שהוא מגדל קנאביס. pic.twitter.com/DXw9qgsNY6"	2.0
אין גבול לצביעות של השר השתיין @bezalelsm חובב הסמים הנוזליים. מימין, לפני שנה: קנאביס דופק את המוח, ממכר לחוויה נוירופסיכוטית ומוביל לסמים קשים. משמאל, אתמול: יאללה סמים זה כיף. pic.twitter.com/IZ7uVRV434	2.0
לגליזציה? https://twitter.com/sport5il/status/1253999590375714816 …	2.0
למחוק קבוצות גראס למיניהן בטלגרם למי יש שיטה טובה?	2.0
"הייתה לי הזכות לשבת היום כשעה וחצי עם פרופ' ארי שמיס, שמסיים את תפקידו כמנכ""ל אסותא בעוד כחודש. הוא סיפר בצורה כנה ומעניינת על מערכת הבריאות בארץ, בארצות הברית, על ניהול בהיקפים כאלה וגם על קנאביס וטכנולוגיה. מהפרקים שהיה לי יותר כיף להקליט. @ishamisshttp://geekonomy.net/2020/05/13/geekonomy326/ …"	2.0
קנאביס במרשם: נחשפה התכנית לתיקון רפורמת הקנאביס הרפואי https://yigallavivblog.wordpress.com/2020/08/04/%d7%a7%d7%a0%d7%90%d7%91%d7%99%d7%a1-%d7%91%d7%9e%d7%a8%d7%a9%d7%9d-%d7%a0%d7%97%d7%a9%d7%a4%d7%94-%d7%94%d7%aa%d7%9b%d7%a0%d7%99%d7%aa-%d7%9c%d7%aa%d7%99%d7%a7%d7%95%d7%9f-%d7%a8%d7%a4%d7%95%d7%a8/ … דרך @yigallaviv	2.0
בנו בן ה-23 של סמכות תורנית וסמכות תזונתית מהישוב אור-הגנוז שליד צפת, נעצר אתמול אחהצ כשברכבו נמצאה כמות קנאביס שלא לשימוש עצמי, וככל הנראה נהג מסטול.  הוא נתפס כשיצא מיער בר-יוחאי, וטען כי הוא לא יודע איך הסמים הגיעו לרכבו. ביהמש לא קיבל את הטיעון הזה, והוא נכלא היום לעוד 4 ימים	2.0
זה יוכל להגיע עם: שנה טיפול בחינם לפוסט טראומתיים בלי צורך למרר לנו את החיים במיליון תהליכים שרק פוגעים יותר? בקידום רפורמת קנאביס רפואי שיאפשר שינה נורמאלית בלילה ומענק כספי ראוי שייקח בחשבון את המחיר האישי ששילם כל מי שהיה שם שנים? אם לא אני על האות שלי מוותר. הסתדרתי מצוין בלי https://twitter.com/naftalibennett/status/1250699513234427905 …	2.0
מומחים מעריכים: עישון מריחואנה מגביר סיכון לסיבוכים במקרה של הידבקות בנגיף https://www.mokednews.co.il/archives/380241 pic.twitter.com/730sl0do0j	2.0
במכשיר השמאלי - למון גראס במכשיר הימני - לאון ברידג'ס  אחלה שבת בבוקר  pic.twitter.com/hp9cXDAAyS	2.0
מעשן גראס>> פותח מחשב>> קורא את הכותרת הזאת>> נלחץ>> מעשן יותר גראס pic.twitter.com/C1OYtETmIi	2.0
"פרשת קפריסין: המדינה היחידה של הציונות הדתית לגידול מריחואנה עיכבה את יו""ר מועצת ירכא"	2.0
מבקשת עזרתכם, אם אתם מומחים לטלגרם, זה יעזור לי מאוד!  פעם אחת נכנסתי לקבוצה/ערוץ של ביטקוין או מה שלא מכנים את זה רק מתוך סקרנות. מאז אני מקבלת ים הודעות מתוך קבוצות של פשע, קוקאין מריחואנה אינדייה כרוניק, כסף מזוייף והכל עם שליח עד הבית! WTH? מוחקת מבטלת, חוסמת מדווחת ושוב פעם!	2.0
לא רק מזון ונייר טואלט, יש עוד דברים שצריך לארגן כדי להיערך לסגר: כמה היה לכם היום, אם לפני שלוש שנים הייתם משקיעים 100 אלף שקל באחת משלוש חברות קנאביס ישראליות? https://www.themarker.com/markets/.premium-1.8734064 …	2.0
המשטרה תפסה כ- 2000 שתילי קנאביס בשטחים הפתוחים שבנגב והשמידו אותם במקום https://all-world.news/52501/ pic.twitter.com/YTmQmsKipt	2.0
"פרסום: בנו של בכיר שב""ס גונדר אשר שריקי נעצר בשבוע שעבר על ידי משטרת ירושלים לאחר שגידל לכאורה בחצר ביתו 14 שתילי קנאביס במשקל ברוטו של מעל-18 ק""ג ובדירתו נמצאו לכאורה סמים מסוגים שונים.  בנו של שריקי שהה לילה במעצר ושוחרר על ידי בית המשפט למעצר בית מלא. החקירה נמשכת"	2.0
שני תושבי הצפון נעצרו בחשד לניהול חממה לגידול קנאביס https://www.mivzaklive.co.il/archives/354641 	2.0
סוף יום עבודה, עומדת ליד האוטו לעשן ג'וינט, להוריד מעליי את השבוע *עובר זוג* גבר: אפשר סיגריה? אני: אין לי, זה פייסל אישה: מה? אני: מריחואנה  אישה: סמים?! שימי שלא תעז לגעת בזה, הבנת?! אני: אל תדאגי, אין לי עוד1, ולא מעבירה מפה לפה שימי: שבת שלום לך אישה: אני אראה לך מזה שבת שלום	2.0
לאחר אישור ועדת השרים לחקיקה: צוות בין משרדי יתכנס ביום רביעי לבחינת הצעות החוק להסדרת אי-הפללת משתמשי קנאביס.	2.0
@Nehemia_GA @LiberalRiWo לגליזציה הייתה מכניסה לנו כמה כסף? לא כדאי שנילחם במיתון הקרב?	2.0
הפגנות בכיכר 2019 - ריח של גראס הפגנות בכיכר 2020 - ריח של אלכוג׳ל	2.0
חדש מקולגייט: משחת שיניים עם שמן זרעי קנאביס:  https://knb.is/3fryDuF 	2.0
